decision_block_steps,evaluation_threshold,seed,success,peak_goal_activation,useful_dwell_steps,switch_count
1,0.0005,1000,1,1.1131875923,116,5
1,0.0005,1001,1,0.9988738189,117,4
1,0.0005,1002,1,1.1046620358,100,5
1,0.0005,1003,1,0.8600917998,57,8
1,0.0005,1004,1,1.1011454733,60,7
1,0.0005,1005,1,1.1945367773,116,5
1,0.0005,1006,1,0.9888972526,67,5
1,0.0005,1007,1,1.1039589720,103,5
1,0.0005,1008,1,0.1007903999,4,12
1,0.0005,1009,1,0.1748513594,2,6
1,0.0005,1010,1,1.1851598290,117,4
1,0.0005,1011,1,0.7861305538,49,5
1,0.0005,1012,1,0.9308248030,69,8
1,0.0005,1013,1,1.1156330752,117,4
1,0.0005,1014,1,1.0591498008,105,5
1,0.0005,1015,1,1.1923191532,116,5
1,0.0005,1016,1,1.0715423526,83,5
1,0.0005,1017,1,0.9224663103,63,8
1,0.0005,1018,1,1.2039539483,117,4
1,0.0005,1019,1,1.1427510326,96,4
1,0.0005,1020,1,1.2142331345,117,4
1,0.0005,1021,1,1.0604512284,106,5
1,0.0005,1022,1,1.2594288167,116,5
1,0.0005,1023,1,1.1631301231,107,4
1,0.0005,1024,1,1.0627286414,116,5
1,0.0005,1025,1,1.1037393026,116,5
1,0.0005,1026,1,0.1228306582,4,11
1,0.0005,1027,1,1.2053189750,95,4
1,0.0005,1028,1,1.1369749820,114,8
1,0.0005,1029,1,1.1473634317,117,4
1,0.0005,1030,1,1.0284362168,95,5
1,0.0005,1031,1,0.2464879467,3,9
1,0.0005,1032,1,1.1897918738,117,4
1,0.0005,1033,1,0.9840285431,116,5
1,0.0005,1034,1,0.9316539277,66,4
1,0.0005,1035,1,0.9453873920,61,5
1,0.0005,1036,1,1.2053620154,116,5
1,0.0005,1037,1,0.3393557791,2,7
1,0.0005,1038,1,1.1445961708,116,5
1,0.0005,1039,1,0.0464282933,3,9
1,0.0005,1040,1,1.1782709241,116,5
1,0.0005,1041,1,1.1045272751,114,8
1,0.0005,1042,1,1.1570043733,117,4
1,0.0005,1043,1,1.0240714680,116,5
1,0.0005,1044,1,0.7566009975,45,8
1,0.0005,1045,1,1.1053443345,117,4
1,0.0005,1046,1,1.1634145745,103,5
1,0.0005,1047,1,1.0650835759,81,8
1,0.0005,1048,1,1.1307753269,116,5
1,0.0005,1049,1,1.0717387258,106,7
1,0.0005,1050,1,1.1937491604,117,4
1,0.0005,1051,1,1.1370620113,110,4
1,0.0005,1052,1,1.0925588583,116,5
1,0.0005,1053,1,1.0625450974,100,5
1,0.0005,1054,1,0.3480905776,2,6
1,0.0005,1055,1,1.1926173700,108,4
1,0.0005,1056,1,1.2557007224,108,4
1,0.0005,1057,1,1.0883039230,117,4
1,0.0005,1058,1,1.1146639134,117,4
1,0.0005,1059,1,1.1532985886,96,7
1,0.0005,1060,1,1.1001488415,106,4
1,0.0005,1061,1,0.3468990940,2,6
1,0.0005,1062,1,1.1655016195,109,5
1,0.0005,1063,1,1.2433000971,104,5
1,0.0005,1064,1,1.1023195348,117,4
1,0.0005,1065,1,0.3516680883,2,6
1,0.0005,1066,1,0.4218918405,2,6
1,0.0005,1067,1,1.2822315397,115,7
1,0.0005,1068,1,0.7239335561,2,7
1,0.0005,1069,1,1.0997736368,108,4
1,0.0005,1070,1,1.0628726998,116,5
1,0.0005,1071,1,1.3037943395,116,5
1,0.0005,1072,1,1.0773455068,117,4
1,0.0005,1073,1,1.0604235807,108,4
1,0.0005,1074,1,1.0653551864,115,7
1,0.0005,1075,1,1.2121772084,114,8
1,0.0005,1076,1,0.9477741500,64,5
1,0.0005,1077,1,0.9679407391,65,5
1,0.0005,1078,1,1.2411386610,116,5
1,0.0005,1079,1,1.1634431752,116,5
1,0.0005,1080,1,0.0204773655,4,12
1,0.0005,1081,1,1.0274919066,82,8
1,0.0005,1082,1,1.2438851701,115,7
1,0.0005,1083,1,1.2198937709,117,4
1,0.0005,1084,1,1.1330997703,115,7
1,0.0005,1085,1,0.2814080193,2,6
1,0.0005,1086,1,1.1464730044,116,5
1,0.0005,1087,1,1.2771467011,115,7
1,0.0005,1088,1,1.1054844825,115,7
1,0.0005,1089,1,1.1482982296,117,4
1,0.0005,1090,1,0.0417495571,3,9
1,0.0005,1091,1,0.1894904040,3,10
1,0.0005,1092,1,1.0831609674,100,7
1,0.0005,1093,1,1.0413598725,74,7
1,0.0005,1094,1,1.1465597991,115,7
1,0.0005,1095,1,1.1103361023,117,4
1,0.0005,1096,1,1.1777267823,105,5
1,0.0005,1097,1,0.9168410053,66,4
1,0.0005,1098,1,1.1580591069,109,4
1,0.0005,1099,1,1.0615794691,95,5
1,0.0005,1100,1,1.0655199150,108,4
1,0.0005,1101,1,1.2468965147,108,5
1,0.0005,1102,1,0.7562824888,55,7
1,0.0005,1103,1,1.1279749319,116,5
1,0.0005,1104,1,1.2343177835,117,4
1,0.0005,1105,1,0.0845946180,2,6
1,0.0005,1106,1,1.1179711049,117,4
1,0.0005,1107,1,1.1477394933,117,4
1,0.0005,1108,1,1.1602513890,100,5
1,0.0005,1109,1,0.0520874027,4,12
1,0.0005,1110,1,1.1248295434,107,5
1,0.0005,1111,1,1.1791288555,117,4
1,0.0005,1112,1,0.6926122730,39,10
1,0.0005,1113,1,1.2145238062,116,5
1,0.0005,1114,1,0.0818503345,3,9
1,0.0005,1115,1,0.9268630913,66,5
1,0.0005,1116,1,1.1155621299,117,4
1,0.0005,1117,1,0.3296239106,3,9
1,0.0005,1118,1,1.0139726761,61,5
1,0.0005,1119,1,1.2478117409,117,4
1,0.0005,1120,1,1.0391967485,117,4
1,0.0005,1121,1,1.0797801640,109,5
1,0.0005,1122,1,1.1882319825,114,8
1,0.0005,1123,1,1.1863307556,106,5
1,0.0005,1124,1,1.0410620674,115,7
1,0.0005,1125,1,0.1453887180,2,7
1,0.0005,1126,1,1.1111841773,114,8
1,0.0005,1127,1,0.9558358192,66,4
1,0.0005,1128,1,1.1065789425,108,4
1,0.0005,1129,1,1.0743266284,114,8
1,0.0005,1130,1,1.1780488191,116,5
1,0.0005,1131,1,0.6328518725,37,8
1,0.0005,1132,1,1.2033344033,109,4
1,0.0005,1133,1,1.1414694796,114,8
1,0.0005,1134,1,1.0436292520,99,5
1,0.0005,1135,1,0.1947605137,15,13
1,0.0005,1136,1,1.2155529461,114,8
1,0.0005,1137,1,0.1130040212,3,9
1,0.0005,1138,1,1.1758028210,93,4
1,0.0005,1139,1,1.0446102936,117,4
1,0.0005,1140,1,1.1230060592,117,4
1,0.0005,1141,1,0.1851405114,2,6
1,0.0005,1142,1,1.1527143487,108,4
1,0.0005,1143,1,0.0988771260,3,9
1,0.0005,1144,1,0.2460211336,4,11
1,0.0005,1145,1,1.1284975975,117,4
1,0.0005,1146,1,1.1303332827,115,7
1,0.0005,1147,1,1.0596805060,117,4
1,0.0005,1148,1,1.1695125430,115,7
1,0.0005,1149,1,1.1523161150,108,4
1,0.0005,1150,1,1.2198391245,117,4
1,0.0005,1151,1,1.2213179704,117,4
1,0.0005,1152,1,1.0610833859,87,8
1,0.0005,1153,1,1.2484939225,117,4
1,0.0005,1154,1,1.0315752377,115,7
1,0.0005,1155,1,1.2179212870,115,7
1,0.0005,1156,1,1.0973042304,116,5
1,0.0005,1157,1,1.0883619097,98,8
1,0.0005,1158,1,1.0083622577,115,7
1,0.0005,1159,1,1.1965072597,107,4
1,0.0005,1160,1,1.0682829906,109,4
1,0.0005,1161,1,1.0600966958,116,5
1,0.0005,1162,1,1.0086021165,115,7
1,0.0005,1163,1,0.1985311803,2,6
1,0.0005,1164,1,0.5765486177,23,8
1,0.0005,1165,1,0.6925777419,2,7
1,0.0005,1166,1,1.2158462143,114,8
1,0.0005,1167,1,1.1447420083,116,5
1,0.0005,1168,1,0.0918044577,3,9
1,0.0005,1169,1,1.0559809572,117,4
1,0.0005,1170,1,1.1521252552,116,5
1,0.0005,1171,1,1.0985812968,117,4
1,0.0005,1172,1,0.1356388688,2,6
1,0.0005,1173,1,1.0760322969,117,4
1,0.0005,1174,1,0.8202713159,55,11
1,0.0005,1175,1,0.9017865553,56,7
1,0.0005,1176,1,0.5253520759,29,8
1,0.0005,1177,1,1.1431533242,115,7
1,0.0005,1178,1,0.0491235157,5,14
1,0.0005,1179,1,1.0383824125,114,8
1,0.0005,1180,1,0.7435514146,49,10
1,0.0005,1181,1,1.1385845827,117,4
1,0.0005,1182,1,0.8216454043,55,5
1,0.0005,1183,1,1.0595691173,101,8
1,0.0005,1184,1,0.0970699857,3,9
1,0.0005,1185,1,1.0778585428,108,4
1,0.0005,1186,1,1.1865899857,100,5
1,0.0005,1187,1,0.7900612077,54,10
1,0.0005,1188,1,1.1961903145,114,8
1,0.0005,1189,1,1.1034872943,104,5
1,0.0005,1190,1,1.1285381904,104,5
1,0.0005,1191,1,0.8842981938,63,10
1,0.0005,1192,1,1.0631155509,117,4
1,0.0005,1193,1,1.1784176926,108,4
1,0.0005,1194,1,0.8493952042,63,11
1,0.0005,1195,1,0.9482137600,52,5
1,0.0005,1196,1,1.2080768574,116,5
1,0.0005,1197,1,0.9848680809,101,7
1,0.0005,1198,1,1.1105596278,108,4
1,0.0005,1199,1,0.9823308062,108,5
2,0.0005,1000,1,1.1132917280,116,2
2,0.0005,1001,1,0.9999037269,118,1
2,0.0005,1002,1,1.1264277288,116,2
2,0.0005,1003,1,1.1252792901,116,2
2,0.0005,1004,1,1.2315830468,118,1
2,0.0005,1005,1,1.1948815492,116,2
2,0.0005,1006,1,1.0689979642,110,2
2,0.0005,1007,1,1.1145101723,110,2
2,0.0005,1008,1,1.1730705352,106,2
2,0.0005,1009,1,1.1729023736,118,1
2,0.0005,1010,1,1.1860196495,118,1
2,0.0005,1011,1,1.0308615298,106,2
2,0.0005,1012,1,1.0904435892,106,2
2,0.0005,1013,1,1.1164149889,118,1
2,0.0005,1014,1,1.0628729132,116,2
2,0.0005,1015,1,1.1923972355,116,2
2,0.0005,1016,1,1.1304953731,116,2
2,0.0005,1017,1,1.1756599005,116,2
2,0.0005,1018,1,1.2046524401,118,1
2,0.0005,1019,1,1.1818362725,118,1
2,0.0005,1020,1,1.2150944547,118,1
2,0.0005,1021,1,1.0693000724,116,2
2,0.0005,1022,1,1.2595409305,116,2
2,0.0005,1023,1,1.1657639970,118,1
2,0.0005,1024,1,1.0634755727,116,2
2,0.0005,1025,1,1.1038446756,116,2
2,0.0005,1026,1,1.2310464421,118,1
2,0.0005,1027,1,1.2771391476,118,1
2,0.0005,1028,1,1.1402464830,116,2
2,0.0005,1029,1,1.1477799310,118,1
2,0.0005,1030,1,1.0429389407,106,2
2,0.0005,1031,1,1.1221827042,118,1
2,0.0005,1032,1,1.1906222075,118,1
2,0.0005,1033,1,0.9840674659,116,2
2,0.0005,1034,1,1.1002564114,118,1
2,0.0005,1035,1,1.1771834360,116,2
2,0.0005,1036,1,1.2062512912,116,2
2,0.0005,1037,1,1.2823355127,116,2
2,0.0005,1038,1,1.1453850381,116,2
2,0.0005,1039,1,1.0744294012,116,2
2,0.0005,1040,1,1.1786794591,116,2
2,0.0005,1041,1,1.1095785342,116,2
2,0.0005,1042,1,1.1577975652,118,1
2,0.0005,1043,1,1.0248135430,116,2
2,0.0005,1044,1,1.0723346137,116,2
2,0.0005,1045,1,1.1065316459,118,1
2,0.0005,1046,1,1.1951018539,116,2
2,0.0005,1047,1,1.1936957429,116,2
2,0.0005,1048,1,1.1308531858,116,2
2,0.0005,1049,1,1.0998668874,118,1
2,0.0005,1050,1,1.1943894273,118,1
2,0.0005,1051,1,1.1418575870,118,1
2,0.0005,1052,1,1.0930199162,116,2
2,0.0005,1053,1,1.0725607463,106,2
2,0.0005,1054,1,1.2454714000,118,1
2,0.0005,1055,1,1.2078105312,118,1
2,0.0005,1056,1,1.2636210964,118,1
2,0.0005,1057,1,1.0890807321,118,1
2,0.0005,1058,1,1.1160593630,118,1
2,0.0005,1059,1,1.2133699848,118,1
2,0.0005,1060,1,1.1117071892,118,1
2,0.0005,1061,1,1.1365782338,118,1
2,0.0005,1062,1,1.1791692009,116,2
2,0.0005,1063,1,1.2577687106,116,2
2,0.0005,1064,1,1.1031209013,118,1
2,0.0005,1065,1,0.3589184868,20,4
2,0.0005,1066,1,1.0835001476,118,1
2,0.0005,1067,1,1.2871516801,118,1
2,0.0005,1068,1,1.0866510618,110,2
2,0.0005,1069,1,1.1189311343,118,1
2,0.0005,1070,1,1.0629492320,116,2
2,0.0005,1071,1,1.3047404952,116,2
2,0.0005,1072,1,1.0780757177,118,1
2,0.0005,1073,1,1.0797622835,118,1
2,0.0005,1074,1,1.0705176873,118,1
2,0.0005,1075,1,1.2176265120,116,2
2,0.0005,1076,1,1.0607528627,116,2
2,0.0005,1077,1,1.0329091193,116,2
2,0.0005,1078,1,1.2419975745,116,2
2,0.0005,1079,1,1.1635166753,116,2
2,0.0005,1080,1,1.1761015433,116,2
2,0.0005,1081,1,1.1296405808,116,2
2,0.0005,1082,1,1.2496549982,118,1
2,0.0005,1083,1,1.2199437966,118,1
2,0.0005,1084,1,1.1381453497,118,1
2,0.0005,1085,1,1.1424932373,118,1
2,0.0005,1086,1,1.1470304503,116,2
2,0.0005,1087,1,1.2821423670,118,1
2,0.0005,1088,1,1.1103992675,118,1
2,0.0005,1089,1,1.1493189303,118,1
2,0.0005,1090,1,1.1017230843,110,2
2,0.0005,1091,1,1.2147135620,116,2
2,0.0005,1092,1,1.1253452356,118,1
2,0.0005,1093,1,1.2061913112,118,1
2,0.0005,1094,1,1.1515112642,118,1
2,0.0005,1095,1,1.1114893541,118,1
2,0.0005,1096,1,1.1829789165,116,2
2,0.0005,1097,1,1.0494302120,118,1
2,0.0005,1098,1,1.1698616269,118,1
2,0.0005,1099,1,1.0915850736,106,2
2,0.0005,1100,1,1.0858279950,118,1
2,0.0005,1101,1,1.2588354971,116,2
2,0.0005,1102,1,1.0155403040,118,1
2,0.0005,1103,1,1.1287272868,116,2
2,0.0005,1104,1,1.2347432639,118,1
2,0.0005,1105,1,1.0344643854,118,1
2,0.0005,1106,1,1.1185563261,118,1
2,0.0005,1107,1,1.1490459989,118,1
2,0.0005,1108,1,1.1766177639,106,2
2,0.0005,1109,1,1.2364129086,118,1
2,0.0005,1110,1,1.1415063008,116,2
2,0.0005,1111,1,1.1799913613,118,1
2,0.0005,1112,1,1.1677179336,118,1
2,0.0005,1113,1,1.2146154794,116,2
2,0.0005,1114,1,1.1156394666,116,2
2,0.0005,1115,1,1.0605281035,116,2
2,0.0005,1116,1,1.1164258477,118,1
2,0.0005,1117,1,1.0391785393,118,1
2,0.0005,1118,1,1.2350594759,112,2
2,0.0005,1119,1,1.2486400578,118,1
2,0.0005,1120,1,1.0399640610,118,1
2,0.0005,1121,1,1.0957086704,116,2
2,0.0005,1122,1,1.1939004259,116,2
2,0.0005,1123,1,1.1986350050,116,2
2,0.0005,1124,1,1.0461148660,118,1
2,0.0005,1125,1,1.2189503770,116,2
2,0.0005,1126,1,1.1160561226,116,2
2,0.0005,1127,1,1.0766489021,118,1
2,0.0005,1128,1,1.1259743885,118,1
2,0.0005,1129,1,1.0794419003,116,2
2,0.0005,1130,1,1.1784616025,116,2
2,0.0005,1131,1,1.1233857471,116,2
2,0.0005,1132,1,1.2145499911,118,1
2,0.0005,1133,1,1.1468280708,116,2
2,0.0005,1134,1,1.0549209939,106,2
2,0.0005,1135,1,1.0805807729,118,1
2,0.0005,1136,1,1.2211600584,116,2
2,0.0005,1137,1,1.1214728128,118,1
2,0.0005,1138,1,1.1964569284,118,1
2,0.0005,1139,1,1.0451092287,118,1
2,0.0005,1140,1,1.1242277404,118,1
2,0.0005,1141,1,1.1041009043,118,1
2,0.0005,1142,1,1.1697702742,118,1
2,0.0005,1143,1,1.2128891808,118,1
2,0.0005,1144,1,1.1517263735,118,1
2,0.0005,1145,1,1.1292218695,118,1
2,0.0005,1146,1,1.1358772126,118,1
2,0.0005,1147,1,1.0608351822,118,1
2,0.0005,1148,1,1.1751345546,118,1
2,0.0005,1149,1,1.1681202818,118,1
2,0.0005,1150,1,1.2207162781,118,1
2,0.0005,1151,1,1.2225627576,118,1
2,0.0005,1152,1,1.1665263140,116,2
2,0.0005,1153,1,1.2485470653,118,1
2,0.0005,1154,1,1.0361773090,118,1
2,0.0005,1155,1,1.2222719377,118,1
2,0.0005,1156,1,1.0980072963,116,2
2,0.0005,1157,1,1.1402445918,116,2
2,0.0005,1158,1,1.0133288717,118,1
2,0.0005,1159,1,1.1992420541,118,1
2,0.0005,1160,1,1.0705253246,118,1
2,0.0005,1161,1,1.0608037932,116,2
2,0.0005,1162,1,1.0132073189,118,1
2,0.0005,1163,1,1.2233537495,118,1
2,0.0005,1164,1,1.2855386574,116,2
2,0.0005,1165,1,1.0206714522,106,2
2,0.0005,1166,1,1.2208337801,116,2
2,0.0005,1167,1,1.1448526511,116,2
2,0.0005,1168,1,1.1141012079,116,2
2,0.0005,1169,1,1.0569120044,118,1
2,0.0005,1170,1,1.1521881914,116,2
2,0.0005,1171,1,1.0996841627,118,1
2,0.0005,1172,1,1.1817946988,118,1
2,0.0005,1173,1,1.0763937332,118,1
2,0.0005,1174,1,1.1820606592,116,2
2,0.0005,1175,1,1.1851471626,118,1
2,0.0005,1176,1,1.0692341217,116,2
2,0.0005,1177,1,1.1470912466,118,1
2,0.0005,1178,1,1.0796517264,118,1
2,0.0005,1179,1,1.0434494346,116,2
2,0.0005,1180,1,1.1314325372,118,1
2,0.0005,1181,1,1.1392355012,118,1
2,0.0005,1182,1,1.0384289713,106,2
2,0.0005,1183,1,1.0823456085,116,2
2,0.0005,1184,1,1.0592281978,106,2
2,0.0005,1185,1,1.0949011444,118,1
2,0.0005,1186,1,1.2141037813,106,2
2,0.0005,1187,1,1.1271518709,118,1
2,0.0005,1188,1,1.2016567796,116,2
2,0.0005,1189,1,1.1172536789,116,2
2,0.0005,1190,1,1.1480844177,116,2
2,0.0005,1191,1,1.1103309925,118,1
2,0.0005,1192,1,1.0631524008,118,1
2,0.0005,1193,1,1.1907475430,118,1
2,0.0005,1194,1,1.0898314205,116,2
2,0.0005,1195,1,1.1463163724,106,2
2,0.0005,1196,1,1.2088622141,116,2
2,0.0005,1197,1,1.0338133107,118,1
2,0.0005,1198,1,1.1131132618,118,1
2,0.0005,1199,1,0.9980554921,116,2
3,0.0005,1000,1,1.1109413017,114,2
3,0.0005,1001,1,0.9996072574,117,1
3,0.0005,1002,1,1.1103009581,102,2
3,0.0005,1003,1,1.1223151129,114,2
3,0.0005,1004,1,1.2310708720,117,1
3,0.0005,1005,1,1.1922952087,114,2
3,0.0005,1006,1,1.0602498527,102,2
3,0.0005,1007,1,1.0995296004,99,2
3,0.0005,1008,1,1.1393489761,96,2
3,0.0005,1009,1,1.1721766172,117,1
3,0.0005,1010,1,1.1852324943,117,1
3,0.0005,1011,1,1.0048750235,96,2
3,0.0005,1012,1,1.0627430010,96,2
3,0.0005,1013,1,1.1164054698,117,1
3,0.0005,1014,1,1.0581855420,102,2
3,0.0005,1015,1,1.1907816537,114,2
3,0.0005,1016,1,1.1289301341,114,2
3,0.0005,1017,1,1.1728343918,114,2
3,0.0005,1018,1,1.2046409804,117,1
3,0.0005,1019,1,1.1813117553,117,1
3,0.0005,1020,1,1.2143357371,117,1
3,0.0005,1021,1,1.0577149001,102,2
3,0.0005,1022,1,1.2578248384,114,2
3,0.0005,1023,1,1.1657536805,117,1
3,0.0005,1024,1,1.0607004913,114,2
3,0.0005,1025,1,1.1029436720,114,2
3,0.0005,1026,1,1.2303075979,117,1
3,0.0005,1027,1,1.2763616670,117,1
3,0.0005,1028,1,1.1383262928,114,2
3,0.0005,1029,1,1.1474475289,117,1
3,0.0005,1030,1,1.0315319605,96,2
3,0.0005,1031,1,1.1217063714,117,1
3,0.0005,1032,1,1.1906112835,117,1
3,0.0005,1033,1,0.9840100425,114,2
3,0.0005,1034,1,1.0995409311,117,1
3,0.0005,1035,1,1.1430578902,102,2
3,0.0005,1036,1,1.2053619693,114,2
3,0.0005,1037,1,1.2789951661,114,2
3,0.0005,1038,1,1.1433209506,114,2
3,0.0005,1039,1,1.0381344437,102,2
3,0.0005,1040,1,1.1774031941,114,2
3,0.0005,1041,1,1.1067595737,114,2
3,0.0005,1042,1,1.1577875494,117,1
3,0.0005,1043,1,1.0228493574,114,2
3,0.0005,1044,1,1.0695783118,114,2
3,0.0005,1045,1,1.1057993778,117,1
3,0.0005,1046,1,1.1943503368,114,2
3,0.0005,1047,1,1.1905515551,114,2
3,0.0005,1048,1,1.1298785826,114,2
3,0.0005,1049,1,1.0994015621,117,1
3,0.0005,1050,1,1.1938388324,117,1
3,0.0005,1051,1,1.1415611163,117,1
3,0.0005,1052,1,1.0903807841,114,2
3,0.0005,1053,1,1.0581121561,96,2
3,0.0005,1054,1,1.2447008766,117,1
3,0.0005,1055,1,1.2070718520,117,1
3,0.0005,1056,1,1.2633075149,117,1
3,0.0005,1057,1,1.0890714708,117,1
3,0.0005,1058,1,1.1153233775,117,1
3,0.0005,1059,1,1.2126295234,117,1
3,0.0005,1060,1,1.1113854785,117,1
3,0.0005,1061,1,1.1358032901,117,1
3,0.0005,1062,1,1.1764394391,114,2
3,0.0005,1063,1,1.2560394663,114,2
3,0.0005,1064,1,1.1023940302,117,1
3,0.0005,1065,1,1.0230838777,117,1
3,0.0005,1066,1,1.0827746947,117,1
3,0.0005,1067,1,1.2863554527,117,1
3,0.0005,1068,1,1.0550654488,99,2
3,0.0005,1069,1,1.1186100434,117,1
3,0.0005,1070,1,1.0607393672,114,2
3,0.0005,1071,1,1.3038228730,114,2
3,0.0005,1072,1,1.0780668886,117,1
3,0.0005,1073,1,1.0790554530,117,1
3,0.0005,1074,1,1.0698008635,117,1
3,0.0005,1075,1,1.2145933914,114,2
3,0.0005,1076,1,1.0456648058,102,2
3,0.0005,1077,1,1.0240327289,102,2
3,0.0005,1078,1,1.2386591212,114,2
3,0.0005,1079,1,1.1608639336,114,2
3,0.0005,1080,1,1.1732899027,114,2
3,0.0005,1081,1,1.1274651286,114,2
3,0.0005,1082,1,1.2488612489,117,1
3,0.0005,1083,1,1.2199321763,117,1
3,0.0005,1084,1,1.1374647851,117,1
3,0.0005,1085,1,1.1419717117,117,1
3,0.0005,1086,1,1.1450684106,114,2
3,0.0005,1087,1,1.2813104035,117,1
3,0.0005,1088,1,1.1097238105,117,1
3,0.0005,1089,1,1.1486360217,117,1
3,0.0005,1090,1,1.0817574934,102,2
3,0.0005,1091,1,1.2121218043,114,2
3,0.0005,1092,1,1.1246103661,117,1
3,0.0005,1093,1,1.2054003615,117,1
3,0.0005,1094,1,1.1507728706,117,1
3,0.0005,1095,1,1.1107935440,117,1
3,0.0005,1096,1,1.1762734870,102,2
3,0.0005,1097,1,1.0489551299,117,1
3,0.0005,1098,1,1.1692053595,117,1
3,0.0005,1099,1,1.0674233502,96,2
3,0.0005,1100,1,1.0851142125,117,1
3,0.0005,1101,1,1.2573009522,114,2
3,0.0005,1102,1,1.0148720514,117,1
3,0.0005,1103,1,1.1279418764,114,2
3,0.0005,1104,1,1.2343867767,117,1
3,0.0005,1105,1,1.0337583638,117,1
3,0.0005,1106,1,1.1182612844,117,1
3,0.0005,1107,1,1.1485343164,117,1
3,0.0005,1108,1,1.1528241331,96,2
3,0.0005,1109,1,1.2356295375,117,1
3,0.0005,1110,1,1.1400088165,114,2
3,0.0005,1111,1,1.1792186248,117,1
3,0.0005,1112,1,1.1669486771,117,1
3,0.0005,1113,1,1.2118732765,114,2
3,0.0005,1114,1,1.0820586510,102,2
3,0.0005,1115,1,1.0396949814,102,2
3,0.0005,1116,1,1.1156642250,117,1
3,0.0005,1117,1,1.0387196989,117,1
3,0.0005,1118,1,1.2120067254,102,2
3,0.0005,1119,1,1.2486281651,117,1
3,0.0005,1120,1,1.0392748456,117,1
3,0.0005,1121,1,1.0927763544,114,2
3,0.0005,1122,1,1.1906710420,114,2
3,0.0005,1123,1,1.1959756862,114,2
3,0.0005,1124,1,1.0454030674,117,1
3,0.0005,1125,1,1.2169596871,114,2
3,0.0005,1126,1,1.1132944218,114,2
3,0.0005,1127,1,1.0763131778,117,1
3,0.0005,1128,1,1.1252643261,117,1
3,0.0005,1129,1,1.0765791885,114,2
3,0.0005,1130,1,1.1756641703,114,2
3,0.0005,1131,1,1.1203074688,114,2
3,0.0005,1132,1,1.2139697653,117,1
3,0.0005,1133,1,1.1438873127,114,2
3,0.0005,1134,1,1.0411023576,96,2
3,0.0005,1135,1,1.0798568845,117,1
3,0.0005,1136,1,1.2180525390,114,2
3,0.0005,1137,1,1.1207369320,117,1
3,0.0005,1138,1,1.1964455735,117,1
3,0.0005,1139,1,1.0446561116,117,1
3,0.0005,1140,1,1.1234706395,117,1
3,0.0005,1141,1,1.1033704700,117,1
3,0.0005,1142,1,1.1690232233,117,1
3,0.0005,1143,1,1.2120856389,117,1
3,0.0005,1144,1,1.1509626461,117,1
3,0.0005,1145,1,1.1292122891,117,1
3,0.0005,1146,1,1.1351315914,117,1
3,0.0005,1147,1,1.0601384132,117,1
3,0.0005,1148,1,1.1743764339,117,1
3,0.0005,1149,1,1.1681093145,117,1
3,0.0005,1150,1,1.2199291846,117,1
3,0.0005,1151,1,1.2217994286,117,1
3,0.0005,1152,1,1.1634048964,114,2
3,0.0005,1153,1,1.2485345471,117,1
3,0.0005,1154,1,1.0355062003,117,1
3,0.0005,1155,1,1.2218045036,117,1
3,0.0005,1156,1,1.0960242707,114,2
3,0.0005,1157,1,1.1375882050,114,2
3,0.0005,1158,1,1.0126524588,117,1
3,0.0005,1159,1,1.1992308361,117,1
3,0.0005,1160,1,1.0705169804,117,1
3,0.0005,1161,1,1.0594815674,114,2
3,0.0005,1162,1,1.0125572195,117,1
3,0.0005,1163,1,1.2225644153,117,1
3,0.0005,1164,1,1.2832762490,114,2
3,0.0005,1165,1,0.9921567818,96,2
3,0.0005,1166,1,1.2185202857,114,2
3,0.0005,1167,1,1.1431934389,114,2
3,0.0005,1168,1,1.1112508813,114,2
3,0.0005,1169,1,1.0564396371,117,1
3,0.0005,1170,1,1.1498054964,114,2
3,0.0005,1171,1,1.0993647722,117,1
3,0.0005,1172,1,1.1812418611,117,1
3,0.0005,1173,1,1.0760936967,117,1
3,0.0005,1174,1,1.1788359663,114,2
3,0.0005,1175,1,1.1843948297,117,1
3,0.0005,1176,1,1.0666088633,114,2
3,0.0005,1177,1,1.1466003333,117,1
3,0.0005,1178,1,1.0789559751,117,1
3,0.0005,1179,1,1.0406025852,114,2
3,0.0005,1180,1,1.1307095545,117,1
3,0.0005,1181,1,1.1389054399,117,1
3,0.0005,1182,1,1.0134861730,96,2
3,0.0005,1183,1,1.0796788225,114,2
3,0.0005,1184,1,1.0384212591,96,2
3,0.0005,1185,1,1.0942003653,117,1
3,0.0005,1186,1,1.1733600015,96,2
3,0.0005,1187,1,1.1264258051,117,1
3,0.0005,1188,1,1.1986905660,114,2
3,0.0005,1189,1,1.1160487123,114,2
3,0.0005,1190,1,1.1459033077,114,2
3,0.0005,1191,1,1.1096020848,117,1
3,0.0005,1192,1,1.0631440977,117,1
3,0.0005,1193,1,1.1907363005,117,1
3,0.0005,1194,1,1.0874597925,114,2
3,0.0005,1195,1,1.1284513005,96,2
3,0.0005,1196,1,1.2074791614,114,2
3,0.0005,1197,1,1.0331040385,117,1
3,0.0005,1198,1,1.1131038071,117,1
3,0.0005,1199,1,0.9952987752,114,2
4,0.0005,1000,1,1.1078371457,112,2
4,0.0005,1001,1,0.9992564135,116,1
4,0.0005,1002,1,1.0895948631,92,2
4,0.0005,1003,1,1.1184987207,112,2
4,0.0005,1004,1,1.2304198076,116,1
4,0.0005,1005,1,1.1889812435,112,2
4,0.0005,1006,1,1.0472152446,92,2
4,0.0005,1007,1,1.0860384206,92,2
4,0.0005,1008,1,1.1062745297,88,2
4,0.0005,1009,1,1.1711361437,116,1
4,0.0005,1010,1,1.1841106389,116,1
4,0.0005,1011,1,0.9806054777,88,2
4,0.0005,1012,1,1.0345140905,88,2
4,0.0005,1013,1,1.1163739809,116,1
4,0.0005,1014,1,1.0502560176,92,2
4,0.0005,1015,1,1.1887677643,112,2
4,0.0005,1016,1,1.1268715811,112,2
4,0.0005,1017,1,1.1692041166,112,2
4,0.0005,1018,1,1.2046033763,116,1
4,0.0005,1019,1,1.1806063993,116,1
4,0.0005,1020,1,1.2132734537,116,1
4,0.0005,1021,1,1.0460607215,92,2
4,0.0005,1022,1,1.2555913777,112,2
4,0.0005,1023,1,1.1657194540,116,1
4,0.0005,1024,1,1.0570306681,112,2
4,0.0005,1025,1,1.1017958384,112,2
4,0.0005,1026,1,1.2293765987,116,1
4,0.0005,1027,1,1.2752427999,116,1
4,0.0005,1028,1,1.1360386912,112,2
4,0.0005,1029,1,1.1470300705,116,1
4,0.0005,1030,1,1.0198090976,88,2
4,0.0005,1031,1,1.1210852152,116,1
4,0.0005,1032,1,1.1905750794,116,1
4,0.0005,1033,1,0.9838838901,112,2
4,0.0005,1034,1,1.0985427440,116,1
4,0.0005,1035,1,1.1095098188,92,2
4,0.0005,1036,1,1.2040271033,112,2
4,0.0005,1037,1,1.2747392909,112,2
4,0.0005,1038,1,1.1407726439,112,2
4,0.0005,1039,1,1.0147548372,96,2
4,0.0005,1040,1,1.1757422108,112,2
4,0.0005,1041,1,1.1032253256,112,2
4,0.0005,1042,1,1.1577548619,116,1
4,0.0005,1043,1,1.0204051494,112,2
4,0.0005,1044,1,1.0660158159,112,2
4,0.0005,1045,1,1.1047527017,116,1
4,0.0005,1046,1,1.1932579845,112,2
4,0.0005,1047,1,1.1863237423,112,2
4,0.0005,1048,1,1.1284985695,112,2
4,0.0005,1049,1,1.0988189451,116,1
4,0.0005,1050,1,1.1931056760,116,1
4,0.0005,1051,1,1.1412116378,116,1
4,0.0005,1052,1,1.0869855971,112,2
4,0.0005,1053,1,1.0432601559,88,2
4,0.0005,1054,1,1.2435941953,116,1
4,0.0005,1055,1,1.2061632216,116,1
4,0.0005,1056,1,1.2629181757,116,1
4,0.0005,1057,1,1.0890406402,116,1
4,0.0005,1058,1,1.1142703077,116,1
4,0.0005,1059,1,1.2115744936,116,1
4,0.0005,1060,1,1.1109846311,116,1
4,0.0005,1061,1,1.1346951207,116,1
4,0.0005,1062,1,1.1731746821,112,2
4,0.0005,1063,1,1.2537025302,112,2
4,0.0005,1064,1,1.1013540979,116,1
4,0.0005,1065,1,1.0220622149,116,1
4,0.0005,1066,1,1.0817380638,116,1
4,0.0005,1067,1,1.2852162185,116,1
4,0.0005,1068,1,1.0303232194,92,2
4,0.0005,1069,1,1.1182367467,116,1
4,0.0005,1070,1,1.0579217168,112,2
4,0.0005,1071,1,1.3024591553,112,2
4,0.0005,1072,1,1.0780372881,116,1
4,0.0005,1073,1,1.0780481332,116,1
4,0.0005,1074,1,1.0687800728,116,1
4,0.0005,1075,1,1.2107111269,112,2
4,0.0005,1076,1,1.0297512448,92,2
4,0.0005,1077,1,1.0150793085,92,2
4,0.0005,1078,1,1.2342219312,112,2
4,0.0005,1079,1,1.1572509139,112,2
4,0.0005,1080,1,1.1696422747,112,2
4,0.0005,1081,1,1.1247041749,112,2
4,0.0005,1082,1,1.2477220528,116,1
4,0.0005,1083,1,1.2198937709,116,1
4,0.0005,1084,1,1.1366313784,116,1
4,0.0005,1085,1,1.1412808662,116,1
4,0.0005,1086,1,1.1426511124,112,2
4,0.0005,1087,1,1.2801184015,116,1
4,0.0005,1088,1,1.1089148066,116,1
4,0.0005,1089,1,1.1478081687,116,1
4,0.0005,1090,1,1.0485204429,92,2
4,0.0005,1091,1,1.2089309722,112,2
4,0.0005,1092,1,1.1235627908,116,1
4,0.0005,1093,1,1.2042685298,116,1
4,0.0005,1094,1,1.1497179693,116,1
4,0.0005,1095,1,1.1098003515,116,1
4,0.0005,1096,1,1.1655913520,92,2
4,0.0005,1097,1,1.0483361690,116,1
4,0.0005,1098,1,1.1683924343,116,1
4,0.0005,1099,1,1.0434975984,88,2
4,0.0005,1100,1,1.0840956694,116,1
4,0.0005,1101,1,1.2553218635,112,2
4,0.0005,1102,1,1.0139190130,116,1
4,0.0005,1103,1,1.1268403034,112,2
4,0.0005,1104,1,1.2339252326,116,1
4,0.0005,1105,1,1.0327710871,116,1
4,0.0005,1106,1,1.1179109022,116,1
4,0.0005,1107,1,1.1478720816,116,1
4,0.0005,1108,1,1.1294356439,88,2
4,0.0005,1109,1,1.2345049098,116,1
4,0.0005,1110,1,1.1381087900,112,2
4,0.0005,1111,1,1.1781135193,116,1
4,0.0005,1112,1,1.1658494285,116,1
4,0.0005,1113,1,1.2081600696,112,2
4,0.0005,1114,1,1.0475318396,92,2
4,0.0005,1115,1,1.0188176813,92,2
4,0.0005,1116,1,1.1146005268,116,1
4,0.0005,1117,1,1.0381159967,116,1
4,0.0005,1118,1,1.1804221399,92,2
4,0.0005,1119,1,1.2486122584,116,1
4,0.0005,1120,1,1.0382929889,116,1
4,0.0005,1121,1,1.0889968395,112,2
4,0.0005,1122,1,1.1863876269,112,2
4,0.0005,1123,1,1.1925915335,112,2
4,0.0005,1124,1,1.0443877618,116,1
4,0.0005,1125,1,1.2145306601,112,2
4,0.0005,1126,1,1.1098899132,112,2
4,0.0005,1127,1,1.0758882704,116,1
4,0.0005,1128,1,1.1242497098,116,1
4,0.0005,1129,1,1.0727966351,112,2
4,0.0005,1130,1,1.1719798419,112,2
4,0.0005,1131,1,1.1161837921,112,2
4,0.0005,1132,1,1.2132263329,116,1
4,0.0005,1133,1,1.1402602013,112,2
4,0.0005,1134,1,1.0266346279,88,2
4,0.0005,1135,1,1.0788221791,116,1
4,0.0005,1136,1,1.2142251803,112,2
4,0.0005,1137,1,1.1196842490,116,1
4,0.0005,1138,1,1.1964082912,116,1
4,0.0005,1139,1,1.0440705316,116,1
4,0.0005,1140,1,1.1223896639,116,1
4,0.0005,1141,1,1.1023296731,116,1
4,0.0005,1142,1,1.1679525871,116,1
4,0.0005,1143,1,1.2109357339,116,1
4,0.0005,1144,1,1.1498697624,116,1
4,0.0005,1145,1,1.1291806231,116,1
4,0.0005,1146,1,1.1340640878,116,1
4,0.0005,1147,1,1.0591460745,116,1
4,0.0005,1148,1,1.1732927375,116,1
4,0.0005,1149,1,1.1680735837,116,1
4,0.0005,1150,1,1.2188014763,116,1
4,0.0005,1151,1,1.2207112471,116,1
4,0.0005,1152,1,1.1593298558,112,2
4,0.0005,1153,1,1.2484945819,116,1
4,0.0005,1154,1,1.0345503970,116,1
4,0.0005,1155,1,1.2211990214,116,1
4,0.0005,1156,1,1.0934881859,112,2
4,0.0005,1157,1,1.1343085144,112,2
4,0.0005,1158,1,1.0117085156,116,1
4,0.0005,1159,1,1.1991945716,116,1
4,0.0005,1160,1,1.0704890041,116,1
4,0.0005,1161,1,1.0578012576,112,2
4,0.0005,1162,1,1.0116305081,116,1
4,0.0005,1163,1,1.2214356370,116,1
4,0.0005,1164,1,1.2804854733,112,2
4,0.0005,1165,1,0.9647097627,88,2
4,0.0005,1166,1,1.2156077919,112,2
4,0.0005,1167,1,1.1410579489,112,2
4,0.0005,1168,1,1.1074728632,112,2
4,0.0005,1169,1,1.0558236962,116,1
4,0.0005,1170,1,1.1466277478,112,2
4,0.0005,1171,1,1.0989753441,116,1
4,0.0005,1172,1,1.1805305810,116,1
4,0.0005,1173,1,1.0757439449,116,1
4,0.0005,1174,1,1.1745711017,112,2
4,0.0005,1175,1,1.1833188188,116,1
4,0.0005,1176,1,1.0632404209,112,2
4,0.0005,1177,1,1.1459424756,116,1
4,0.0005,1178,1,1.0779618728,116,1
4,0.0005,1179,1,1.0367904865,112,2
4,0.0005,1180,1,1.1296742504,116,1
4,0.0005,1181,1,1.1384992326,116,1
4,0.0005,1182,1,0.9888922145,88,2
4,0.0005,1183,1,1.0762648657,112,2
4,0.0005,1184,1,1.0165083774,88,2
4,0.0005,1185,1,1.0931981140,116,1
4,0.0005,1186,1,1.1334250085,88,2
4,0.0005,1187,1,1.1253870635,116,1
4,0.0005,1188,1,1.1948996601,112,2
4,0.0005,1189,1,1.1144680049,112,2
4,0.0005,1190,1,1.1434254740,112,2
4,0.0005,1191,1,1.1085604212,116,1
4,0.0005,1192,1,1.0631160203,116,1
4,0.0005,1193,1,1.1906994410,116,1
4,0.0005,1194,1,1.0844974838,112,2
4,0.0005,1195,1,1.1087922242,88,2
4,0.0005,1196,1,1.2057278723,112,2
4,0.0005,1197,1,1.0320961428,116,1
4,0.0005,1198,1,1.1130726140,116,1
4,0.0005,1199,1,0.9916546034,112,2
5,0.0005,1000,1,1.1041180307,110,2
5,0.0005,1001,1,0.9988056829,115,1
5,0.0005,1002,1,1.0709493718,85,2
5,0.0005,1003,1,1.1140073551,110,2
5,0.0005,1004,1,1.2296415064,115,1
5,0.0005,1005,1,1.1851530827,110,2
5,0.0005,1006,1,1.0360694827,85,2
5,0.0005,1007,1,1.0696507904,85,2
5,0.0005,1008,1,1.0672442891,80,2
5,0.0005,1009,1,1.1698092247,115,1
5,0.0005,1010,1,1.1827145895,115,1
5,0.0005,1011,1,0.9524646923,80,2
5,0.0005,1012,1,1.0007852208,80,2
5,0.0005,1013,1,1.1163147886,115,1
5,0.0005,1014,1,1.0420533055,85,2
5,0.0005,1015,1,1.1863130929,110,2
5,0.0005,1016,1,1.1245352107,110,2
5,0.0005,1017,1,1.1650479292,110,2
5,0.0005,1018,1,1.2045280825,115,1
5,0.0005,1019,1,1.1797295986,115,1
5,0.0005,1020,1,1.2119480612,115,1
5,0.0005,1021,1,1.0363297712,85,2
5,0.0005,1022,1,1.2528405455,110,2
5,0.0005,1023,1,1.1656557685,115,1
5,0.0005,1024,1,1.0526121439,110,2
5,0.0005,1025,1,1.1005824359,110,2
5,0.0005,1026,1,1.2282376097,115,1
5,0.0005,1027,1,1.2738115166,115,1
5,0.0005,1028,1,1.1332959861,110,2
5,0.0005,1029,1,1.1464895481,115,1
5,0.0005,1030,1,1.0056681925,80,2
5,0.0005,1031,1,1.1203140714,115,1
5,0.0005,1032,1,1.1905021800,115,1
5,0.0005,1033,1,0.9837060050,110,2
5,0.0005,1034,1,1.0973012763,115,1
5,0.0005,1035,1,1.0819581385,85,2
5,0.0005,1036,1,1.2022828757,110,2
5,0.0005,1037,1,1.2698698031,110,2
5,0.0005,1038,1,1.1378021767,110,2
5,0.0005,1039,1,0.9877573336,90,2
5,0.0005,1040,1,1.1738190084,110,2
5,0.0005,1041,1,1.0992255025,110,2
5,0.0005,1042,1,1.1576938857,115,1
5,0.0005,1043,1,1.0176044728,110,2
5,0.0005,1044,1,1.0618380822,110,2
5,0.0005,1045,1,1.1034208554,115,1
5,0.0005,1046,1,1.1918581155,110,2
5,0.0005,1047,1,1.1812524682,110,2
5,0.0005,1048,1,1.1268086211,110,2
5,0.0005,1049,1,1.0981106531,115,1
5,0.0005,1050,1,1.1921950027,115,1
5,0.0005,1051,1,1.1407858057,115,1
5,0.0005,1052,1,1.0830081234,110,2
5,0.0005,1053,1,1.0258780584,80,2
5,0.0005,1054,1,1.2421800045,115,1
5,0.0005,1055,1,1.2050685663,115,1
5,0.0005,1056,1,1.2624202411,115,1
5,0.0005,1057,1,1.0889801734,115,1
5,0.0005,1058,1,1.1129301045,115,1
5,0.0005,1059,1,1.2102560842,115,1
5,0.0005,1060,1,1.1104677894,115,1
5,0.0005,1061,1,1.1332839956,115,1
5,0.0005,1062,1,1.1695828777,110,2
5,0.0005,1063,1,1.2509651593,110,2
5,0.0005,1064,1,1.1000305567,115,1
5,0.0005,1065,1,1.0207653639,115,1
5,0.0005,1066,1,1.0804186188,115,1
5,0.0005,1067,1,1.2837931450,115,1
5,0.0005,1068,1,1.0017824389,85,2
5,0.0005,1069,1,1.1177624693,115,1
5,0.0005,1070,1,1.0547235171,110,2
5,0.0005,1071,1,1.3007749023,110,2
5,0.0005,1072,1,1.0779788167,115,1
5,0.0005,1073,1,1.0767945004,115,1
5,0.0005,1074,1,1.0675085861,115,1
5,0.0005,1075,1,1.2062754425,110,2
5,0.0005,1076,1,1.0157727038,85,2
5,0.0005,1077,1,1.0072943595,85,2
5,0.0005,1078,1,1.2288502524,110,2
5,0.0005,1079,1,1.1527701367,110,2
5,0.0005,1080,1,1.1654705938,110,2
5,0.0005,1081,1,1.1214821436,110,2
5,0.0005,1082,1,1.2462655282,115,1
5,0.0005,1083,1,1.2198164089,115,1
5,0.0005,1084,1,1.1356311633,115,1
5,0.0005,1085,1,1.1404238188,115,1
5,0.0005,1086,1,1.1398014126,110,2
5,0.0005,1087,1,1.2786364391,115,1
5,0.0005,1088,1,1.1079416072,115,1
5,0.0005,1089,1,1.1468118631,115,1
5,0.0005,1090,1,1.0195800545,85,2
5,0.0005,1091,1,1.2051336433,110,2
5,0.0005,1092,1,1.1222569088,115,1
5,0.0005,1093,1,1.2028315301,115,1
5,0.0005,1094,1,1.1483968652,115,1
5,0.0005,1095,1,1.1085612717,115,1
5,0.0005,1096,1,1.1555783387,85,2
5,0.0005,1097,1,1.0475718528,115,1
5,0.0005,1098,1,1.1674173862,115,1
5,0.0005,1099,1,1.0147001694,80,2
5,0.0005,1100,1,1.0828009754,115,1
5,0.0005,1101,1,1.2529969747,110,2
5,0.0005,1102,1,1.0127094505,115,1
5,0.0005,1103,1,1.1253829463,110,2
5,0.0005,1104,1,1.2333250010,115,1
5,0.0005,1105,1,1.0315423464,115,1
5,0.0005,1106,1,1.1174668161,115,1
5,0.0005,1107,1,1.1470641823,115,1
5,0.0005,1108,1,1.1012977292,80,2
5,0.0005,1109,1,1.2330688465,115,1
5,0.0005,1110,1,1.1360252497,110,2
5,0.0005,1111,1,1.1767105252,115,1
5,0.0005,1112,1,1.1644522096,115,1
5,0.0005,1113,1,1.2036321964,110,2
5,0.0005,1114,1,1.0188178041,85,2
5,0.0005,1115,1,1.0010011765,85,2
5,0.0005,1116,1,1.1132790914,115,1
5,0.0005,1117,1,1.0373664080,115,1
5,0.0005,1118,1,1.1534109105,85,2
5,0.0005,1119,1,1.2485836202,115,1
5,0.0005,1120,1,1.0370619647,115,1
5,0.0005,1121,1,1.0845448107,110,2
5,0.0005,1122,1,1.1812047393,110,2
5,0.0005,1123,1,1.1887547927,110,2
5,0.0005,1124,1,1.0430972651,115,1
5,0.0005,1125,1,1.2116135472,110,2
5,0.0005,1126,1,1.1061024397,110,2
5,0.0005,1127,1,1.0753425176,115,1
5,0.0005,1128,1,1.1229580433,115,1
5,0.0005,1129,1,1.0682628930,110,2
5,0.0005,1130,1,1.1675517887,110,2
5,0.0005,1131,1,1.1111727270,110,2
5,0.0005,1132,1,1.2123203137,115,1
5,0.0005,1133,1,1.1362125910,110,2
5,0.0005,1134,1,1.0091155186,80,2
5,0.0005,1135,1,1.0775066383,115,1
5,0.0005,1136,1,1.2099226976,110,2
5,0.0005,1137,1,1.1183440767,115,1
5,0.0005,1138,1,1.1963342520,115,1
5,0.0005,1139,1,1.0433458241,115,1
5,0.0005,1140,1,1.1210366663,115,1
5,0.0005,1141,1,1.1010575025,115,1
5,0.0005,1142,1,1.1665871027,115,1
5,0.0005,1143,1,1.2094729903,115,1
5,0.0005,1144,1,1.1484774136,115,1
5,0.0005,1145,1,1.1291173098,115,1
5,0.0005,1146,1,1.1327023015,115,1
5,0.0005,1147,1,1.0578878298,115,1
5,0.0005,1148,1,1.1719149102,115,1
5,0.0005,1149,1,1.1680071298,115,1
5,0.0005,1150,1,1.2173648369,115,1
5,0.0005,1151,1,1.2193477047,115,1
5,0.0005,1152,1,1.1545516478,110,2
5,0.0005,1153,1,1.2484146953,115,1
5,0.0005,1154,1,1.0333509778,115,1
5,0.0005,1155,1,1.2204695745,115,1
5,0.0005,1156,1,1.0905164574,110,2
5,0.0005,1157,1,1.1305887979,110,2
5,0.0005,1158,1,1.0105360388,115,1
5,0.0005,1159,1,1.1991271751,115,1
5,0.0005,1160,1,1.0704331351,115,1
5,0.0005,1161,1,1.0559669189,110,2
5,0.0005,1162,1,1.0104562338,115,1
5,0.0005,1163,1,1.2200231443,115,1
5,0.0005,1164,1,1.2772383411,110,2
5,0.0005,1165,1,0.9325277310,80,2
5,0.0005,1166,1,1.2123346123,110,2
5,0.0005,1167,1,1.1385111807,110,2
5,0.0005,1168,1,1.1029156312,110,2
5,0.0005,1169,1,1.0550549262,115,1
5,0.0005,1170,1,1.1427760006,110,2
5,0.0005,1171,1,1.0984723889,115,1
5,0.0005,1172,1,1.1796649765,115,1
5,0.0005,1173,1,1.0753175793,115,1
5,0.0005,1174,1,1.1694910495,110,2
5,0.0005,1175,1,1.1819505071,115,1
5,0.0005,1176,1,1.0593120110,110,2
5,0.0005,1177,1,1.1451221651,115,1
5,0.0005,1178,1,1.0766983175,115,1
5,0.0005,1179,1,1.0321848019,110,2
5,0.0005,1180,1,1.1283540431,115,1
5,0.0005,1181,1,1.1379723027,115,1
5,0.0005,1182,1,0.9595901279,80,2
5,0.0005,1183,1,1.0722166735,110,2
5,0.0005,1184,1,0.9895803184,80,2
5,0.0005,1185,1,1.0919206183,115,1
5,0.0005,1186,1,1.0874260841,80,2
5,0.0005,1187,1,1.1240618712,115,1
5,0.0005,1188,1,1.1904702100,110,2
5,0.0005,1189,1,1.1126628711,110,2
5,0.0005,1190,1,1.1405953493,110,2
5,0.0005,1191,1,1.1072347916,115,1
5,0.0005,1192,1,1.0630604723,115,1
5,0.0005,1193,1,1.1906261930,115,1
5,0.0005,1194,1,1.0811151344,110,2
5,0.0005,1195,1,1.0843342675,80,2
5,0.0005,1196,1,1.2037987516,110,2
5,0.0005,1197,1,1.0308419026,115,1
5,0.0005,1198,1,1.1130108969,115,1
5,0.0005,1199,1,0.9872760575,110,2
7,0.0005,1000,1,1.0953807715,106,2
7,0.0005,1001,1,0.9976339858,113,1
7,0.0005,1002,1,1.0478559552,78,2
7,0.0005,1003,1,1.1036156269,106,2
7,0.0005,1004,1,1.2278861119,113,1
7,0.0005,1005,1,1.1758408952,106,2
7,0.0005,1006,1,1.0075936005,71,2
7,0.0005,1007,1,1.0272877268,71,2
7,0.0005,1008,1,0.9710900655,64,2
7,0.0005,1009,1,1.1664067835,113,1
7,0.0005,1010,1,1.1791891360,113,1
7,0.0005,1011,1,0.8833519646,64,2
7,0.0005,1012,1,0.9154951419,64,2
7,0.0005,1013,1,1.1161048029,113,1
7,0.0005,1014,1,1.0190975366,71,2
7,0.0005,1015,1,1.1800752978,106,2
7,0.0005,1016,1,1.1107793026,99,2
7,0.0005,1017,1,1.1319345324,99,2
7,0.0005,1018,1,1.2042350250,113,1
7,0.0005,1019,1,1.1776496383,113,1
7,0.0005,1020,1,1.2086479804,113,1
7,0.0005,1021,1,1.0131219315,71,2
7,0.0005,1022,1,1.1840338721,85,2
7,0.0005,1023,1,1.1654353217,113,1
7,0.0005,1024,1,1.0419746660,106,2
7,0.0005,1025,1,1.0976864616,106,2
7,0.0005,1026,1,1.2255818931,113,1
7,0.0005,1027,1,1.2701059999,113,1
7,0.0005,1028,1,1.1265785521,106,2
7,0.0005,1029,1,1.1450898435,113,1
7,0.0005,1030,1,0.9697906761,64,2
7,0.0005,1031,1,1.1184187823,113,1
7,0.0005,1032,1,1.1902161556,113,1
7,0.0005,1033,1,0.9831551503,106,2
7,0.0005,1034,1,1.0942231953,113,1
7,0.0005,1035,1,1.0498022179,78,2
7,0.0005,1036,1,1.1978365147,106,2
7,0.0005,1037,1,1.1755319638,85,2
7,0.0005,1038,1,1.1307088255,106,2
7,0.0005,1039,1,0.9229637407,78,2
7,0.0005,1040,1,1.1577422794,99,2
7,0.0005,1041,1,1.0899426417,106,2
7,0.0005,1042,1,1.1574902870,113,1
7,0.0005,1043,1,1.0109270321,106,2
7,0.0005,1044,1,1.0524722018,106,2
7,0.0005,1045,1,1.0999984218,113,1
7,0.0005,1046,1,1.1882410937,106,2
7,0.0005,1047,1,1.1692517865,106,2
7,0.0005,1048,1,1.0803796916,85,2
7,0.0005,1049,1,1.0964172891,113,1
7,0.0005,1050,1,1.1900248903,113,1
7,0.0005,1051,1,1.1397699869,113,1
7,0.0005,1052,1,1.0738557979,106,2
7,0.0005,1053,1,0.9826913822,64,2
7,0.0005,1054,1,1.2385239651,113,1
7,0.0005,1055,1,1.2025222912,113,1
7,0.0005,1056,1,1.2611643309,113,1
7,0.0005,1057,1,1.0887409865,113,1
7,0.0005,1058,1,1.1094875443,113,1
7,0.0005,1059,1,1.2069196411,113,1
7,0.0005,1060,1,1.1091250612,113,1
7,0.0005,1061,1,1.1296581874,113,1
7,0.0005,1062,1,1.1613172023,106,2
7,0.0005,1063,1,1.2441823541,106,2
7,0.0005,1064,1,1.0966266839,113,1
7,0.0005,1065,1,1.0174502696,113,1
7,0.0005,1066,1,1.0770324436,113,1
7,0.0005,1067,1,1.2802966888,113,1
7,0.0005,1068,1,0.9330938737,71,2
7,0.0005,1069,1,1.1165787939,113,1
7,0.0005,1070,1,1.0469855418,106,2
7,0.0005,1071,1,1.2711755695,85,2
7,0.0005,1072,1,1.0777481681,113,1
7,0.0005,1073,1,1.0736291710,113,1
7,0.0005,1074,1,1.0643051950,113,1
7,0.0005,1075,1,1.1303009755,85,2
7,0.0005,1076,1,0.9982385966,78,2
7,0.0005,1077,1,0.9969917217,78,2
7,0.0005,1078,1,1.1891616433,99,2
7,0.0005,1079,1,1.0802546866,92,2
7,0.0005,1080,1,1.1555007761,106,2
7,0.0005,1081,1,1.1136741983,106,2
7,0.0005,1082,1,1.2425035860,113,1
7,0.0005,1083,1,1.2195120186,113,1
7,0.0005,1084,1,1.1333372736,113,1
7,0.0005,1085,1,1.1383763662,113,1
7,0.0005,1086,1,1.1328050898,106,2
7,0.0005,1087,1,1.2751089226,113,1
7,0.0005,1088,1,1.1056425431,113,1
7,0.0005,1089,1,1.1444882040,113,1
7,0.0005,1090,1,0.9465796595,71,2
7,0.0005,1091,1,1.1959661723,106,2
7,0.0005,1092,1,1.1189556022,113,1
7,0.0005,1093,1,1.1991724020,113,1
7,0.0005,1094,1,1.1451761178,113,1
7,0.0005,1095,1,1.1055352379,113,1
7,0.0005,1096,1,1.1422109506,78,2
7,0.0005,1097,1,1.0457396232,113,1
7,0.0005,1098,1,1.1652154160,113,1
7,0.0005,1099,1,0.9398409843,64,2
7,0.0005,1100,1,1.0794829201,113,1
7,0.0005,1101,1,1.2471268776,106,2
7,0.0005,1102,1,1.0096277478,113,1
7,0.0005,1103,1,1.1159066068,99,2
7,0.0005,1104,1,1.2317645283,113,1
7,0.0005,1105,1,1.0284847447,113,1
7,0.0005,1106,1,1.1163494547,113,1
7,0.0005,1107,1,1.1451742519,113,1
7,0.0005,1108,1,1.0622364330,71,2
7,0.0005,1109,1,1.2293618213,113,1
7,0.0005,1110,1,1.1311008979,106,2
7,0.0005,1111,1,1.1731368498,113,1
7,0.0005,1112,1,1.1608726577,113,1
7,0.0005,1113,1,1.1375642023,92,2
7,0.0005,1114,1,0.9855397185,78,2
7,0.0005,1115,1,0.9793469471,78,2
7,0.0005,1116,1,1.1099984451,113,1
7,0.0005,1117,1,1.0355405528,113,1
7,0.0005,1118,1,1.0864321960,71,2
7,0.0005,1119,1,1.2484686813,113,1
7,0.0005,1120,1,1.0340537426,113,1
7,0.0005,1121,1,1.0740929692,106,2
7,0.0005,1122,1,1.1688152329,106,2
7,0.0005,1123,1,1.1796815115,106,2
7,0.0005,1124,1,1.0397910351,113,1
7,0.0005,1125,1,1.2043850673,106,2
7,0.0005,1126,1,1.0973868548,106,2
7,0.0005,1127,1,1.0739395032,113,1
7,0.0005,1128,1,1.1196380483,113,1
7,0.0005,1129,1,1.0368385153,99,2
7,0.0005,1130,1,1.0592188530,85,2
7,0.0005,1131,1,1.0991090905,106,2
7,0.0005,1132,1,1.2102077643,113,1
7,0.0005,1133,1,1.1268618362,106,2
7,0.0005,1134,1,0.9846308406,71,2
7,0.0005,1135,1,1.0741308983,113,1
7,0.0005,1136,1,1.1389136706,85,2
7,0.0005,1137,1,1.1148994819,113,1
7,0.0005,1138,1,1.1960453180,113,1
7,0.0005,1139,1,1.0415702737,113,1
7,0.0005,1140,1,1.1177300140,113,1
7,0.0005,1141,1,1.0980223308,113,1
7,0.0005,1142,1,1.1630707984,113,1
7,0.0005,1143,1,1.2057155777,113,1
7,0.0005,1144,1,1.1448978456,113,1
7,0.0005,1145,1,1.1288688829,113,1
7,0.0005,1146,1,1.1291969540,113,1
7,0.0005,1147,1,1.0546865267,113,1
7,0.0005,1148,1,1.1684095944,113,1
7,0.0005,1149,1,1.1677757560,113,1
7,0.0005,1150,1,1.2136635570,113,1
7,0.0005,1151,1,1.2158857562,113,1
7,0.0005,1152,1,1.1209132810,99,2
7,0.0005,1153,1,1.2481021930,113,1
7,0.0005,1154,1,1.0304214775,113,1
7,0.0005,1155,1,1.2187733950,113,1
7,0.0005,1156,1,1.0833137612,106,2
7,0.0005,1157,1,1.1218451552,106,2
7,0.0005,1158,1,1.0076256732,113,1
7,0.0005,1159,1,1.1989030095,113,1
7,0.0005,1160,1,1.0702128874,113,1
7,0.0005,1161,1,1.0517534911,106,2
7,0.0005,1162,1,1.0074704230,113,1
7,0.0005,1163,1,1.2165448129,113,1
7,0.0005,1164,1,1.2693074374,106,2
7,0.0005,1165,1,0.8523982687,64,2
7,0.0005,1166,1,1.2045891743,106,2
7,0.0005,1167,1,1.1319921934,106,2
7,0.0005,1168,1,1.0919709496,106,2
7,0.0005,1169,1,1.0531392468,113,1
7,0.0005,1170,1,1.1335048393,106,2
7,0.0005,1171,1,1.0971667449,113,1
7,0.0005,1172,1,1.1776660240,113,1
7,0.0005,1173,1,1.0742989039,113,1
7,0.0005,1174,1,1.1577014448,106,2
7,0.0005,1175,1,1.1784571300,113,1
7,0.0005,1176,1,1.0500508704,106,2
7,0.0005,1177,1,1.1431326109,113,1
7,0.0005,1178,1,1.0734718152,113,1
7,0.0005,1179,1,1.0213204792,106,2
7,0.0005,1180,1,1.1249563865,113,1
7,0.0005,1181,1,1.1366005672,113,1
7,0.0005,1182,1,0.8849799979,64,2
7,0.0005,1183,1,1.0628372469,106,2
7,0.0005,1184,1,0.9521671761,71,2
7,0.0005,1185,1,1.0886360247,113,1
7,0.0005,1186,1,0.9790560492,64,2
7,0.0005,1187,1,1.1206519431,113,1
7,0.0005,1188,1,1.1801603611,106,2
7,0.0005,1189,1,1.1080370739,106,2
7,0.0005,1190,1,1.1210920533,99,2
7,0.0005,1191,1,1.1038314235,113,1
7,0.0005,1192,1,1.0628400674,113,1
7,0.0005,1193,1,1.1903403225,113,1
7,0.0005,1194,1,1.0730903867,106,2
7,0.0005,1195,1,1.0499641200,71,2
7,0.0005,1196,1,1.1991211996,106,2
7,0.0005,1197,1,1.0276951827,113,1
7,0.0005,1198,1,1.1127690541,113,1
7,0.0005,1199,1,0.9055241023,85,2
10,0.0005,1000,1,1.0798169664,100,2
10,0.0005,1001,1,0.9953897613,110,1
10,0.0005,1002,1,0.9735433151,60,2
10,0.0005,1003,1,1.0856660698,100,2
10,0.0005,1004,1,1.2249959184,110,1
10,0.0005,1005,1,1.1171440883,90,2
10,0.0005,1006,1,0.9756737790,60,2
10,0.0005,1007,1,0.9823666447,60,2
10,0.0005,1008,1,0.8612914412,50,2
10,0.0005,1009,1,1.1598618862,110,1
10,0.0005,1010,1,1.1724748132,110,1
10,0.0005,1011,1,0.8049991375,50,2
10,0.0005,1012,1,0.8169910027,50,2
10,0.0005,1013,1,1.1156335139,110,1
10,0.0005,1014,1,0.9911549602,60,2
10,0.0005,1015,1,1.1678282790,100,2
10,0.0005,1016,1,1.0742149832,80,2
10,0.0005,1017,1,1.0467594237,80,2
10,0.0005,1018,1,1.2033483427,110,1
10,0.0005,1019,1,1.1737226927,110,1
10,0.0005,1020,1,1.2024603974,110,1
10,0.0005,1021,1,0.9887993199,60,2
10,0.0005,1022,1,1.1136587590,70,2
10,0.0005,1023,1,1.1649716716,110,1
10,0.0005,1024,1,1.0228064186,100,2
10,0.0005,1025,1,1.0924632807,100,2
10,0.0005,1026,1,1.2207553182,110,1
10,0.0005,1027,1,1.2627799031,110,1
10,0.0005,1028,1,1.1137980381,100,2
10,0.0005,1029,1,1.1424985592,110,1
10,0.0005,1030,1,0.9277130888,50,2
10,0.0005,1031,1,1.1150796884,110,1
10,0.0005,1032,1,1.1893447742,110,1
10,0.0005,1033,1,0.9816023186,100,2
10,0.0005,1034,1,1.0885364763,110,1
10,0.0005,1035,1,0.9504252698,60,2
10,0.0005,1036,1,1.1892475954,100,2
10,0.0005,1037,1,1.0843079025,70,2
10,0.0005,1038,1,1.0941682794,90,2
10,0.0005,1039,1,0.8005316860,60,2
10,0.0005,1040,1,1.1144673144,80,2
10,0.0005,1041,1,1.0733165188,100,2
10,0.0005,1042,1,1.1570704656,110,1
10,0.0005,1043,1,0.9989066708,100,2
10,0.0005,1044,1,1.0367478745,100,2
10,0.0005,1045,1,1.0932574721,110,1
10,0.0005,1046,1,1.1813215895,100,2
10,0.0005,1047,1,1.1478732923,100,2
10,0.0005,1048,1,1.0320195666,70,2
10,0.0005,1049,1,1.0936122466,110,1
10,0.0005,1050,1,1.1860045388,110,1
10,0.0005,1051,1,1.1381505944,110,1
10,0.0005,1052,1,1.0579095745,100,2
10,0.0005,1053,1,0.9345818846,50,2
10,0.0005,1054,1,1.2312613288,110,1
10,0.0005,1055,1,1.1981313656,110,1
10,0.0005,1056,1,1.2590013869,110,1
10,0.0005,1057,1,1.0880228307,110,1
10,0.0005,1058,1,1.1027375614,110,1
10,0.0005,1059,1,1.2006858037,110,1
10,0.0005,1060,1,1.1065932304,110,1
10,0.0005,1061,1,1.1225110366,110,1
10,0.0005,1062,1,1.1468266742,100,2
10,0.0005,1063,1,1.2312804538,100,2
10,0.0005,1064,1,1.0899122773,110,1
10,0.0005,1065,1,1.0109899663,110,1
10,0.0005,1066,1,1.0703793839,110,1
10,0.0005,1067,1,1.2737754695,110,1
10,0.0005,1068,1,0.8662435988,60,2
10,0.0005,1069,1,1.1146355246,110,1
10,0.0005,1070,1,1.0326828505,100,2
10,0.0005,1071,1,1.2332060317,70,2
10,0.0005,1072,1,1.0770777265,110,1
10,0.0005,1073,1,1.0676214308,110,1
10,0.0005,1074,1,1.0581834735,110,1
10,0.0005,1075,1,1.0635039535,70,2
10,0.0005,1076,1,0.9417414183,60,2
10,0.0005,1077,1,0.9656578237,60,2
10,0.0005,1078,1,1.0896480554,80,2
10,0.0005,1079,1,0.9448800085,70,2
10,0.0005,1080,1,1.1374007430,100,2
10,0.0005,1081,1,1.0992057562,100,2
10,0.0005,1082,1,1.2350878630,110,1
10,0.0005,1083,1,1.2185848519,110,1
10,0.0005,1084,1,1.1294374016,110,1
10,0.0005,1085,1,1.1346325288,110,1
10,0.0005,1086,1,1.1195806708,100,2
10,0.0005,1087,1,1.2689219272,110,1
10,0.0005,1088,1,1.1017940234,110,1
10,0.0005,1089,1,1.1405119471,110,1
10,0.0005,1090,1,0.8732633331,60,2
10,0.0005,1091,1,1.1415274560,90,2
10,0.0005,1092,1,1.1126720356,110,1
10,0.0005,1093,1,1.1924232424,110,1
10,0.0005,1094,1,1.1392962580,110,1
10,0.0005,1095,1,1.1000042025,110,1
10,0.0005,1096,1,1.0996188046,60,2
10,0.0005,1097,1,1.0424991334,110,1
10,0.0005,1098,1,1.1613830247,110,1
10,0.0005,1099,1,0.8502526421,50,2
10,0.0005,1100,1,1.0729773447,110,1
10,0.0005,1101,1,1.2357723400,100,2
10,0.0005,1102,1,1.0037244558,110,1
10,0.0005,1103,1,1.0823223448,80,2
10,0.0005,1104,1,1.2288370119,110,1
10,0.0005,1105,1,1.0227601236,110,1
10,0.0005,1106,1,1.1143995219,110,1
10,0.0005,1107,1,1.1418977823,110,1
10,0.0005,1108,1,0.9389550951,50,2
10,0.0005,1109,1,1.2220147197,110,1
10,0.0005,1110,1,1.1222494848,100,2
10,0.0005,1111,1,1.1665129895,110,1
10,0.0005,1112,1,1.1540338186,110,1
10,0.0005,1113,1,1.0173087703,70,2
10,0.0005,1114,1,0.8828397237,60,2
10,0.0005,1115,1,0.9087628211,60,2
10,0.0005,1116,1,1.1039237318,110,1
10,0.0005,1117,1,1.0322484643,110,1
10,0.0005,1118,1,1.0180205938,60,2
10,0.0005,1119,1,1.2482132154,110,1
10,0.0005,1120,1,1.0285297985,110,1
10,0.0005,1121,1,1.0558239783,100,2
10,0.0005,1122,1,1.1006059328,90,2
10,0.0005,1123,1,1.1632981798,100,2
10,0.0005,1124,1,1.0333295221,110,1
10,0.0005,1125,1,1.1610199986,90,2
10,0.0005,1126,1,1.0563552138,90,2
10,0.0005,1127,1,1.0713322603,110,1
10,0.0005,1128,1,1.1131547248,110,1
10,0.0005,1129,1,0.9643107465,80,2
10,0.0005,1130,1,0.8838516856,60,2
10,0.0005,1131,1,1.0780583263,100,2
10,0.0005,1132,1,1.2065833136,110,1
10,0.0005,1133,1,1.0800447405,90,2
10,0.0005,1134,1,0.9109889508,50,2
10,0.0005,1135,1,1.0674938969,110,1
10,0.0005,1136,1,1.0761222539,70,2
10,0.0005,1137,1,1.1081100983,110,1
10,0.0005,1138,1,1.1952370730,110,1
10,0.0005,1139,1,1.0385039647,110,1
10,0.0005,1140,1,1.1116406922,110,1
10,0.0005,1141,1,1.0927218868,110,1
10,0.0005,1142,1,1.1561253951,110,1
10,0.0005,1143,1,1.1984347030,110,1
10,0.0005,1144,1,1.1378419764,110,1
10,0.0005,1145,1,1.1281139734,110,1
10,0.0005,1146,1,1.1222843696,110,1
10,0.0005,1147,1,1.0487354323,110,1
10,0.0005,1148,1,1.1619433186,110,1
10,0.0005,1149,1,1.1672678418,110,1
10,0.0005,1150,1,1.2064144181,110,1
10,0.0005,1151,1,1.2092719731,110,1
10,0.0005,1152,1,1.0377322970,80,2
10,0.0005,1153,1,1.2472456897,110,1
10,0.0005,1154,1,1.0250211560,110,1
10,0.0005,1155,1,1.2159540761,110,1
10,0.0005,1156,1,1.0455144523,90,2
10,0.0005,1157,1,1.1062434274,100,2
10,0.0005,1158,1,1.0022502443,110,1
10,0.0005,1159,1,1.1983736726,110,1
10,0.0005,1160,1,1.0695426047,110,1
10,0.0005,1161,1,1.0442949365,100,2
10,0.0005,1162,1,1.0019594300,110,1
10,0.0005,1163,1,1.2101324525,110,1
10,0.0005,1164,1,1.2255266239,90,2
10,0.0005,1165,1,0.7589775209,50,2
10,0.0005,1166,1,1.1907595786,100,2
10,0.0005,1167,1,1.1192143703,100,2
10,0.0005,1168,1,1.0332997383,90,2
10,0.0005,1169,1,1.0496514251,110,1
10,0.0005,1170,1,1.0816694344,90,2
10,0.0005,1171,1,1.0947543053,110,1
10,0.0005,1172,1,1.1741754595,110,1
10,0.0005,1173,1,1.0726566578,110,1
10,0.0005,1174,1,1.1363589426,100,2
10,0.0005,1175,1,1.1719619249,110,1
10,0.0005,1176,1,1.0329211400,100,2
10,0.0005,1177,1,1.1394356776,110,1
10,0.0005,1178,1,1.0672828334,110,1
10,0.0005,1179,1,1.0017444981,100,2
10,0.0005,1180,1,1.1182516222,110,1
10,0.0005,1181,1,1.1340003240,110,1
10,0.0005,1182,1,0.7988837921,50,2
10,0.0005,1183,1,1.0461514907,100,2
10,0.0005,1184,1,0.8348624425,50,2
10,0.0005,1185,1,1.0821661647,110,1
10,0.0005,1186,1,0.8630623784,50,2
10,0.0005,1187,1,1.1139273237,110,1
10,0.0005,1188,1,1.1620790216,100,2
10,0.0005,1189,1,1.0988186895,100,2
10,0.0005,1190,1,1.0736933993,80,2
10,0.0005,1191,1,1.0971503096,110,1
10,0.0005,1192,1,1.0621729769,110,1
10,0.0005,1193,1,1.1894761995,110,1
10,0.0005,1194,1,1.0585906773,100,2
10,0.0005,1195,1,0.9478408283,50,2
10,0.0005,1196,1,1.1765575203,90,2
10,0.0005,1197,1,1.0217680408,110,1
10,0.0005,1198,1,1.1121052252,110,1
10,0.0005,1199,1,0.8368904282,70,2
15,0.0005,1000,1,1.0485409547,90,2
15,0.0005,1001,1,0.9905447580,105,1
15,0.0005,1002,1,0.8048940685,30,2
15,0.0005,1003,1,1.0502567095,90,2
15,0.0005,1004,1,1.2192886899,105,1
15,0.0005,1005,1,0.9272330573,60,2
15,0.0005,1006,1,0.8151484025,30,2
15,0.0005,1007,1,0.8095093793,30,2
15,0.0005,1008,1,0.6352844980,30,2
15,0.0005,1009,1,1.1460056982,105,1
15,0.0005,1010,1,1.1588891104,105,1
15,0.0005,1011,1,0.6460226393,30,2
15,0.0005,1012,1,0.6102829946,30,2
15,0.0005,1013,1,1.1141769137,105,1
15,0.0005,1014,1,0.8501890789,30,2
15,0.0005,1015,1,1.1403243749,90,2
15,0.0005,1016,1,1.0119102485,60,2
15,0.0005,1017,1,0.9176495597,60,2
15,0.0005,1018,1,1.2004938825,105,1
15,0.0005,1019,1,1.1653698783,105,1
15,0.0005,1020,1,1.1898648013,105,1
15,0.0005,1021,1,0.9041564152,30,2
15,0.0005,1022,1,0.9281191493,45,2
15,0.0005,1023,1,1.1634704610,105,1
15,0.0005,1024,1,0.9847400579,90,2
15,0.0005,1025,1,1.0823174169,90,2
15,0.0005,1026,1,1.2107152989,105,1
15,0.0005,1027,1,1.2473207584,105,1
15,0.0005,1028,1,1.0858659778,90,2
15,0.0005,1029,1,1.1368038737,105,1
15,0.0005,1030,1,0.8432000145,30,2
15,0.0005,1031,1,1.1076535375,105,1
15,0.0005,1032,1,1.1865223087,105,1
15,0.0005,1033,1,0.9771619372,90,2
15,0.0005,1034,1,1.0775741444,105,1
15,0.0005,1035,1,0.6891067070,30,2
15,0.0005,1036,1,1.1705985417,90,2
15,0.0005,1037,1,0.8561531449,45,2
15,0.0005,1038,1,0.9711611751,60,2
15,0.0005,1039,1,0.6714713341,45,2
15,0.0005,1040,1,1.0478982282,60,2
15,0.0005,1041,1,1.0396250018,90,2
15,0.0005,1042,1,1.1558656512,105,1
15,0.0005,1043,1,0.9746546515,90,2
15,0.0005,1044,1,1.0062122417,90,2
15,0.0005,1045,1,1.0786875371,105,1
15,0.0005,1046,1,1.1659148371,90,2
15,0.0005,1047,1,1.1040604181,90,2
15,0.0005,1048,1,0.9121897205,45,2
15,0.0005,1049,1,1.0880294431,105,1
15,0.0005,1050,1,1.1775383699,105,1
15,0.0005,1051,1,1.1350159937,105,1
15,0.0005,1052,1,1.0263850388,90,2
15,0.0005,1053,1,0.8527664974,30,2
15,0.0005,1054,1,1.2155553534,105,1
15,0.0005,1055,1,1.1894901831,105,1
15,0.0005,1056,1,1.2544486418,105,1
15,0.0005,1057,1,1.0857112111,105,1
15,0.0005,1058,1,1.0885645523,105,1
15,0.0005,1059,1,1.1884990178,105,1
15,0.0005,1060,1,1.1008025988,105,1
15,0.0005,1061,1,1.1069647769,105,1
15,0.0005,1062,1,1.1170927270,90,2
15,0.0005,1063,1,1.2037103074,90,2
15,0.0005,1064,1,1.0753376419,105,1
15,0.0005,1065,1,0.9973987268,105,1
15,0.0005,1066,1,1.0559342265,105,1
15,0.0005,1067,1,1.2598634072,105,1
15,0.0005,1068,1,0.6022637561,30,2
15,0.0005,1069,1,1.1108283205,105,1
15,0.0005,1070,1,1.0028615518,90,2
15,0.0005,1071,1,1.1250339253,45,2
15,0.0005,1072,1,1.0752301267,105,1
15,0.0005,1073,1,1.0555335377,105,1
15,0.0005,1074,1,1.0455476567,105,1
15,0.0005,1075,1,0.9062200258,45,2
15,0.0005,1076,1,0.7735120065,30,2
15,0.0005,1077,1,0.8828745855,30,2
15,0.0005,1078,1,0.9424567010,60,2
15,0.0005,1079,1,0.7257768393,45,2
15,0.0005,1080,1,1.1002008503,90,2
15,0.0005,1081,1,1.0686311618,90,2
15,0.0005,1082,1,1.2191183579,105,1
15,0.0005,1083,1,1.2155872739,105,1
15,0.0005,1084,1,1.1217882069,105,1
15,0.0005,1085,1,1.1267671789,105,1
15,0.0005,1086,1,1.0910933863,90,2
15,0.0005,1087,1,1.2566234348,105,1
15,0.0005,1088,1,1.0942646735,105,1
15,0.0005,1089,1,1.1325547176,105,1
15,0.0005,1090,1,0.5702641167,30,2
15,0.0005,1091,1,0.9597058675,60,2
15,0.0005,1092,1,1.0999073946,105,1
15,0.0005,1093,1,1.1792896074,105,1
15,0.0005,1094,1,1.1269969378,105,1
15,0.0005,1095,1,1.0884556537,105,1
15,0.0005,1096,1,0.9611550358,30,2
15,0.0005,1097,1,1.0355397477,105,1
15,0.0005,1098,1,1.1538468540,105,1
15,0.0005,1099,1,0.6677634033,30,2
15,0.0005,1100,1,1.0594689697,105,1
15,0.0005,1101,1,1.2113192556,90,2
15,0.0005,1102,1,0.9915678026,105,1
15,0.0005,1103,1,1.0207496501,60,2
15,0.0005,1104,1,1.2224268144,105,1
15,0.0005,1105,1,1.0111450688,105,1
15,0.0005,1106,1,1.1102633696,105,1
15,0.0005,1107,1,1.1352628440,105,1
15,0.0005,1108,1,0.7520918589,30,2
15,0.0005,1109,1,1.2059776560,105,1
15,0.0005,1110,1,1.1043161589,90,2
15,0.0005,1111,1,1.1536101993,105,1
15,0.0005,1112,1,1.1405392151,105,1
15,0.0005,1113,1,0.8201558807,45,2
15,0.0005,1114,1,0.6169031858,30,2
15,0.0005,1115,1,0.6971379386,30,2
15,0.0005,1116,1,1.0921254036,105,1
15,0.0005,1117,1,1.0250556386,105,1
15,0.0005,1118,1,0.7234204641,30,2
15,0.0005,1119,1,1.2473850554,105,1
15,0.0005,1120,1,1.0172152515,105,1
15,0.0005,1121,1,1.0193815376,90,2
15,0.0005,1122,1,0.9040066804,60,2
15,0.0005,1123,1,1.1293798231,90,2
15,0.0005,1124,1,1.0198083908,105,1
15,0.0005,1125,1,1.0169541595,60,2
15,0.0005,1126,1,0.9407850497,60,2
15,0.0005,1127,1,1.0654714399,105,1
15,0.0005,1128,1,1.0997562853,105,1
15,0.0005,1129,1,0.8578821566,60,2
15,0.0005,1130,1,0.7389896475,45,2
15,0.0005,1131,1,1.0363530371,90,2
15,0.0005,1132,1,1.1993718070,105,1
15,0.0005,1133,1,0.9349483600,60,2
15,0.0005,1134,1,0.8071813908,30,2
15,0.0005,1135,1,1.0531196939,105,1
15,0.0005,1136,1,0.9244188528,45,2
15,0.0005,1137,1,1.0933605984,105,1
15,0.0005,1138,1,1.1930269522,105,1
15,0.0005,1139,1,1.0322216921,105,1
15,0.0005,1140,1,1.0991530003,105,1
15,0.0005,1141,1,1.0820064928,105,1
15,0.0005,1142,1,1.1410080683,105,1
15,0.0005,1143,1,1.1835979317,105,1
15,0.0005,1144,1,1.1224780746,105,1
15,0.0005,1145,1,1.1256772451,105,1
15,0.0005,1146,1,1.1072222743,105,1
15,0.0005,1147,1,1.0371575000,105,1
15,0.0005,1148,1,1.1493304267,105,1
15,0.0005,1149,1,1.1656880330,105,1
15,0.0005,1150,1,1.1913220369,105,1
15,0.0005,1151,1,1.1955745533,105,1
15,0.0005,1152,1,0.9127938440,60,2
15,0.0005,1153,1,1.2448012415,105,1
15,0.0005,1154,1,1.0139142120,105,1
15,0.0005,1155,1,1.2104634985,105,1
15,0.0005,1156,1,0.9209691080,60,2
15,0.0005,1157,1,1.0742276036,90,2
15,0.0005,1158,1,0.9918369753,105,1
15,0.0005,1159,1,1.1967454132,105,1
15,0.0005,1160,1,1.0673707315,105,1
15,0.0005,1161,1,1.0299463898,90,2
15,0.0005,1162,1,0.9913766207,105,1
15,0.0005,1163,1,1.1967579598,105,1
15,0.0005,1164,1,1.0705399305,60,2
15,0.0005,1165,1,0.5657631759,30,2
15,0.0005,1166,1,1.1631051519,90,2
15,0.0005,1167,1,1.0914559593,90,2
15,0.0005,1168,1,0.9561362473,75,2
15,0.0005,1169,1,1.0420153532,105,1
15,0.0005,1170,1,0.9495991106,60,2
15,0.0005,1171,1,1.0893333856,105,1
15,0.0005,1172,1,1.1670572259,105,1
15,0.0005,1173,1,1.0695588943,105,1
15,0.0005,1174,1,1.0923996254,90,2
15,0.0005,1175,1,1.1592012238,105,1
15,0.0005,1176,1,0.9972000992,90,2
15,0.0005,1177,1,1.1314506049,105,1
15,0.0005,1178,1,1.0545886096,105,1
15,0.0005,1179,1,0.9610588849,90,2
15,0.0005,1180,1,1.1037045443,105,1
15,0.0005,1181,1,1.1282250587,105,1
15,0.0005,1182,1,0.6312680866,30,2
15,0.0005,1183,1,1.0115899722,90,2
15,0.0005,1184,1,0.6524134441,30,2
15,0.0005,1185,1,1.0681086411,105,1
15,0.0005,1186,1,0.6456283963,30,2
15,0.0005,1187,1,1.0993192329,105,1
15,0.0005,1188,1,1.1269704644,90,2
15,0.0005,1189,1,1.0783779527,90,2
15,0.0005,1190,1,0.9958549394,60,2
15,0.0005,1191,1,1.0833432492,105,1
15,0.0005,1192,1,1.0600405159,105,1
15,0.0005,1193,1,1.1866953918,105,1
15,0.0005,1194,1,1.0287560818,90,2
15,0.0005,1195,1,0.8205947062,30,2
15,0.0005,1196,1,1.1060354784,60,2
15,0.0005,1197,1,1.0102979767,105,1
15,0.0005,1198,1,1.1103881851,105,1
15,0.0005,1199,1,0.6834286766,45,2
20,0.0005,1000,1,1.0104120640,80,2
20,0.0005,1001,1,0.9842387651,100,1
20,0.0005,1002,1,0.7185977114,20,2
20,0.0005,1003,1,0.8975754879,60,2
20,0.0005,1004,1,1.2127599679,100,1
20,0.0005,1005,1,0.7293938911,40,2
20,0.0005,1006,1,0.6791733336,20,2
20,0.0005,1007,1,0.7112370163,20,2
20,0.0005,1008,1,0.2285286636,0,1
20,0.0005,1009,1,1.1297326349,100,1
20,0.0005,1010,1,1.1437249383,100,1
20,0.0005,1011,1,0.2255493009,0,1
20,0.0005,1012,1,0.2248475249,0,1
20,0.0005,1013,1,1.1120200397,100,1
20,0.0005,1014,1,0.1610008892,0,1
20,0.0005,1015,1,1.1033107181,80,2
20,0.0005,1016,1,0.9218991514,40,2
20,0.0005,1017,1,0.7324727276,40,2
20,0.0005,1018,1,1.1958336981,100,1
20,0.0005,1019,1,1.1553602616,100,1
20,0.0005,1020,1,1.1753468654,100,1
20,0.0005,1021,1,0.1520053121,0,1
20,0.0005,1022,1,0.5461931897,20,2
20,0.0005,1023,1,1.1610808408,100,1
20,0.0005,1024,1,0.9391269135,80,2
20,0.0005,1025,1,1.0703744008,80,2
20,0.0005,1026,1,1.1986967122,100,1
20,0.0005,1027,1,1.2293765414,100,1
20,0.0005,1028,1,1.0489335541,80,2
20,0.0005,1029,1,1.1296036648,100,1
20,0.0005,1030,1,0.2290081496,0,1
20,0.0005,1031,1,1.0982277661,100,1
20,0.0005,1032,1,1.1818627973,100,1
20,0.0005,1033,1,0.9704418479,80,2
20,0.0005,1034,1,1.0652970742,100,1
20,0.0005,1035,1,0.5328474508,20,2
20,0.0005,1036,1,1.1471434850,80,2
20,0.0005,1037,1,0.4560582989,20,2
20,0.0005,1038,1,0.8268215452,40,2
20,0.0005,1039,1,0.3686971350,20,2
20,0.0005,1040,1,0.9592006755,40,2
20,0.0005,1041,1,0.9977153759,80,2
20,0.0005,1042,1,1.1542946224,100,1
20,0.0005,1043,1,0.9445849063,80,2
20,0.0005,1044,1,0.9692408465,80,2
20,0.0005,1045,1,1.0616612477,100,1
20,0.0005,1046,1,1.1457027388,80,2
20,0.0005,1047,1,1.0498427408,80,2
20,0.0005,1048,1,0.7186694904,20,2
20,0.0005,1049,1,1.0815093791,100,1
20,0.0005,1050,1,1.1674690534,100,1
20,0.0005,1051,1,1.1312959484,100,1
20,0.0005,1052,1,0.9884686625,80,2
20,0.0005,1053,1,0.2484274550,0,1
20,0.0005,1054,1,1.1967498833,100,1
20,0.0005,1055,1,1.1796652610,100,1
20,0.0005,1056,1,1.2490335259,100,1
20,0.0005,1057,1,1.0819427657,100,1
20,0.0005,1058,1,1.0722311385,100,1
20,0.0005,1059,1,1.1741900872,100,1
20,0.0005,1060,1,1.0931865088,100,1
20,0.0005,1061,1,1.0882721121,100,1
20,0.0005,1062,1,1.0788548665,80,2
20,0.0005,1063,1,1.1682400879,80,2
20,0.0005,1064,1,1.0577618964,100,1
20,0.0005,1065,1,0.9816282574,100,1
20,0.0005,1066,1,1.0383368119,100,1
20,0.0005,1067,1,1.2428874075,100,1
20,0.0005,1068,1,0.1776242464,0,1
20,0.0005,1069,1,1.1063446860,100,1
20,0.0005,1070,1,0.9652861123,80,2
20,0.0005,1071,1,0.8755591583,20,2
20,0.0005,1072,1,1.0724655422,100,1
20,0.0005,1073,1,1.0421236013,100,1
20,0.0005,1074,1,1.0311959251,100,1
20,0.0005,1075,1,0.6279897477,20,2
20,0.0005,1076,1,0.6472190428,20,2
20,0.0005,1077,1,0.8213254163,20,2
20,0.0005,1078,1,0.7380876585,40,2
20,0.0005,1079,1,0.3786380471,20,2
20,0.0005,1080,1,1.0536591589,80,2
20,0.0005,1081,1,1.0295372386,80,2
20,0.0005,1082,1,1.2004875091,100,1
20,0.0005,1083,1,1.2106472168,100,1
20,0.0005,1084,1,1.1131111346,100,1
20,0.0005,1085,1,1.1174421892,100,1
20,0.0005,1086,1,1.0540846685,80,2
20,0.0005,1087,1,1.2425371712,100,1
20,0.0005,1088,1,1.0856943978,100,1
20,0.0005,1089,1,1.1234358087,100,1
20,0.0005,1090,1,0.4050150138,20,2
20,0.0005,1091,1,0.7600608226,40,2
20,0.0005,1092,1,1.0852972787,100,1
20,0.0005,1093,1,1.1642006003,100,1
20,0.0005,1094,1,1.1120620439,100,1
20,0.0005,1095,1,1.0746348031,100,1
20,0.0005,1096,1,0.8528064618,20,2
20,0.0005,1097,1,1.0270014145,100,1
20,0.0005,1098,1,1.1452939523,100,1
20,0.0005,1099,1,0.2257202130,0,1
20,0.0005,1100,1,1.0441046806,100,1
20,0.0005,1101,1,1.1803675328,80,2
20,0.0005,1102,1,0.9779802541,100,1
20,0.0005,1103,1,0.9266897871,40,2
20,0.0005,1104,1,1.2144663605,100,1
20,0.0005,1105,1,0.9978244907,100,1
20,0.0005,1106,1,1.1051268604,100,1
20,0.0005,1107,1,1.1275851537,100,1
20,0.0005,1108,1,0.2229836005,0,1
20,0.0005,1109,1,1.1869986458,100,1
20,0.0005,1110,1,1.0819122739,80,2
20,0.0005,1111,1,1.1388487513,100,1
20,0.0005,1112,1,1.1246345548,100,1
20,0.0005,1113,1,0.4912275897,20,2
20,0.0005,1114,1,0.4623810510,20,2
20,0.0005,1115,1,0.5599340396,20,2
20,0.0005,1116,1,1.0792078230,100,1
20,0.0005,1117,1,1.0160981843,100,1
20,0.0005,1118,1,0.1332471418,0,1
20,0.0005,1119,1,1.2459766476,100,1
20,0.0005,1120,1,1.0038403923,100,1
20,0.0005,1121,1,0.9751754306,80,2
20,0.0005,1122,1,0.7212605596,40,2
20,0.0005,1123,1,0.9685857944,60,2
20,0.0005,1124,1,1.0042391490,100,1
20,0.0005,1125,1,0.8591789453,40,2
20,0.0005,1126,1,0.8166926673,40,2
20,0.0005,1127,1,1.0578770019,100,1
20,0.0005,1128,1,1.0836473200,100,1
20,0.0005,1129,1,0.7055415195,40,2
20,0.0005,1130,1,0.3847663222,20,2
20,0.0005,1131,1,0.9858262005,80,2
20,0.0005,1132,1,1.1912409988,100,1
20,0.0005,1133,1,0.7829780955,40,2
20,0.0005,1134,1,0.2250071629,0,1
20,0.0005,1135,1,1.0359874962,100,1
20,0.0005,1136,1,0.6538937809,20,2
20,0.0005,1137,1,1.0758393689,100,1
20,0.0005,1138,1,1.1899814803,100,1
20,0.0005,1139,1,1.0248732483,100,1
20,0.0005,1140,1,1.0842974696,100,1
20,0.0005,1141,1,1.0694739391,100,1
20,0.0005,1142,1,1.1232176606,100,1
20,0.0005,1143,1,1.1657760803,100,1
20,0.0005,1144,1,1.1041561400,100,1
20,0.0005,1145,1,1.1216867019,100,1
20,0.0005,1146,1,1.0888636093,100,1
20,0.0005,1147,1,1.0236545349,100,1
20,0.0005,1148,1,1.1347586858,100,1
20,0.0005,1149,1,1.1633413605,100,1
20,0.0005,1150,1,1.1731123384,100,1
20,0.0005,1151,1,1.1793493728,100,1
20,0.0005,1152,1,0.7373407523,40,2
20,0.0005,1153,1,1.2411773554,100,1
20,0.0005,1154,1,1.0005267470,100,1
20,0.0005,1155,1,1.2043147175,100,1
20,0.0005,1156,1,0.7785034124,40,2
20,0.0005,1157,1,1.0338498303,80,2
20,0.0005,1158,1,0.9801117128,100,1
20,0.0005,1159,1,1.1944016164,100,1
20,0.0005,1160,1,1.0637948267,100,1
20,0.0005,1161,1,1.0136662011,80,2
20,0.0005,1162,1,0.9793075340,100,1
20,0.0005,1163,1,1.1806773939,100,1
20,0.0005,1164,1,0.8902855785,40,2
20,0.0005,1165,1,0.2251859415,0,1
20,0.0005,1166,1,1.1294064936,80,2
20,0.0005,1167,1,0.9689601052,60,2
20,0.0005,1168,1,0.6765458915,40,2
20,0.0005,1169,1,1.0324254339,100,1
20,0.0005,1170,1,0.8284028620,40,2
20,0.0005,1171,1,1.0821378674,100,1
20,0.0005,1172,1,1.1586991545,100,1
20,0.0005,1173,1,1.0659619850,100,1
20,0.0005,1174,1,1.0375605088,80,2
20,0.0005,1175,1,1.1442135283,100,1
20,0.0005,1176,1,0.9523649889,80,2
20,0.0005,1177,1,1.1216950744,100,1
20,0.0005,1178,1,1.0402509917,100,1
20,0.0005,1179,1,0.9100382983,80,2
20,0.0005,1180,1,1.0861649830,100,1
20,0.0005,1181,1,1.1207205986,100,1
20,0.0005,1182,1,0.2261049910,0,1
20,0.0005,1183,1,0.6612481329,40,2
20,0.0005,1184,1,0.2251251170,0,1
20,0.0005,1185,1,1.0511840486,100,1
20,0.0005,1186,1,0.2236084036,0,1
20,0.0005,1187,1,1.0816923574,100,1
20,0.0005,1188,1,1.0856858401,80,2
20,0.0005,1189,1,1.0517193237,80,2
20,0.0005,1190,1,0.8702106204,40,2
20,0.0005,1191,1,1.0677741275,100,1
20,0.0005,1192,1,1.0567543405,100,1
20,0.0005,1193,1,1.1821451040,100,1
20,0.0005,1194,1,0.9913409370,80,2
20,0.0005,1195,1,0.2297806633,0,1
20,0.0005,1196,1,1.0291647723,40,2
20,0.0005,1197,1,0.9972333119,100,1
20,0.0005,1198,1,1.1081323804,100,1
20,0.0005,1199,1,0.4270966280,20,2
30,0.0005,1000,1,0.6852116464,30,2
30,0.0005,1001,1,0.9679504417,90,1
30,0.0005,1002,1,0.1965857184,0,1
30,0.0005,1003,1,0.6353219570,30,2
30,0.0005,1004,1,1.1975861243,90,1
30,0.0005,1005,1,0.0518979999,0,1
30,0.0005,1006,1,0.1899855105,0,1
30,0.0005,1007,1,0.2002910178,0,1
30,0.0005,1008,1,0.3580855738,0,1
30,0.0005,1009,1,1.0906431162,90,1
30,0.0005,1010,1,1.1099367358,90,1
30,0.0005,1011,1,0.3475864056,0,1
30,0.0005,1012,1,0.3461038412,0,1
30,0.0005,1013,1,1.1054001500,90,1
30,0.0005,1014,1,0.2763398156,0,1
30,0.0005,1015,0,0.0089676153,0,1
30,0.0005,1016,1,0.0964286824,0,1
30,0.0005,1017,1,0.0974636891,0,1
30,0.0005,1018,1,1.1818721410,90,1
30,0.0005,1019,1,1.1308861555,90,1
30,0.0005,1020,1,1.1422332615,90,1
30,0.0005,1021,1,0.2622453215,0,1
30,0.0005,1022,1,0.0488652501,0,1
30,0.0005,1023,1,1.1537303237,90,1
30,0.0005,1024,1,0.5736795219,30,2
30,0.0005,1025,1,1.0400600527,60,2
30,0.0005,1026,1,1.1686096559,90,1
30,0.0005,1027,1,1.1869080381,90,1
30,0.0005,1028,1,0.6708808177,30,2
30,0.0005,1029,1,1.1113992022,90,1
30,0.0005,1030,1,0.3589794926,0,1
30,0.0005,1031,1,1.0737681795,90,1
30,0.0005,1032,1,1.1670507163,90,1
30,0.0005,1033,1,0.9490037342,60,2
30,0.0005,1034,1,1.0371249742,90,1
30,0.0005,1035,1,0.1857008146,0,1
30,0.0005,1036,0,0.0018783059,0,1
30,0.0005,1037,1,0.1273115491,0,1
30,0.0005,1038,1,0.0472999044,0,1
30,0.0005,1039,1,0.1450843902,0,1
30,0.0005,1040,1,0.0992191976,0,1
30,0.0005,1041,1,0.8857456909,60,2
30,0.0005,1042,1,1.1497302957,90,1
30,0.0005,1043,0,0.0060594792,0,1
30,0.0005,1044,1,0.6533501310,30,2
30,0.0005,1045,1,1.0202549610,90,1
30,0.0005,1046,1,0.9351573328,30,2
30,0.0005,1047,1,0.9104378410,60,2
30,0.0005,1048,1,0.0649112345,0,1
30,0.0005,1049,1,1.0659856885,90,1
30,0.0005,1050,1,1.1429400508,90,1
30,0.0005,1051,1,1.1220619708,90,1
30,0.0005,1052,1,0.8918059148,60,2
30,0.0005,1053,1,0.3955008436,0,1
30,0.0005,1054,1,1.1500306537,90,1
30,0.0005,1055,1,1.1563092818,90,1
30,0.0005,1056,1,1.2363017203,90,1
30,0.0005,1057,1,1.0701336407,90,1
30,0.0005,1058,1,1.0344485351,90,1
30,0.0005,1059,1,1.1395987971,90,1
30,0.0005,1060,1,1.0733502136,90,1
30,0.0005,1061,1,1.0428555399,90,1
30,0.0005,1062,1,0.9721081640,60,2
30,0.0005,1063,1,0.8627272280,30,2
30,0.0005,1064,1,1.0161843663,90,1
30,0.0005,1065,1,0.9460135529,90,1
30,0.0005,1066,1,0.9961551294,90,1
30,0.0005,1067,1,1.2011026641,90,1
30,0.0005,1068,1,0.3016133179,0,1
30,0.0005,1069,1,1.0960939179,90,1
30,0.0005,1070,1,0.6045289624,30,2
30,0.0005,1071,1,0.0487491008,0,1
30,0.0005,1072,1,1.0642406195,90,1
30,0.0005,1073,1,1.0124613234,90,1
30,0.0005,1074,1,0.9982220884,90,1
30,0.0005,1075,1,0.0637549148,0,1
30,0.0005,1076,1,0.1719809974,0,1
30,0.0005,1077,1,0.1679833194,0,1
30,0.0005,1078,1,0.1176018425,0,1
30,0.0005,1079,1,0.0390339090,0,1
30,0.0005,1080,0,0.0017914895,0,1
30,0.0005,1081,1,0.9244010824,60,2
30,0.0005,1082,1,1.1567128254,90,1
30,0.0005,1083,1,1.1951450624,90,1
30,0.0005,1084,1,1.0927972828,90,1
30,0.0005,1085,1,1.0949136382,90,1
30,0.0005,1086,1,0.6858045813,30,2
30,0.0005,1087,1,1.2097603342,90,1
30,0.0005,1088,1,1.0656613462,90,1
30,0.0005,1089,1,1.1020282769,90,1
30,0.0005,1090,1,0.1837632675,0,1
30,0.0005,1091,1,0.0497210345,0,1
30,0.0005,1092,1,1.0527872154,90,1
30,0.0005,1093,1,1.1291655734,90,1
30,0.0005,1094,1,1.0751859488,90,1
30,0.0005,1095,1,1.0406495643,90,1
30,0.0005,1096,1,0.1839191494,0,1
30,0.0005,1097,1,1.0056587982,90,1
30,0.0005,1098,1,1.1250701320,90,1
30,0.0005,1099,1,0.3461613399,0,1
30,0.0005,1100,1,1.0077603776,90,1
30,0.0005,1101,1,0.9462626978,30,2
30,0.0005,1102,1,0.9464109880,90,1
30,0.0005,1103,1,0.0955407047,0,1
30,0.0005,1104,1,1.1949366291,90,1
30,0.0005,1105,1,0.9686501841,90,1
30,0.0005,1106,1,1.0922608457,90,1
30,0.0005,1107,1,1.1094761846,90,1
30,0.0005,1108,1,0.3419358523,0,1
30,0.0005,1109,1,1.1404073987,90,1
30,0.0005,1110,1,1.0212436724,60,2
30,0.0005,1111,1,1.1045684469,90,1
30,0.0005,1112,1,1.0867209328,90,1
30,0.0005,1113,1,0.0618323848,0,1
30,0.0005,1114,1,0.1664058146,0,1
30,0.0005,1115,1,0.1603979797,0,1
30,0.0005,1116,1,1.0506109556,90,1
30,0.0005,1117,1,0.9933031847,90,1
30,0.0005,1118,1,0.2257244990,0,1
30,0.0005,1119,1,1.2415855781,90,1
30,0.0005,1120,1,0.9714895671,90,1
30,0.0005,1121,1,0.8641358777,60,2
30,0.0005,1122,1,0.0480601894,0,1
30,0.0005,1123,1,0.6742414290,30,2
30,0.0005,1124,1,0.9690316849,90,1
30,0.0005,1125,1,0.0501640409,0,1
30,0.0005,1126,1,0.0702259722,0,1
30,0.0005,1127,1,1.0384713421,90,1
30,0.0005,1128,1,1.0446253821,90,1
30,0.0005,1129,1,0.0884326737,0,1
30,0.0005,1130,1,0.1544065593,0,1
30,0.0005,1131,0,0.0058703275,0,1
30,0.0005,1132,1,1.1727898173,90,1
30,0.0005,1133,1,0.0474866234,0,1
30,0.0005,1134,1,0.3475221537,0,1
30,0.0005,1135,1,0.9950079759,90,1
30,0.0005,1136,1,0.0760604141,0,1
30,0.0005,1137,1,1.0333081475,90,1
30,0.0005,1138,1,1.1812311546,90,1
30,0.0005,1139,1,1.0078012415,90,1
30,0.0005,1140,1,1.0482251262,90,1
30,0.0005,1141,1,1.0391450949,90,1
30,0.0005,1142,1,1.0803851904,90,1
30,0.0005,1143,1,1.1216289587,90,1
30,0.0005,1144,1,1.0601028612,90,1
30,0.0005,1145,1,1.1096317551,90,1
30,0.0005,1146,1,1.0460506701,90,1
30,0.0005,1147,1,0.9914663184,90,1
30,0.0005,1148,1,1.1005174108,90,1
30,0.0005,1149,1,1.1559569666,90,1
30,0.0005,1150,1,1.1287243748,90,1
30,0.0005,1151,1,1.1414034658,90,1
30,0.0005,1152,1,0.0963883683,0,1
30,0.0005,1153,1,1.2299513807,90,1
30,0.0005,1154,1,0.9677213518,90,1
30,0.0005,1155,1,1.1903061841,90,1
30,0.0005,1156,1,0.0429084331,0,1
30,0.0005,1157,1,0.9235089278,60,2
30,0.0005,1158,1,0.9528100445,90,1
30,0.0005,1159,1,1.1868919468,90,1
30,0.0005,1160,1,1.0524365891,90,1
30,0.0005,1161,0,0.0086417933,0,1
30,0.0005,1162,1,0.9516400683,90,1
30,0.0005,1163,1,1.1414558923,90,1
30,0.0005,1164,1,0.0453990171,0,1
30,0.0005,1165,1,0.3465349648,0,1
30,0.0005,1166,1,1.0404751678,60,2
30,0.0005,1167,1,0.7350074576,30,2
30,0.0005,1168,1,0.5511770433,30,2
30,0.0005,1169,1,1.0081362309,90,1
30,0.0005,1170,1,0.0474340085,0,1
30,0.0005,1171,1,1.0631424264,90,1
30,0.0005,1172,1,1.1383624096,90,1
30,0.0005,1173,1,1.0576380672,90,1
30,0.0005,1174,1,0.5652531798,30,2
30,0.0005,1175,1,1.1086029097,90,1
30,0.0005,1176,1,0.8354956303,60,2
30,0.0005,1177,1,1.0978601993,90,1
30,0.0005,1178,1,1.0069358764,90,1
30,0.0005,1179,1,0.7789510481,60,2
30,0.0005,1180,1,1.0443567897,90,1
30,0.0005,1181,1,1.1010799315,90,1
30,0.0005,1182,1,0.3489799082,0,1
30,0.0005,1183,1,0.0197876917,0,1
30,0.0005,1184,1,0.3490043534,0,1
30,0.0005,1185,1,1.0114439422,90,1
30,0.0005,1186,1,0.3426277663,0,1
30,0.0005,1187,1,1.0398463224,90,1
30,0.0005,1188,1,0.9818598850,60,2
30,0.0005,1189,1,0.8197743926,30,2
30,0.0005,1190,1,0.0993051041,0,1
30,0.0005,1191,1,1.0311501487,90,1
30,0.0005,1192,1,1.0476841301,90,1
30,0.0005,1193,1,1.1678471624,90,1
30,0.0005,1194,1,0.8886028866,60,2
30,0.0005,1195,1,0.3563415265,0,1
30,0.0005,1196,1,0.0427022569,0,1
30,0.0005,1197,1,0.9664346469,90,1
30,0.0005,1198,1,1.1015939863,90,1
30,0.0005,1199,1,0.0511818289,0,1
40,0.0005,1000,1,0.0198415619,0,1
40,0.0005,1001,1,0.9468991003,80,1
40,0.0005,1002,1,0.2685951752,0,1
40,0.0005,1003,1,0.0364256122,0,1
40,0.0005,1004,1,1.1788948887,80,1
40,0.0005,1005,1,0.0844334873,0,1
40,0.0005,1006,1,0.2534395641,0,1
40,0.0005,1007,1,0.2602011286,0,1
40,0.0005,1008,1,0.4683384040,0,1
40,0.0005,1009,1,1.0418622865,80,1
40,0.0005,1010,1,1.0708149185,80,1
40,0.0005,1011,1,0.4473577423,0,1
40,0.0005,1012,1,0.4448985024,0,1
40,0.0005,1013,1,1.0957821610,80,1
40,0.0005,1014,1,0.3809156224,0,1
40,0.0005,1015,1,0.0225217893,0,1
40,0.0005,1016,1,0.1529222889,0,1
40,0.0005,1017,1,0.1555894602,0,1
40,0.0005,1018,1,1.1633149686,80,1
40,0.0005,1019,1,1.1000715929,80,1
40,0.0005,1020,1,1.1042048021,80,1
40,0.0005,1021,1,0.3627739116,0,1
40,0.0005,1022,1,0.0666534001,0,1
40,0.0005,1023,1,1.1429068587,80,1
40,0.0005,1024,1,0.0110367694,0,1
40,0.0005,1025,1,0.9982329886,40,2
40,0.0005,1026,1,1.1294496427,80,1
40,0.0005,1027,1,1.1356087917,80,1
40,0.0005,1028,0,0.0091495068,0,1
40,0.0005,1029,1,1.0877289834,80,1
40,0.0005,1030,1,0.4694441409,0,1
40,0.0005,1031,1,1.0409077109,80,1
40,0.0005,1032,1,1.1450737861,80,1
40,0.0005,1033,1,0.9121357025,40,2
40,0.0005,1034,1,1.0030126150,80,1
40,0.0005,1035,1,0.2562590166,0,1
40,0.0005,1036,0,0.0054993277,0,1
40,0.0005,1037,1,0.1984278688,0,1
40,0.0005,1038,1,0.0758862962,0,1
40,0.0005,1039,1,0.1874927727,0,1
40,0.0005,1040,1,0.1552694069,0,1
40,0.0005,1041,1,0.7203284731,40,2
40,0.0005,1042,1,1.1434554905,80,1
40,0.0005,1043,1,0.0161689208,0,1
40,0.0005,1044,1,0.0257078717,0,1
40,0.0005,1045,1,0.9694870855,80,1
40,0.0005,1046,0,0.0097339994,0,1
40,0.0005,1047,1,0.7136733794,40,2
40,0.0005,1048,1,0.1033351393,0,1
40,0.0005,1049,1,1.0464235228,80,1
40,0.0005,1050,1,1.1121182035,80,1
40,0.0005,1051,1,1.1101339805,80,1
40,0.0005,1052,1,0.7582356704,40,2
40,0.0005,1053,1,0.5204512773,0,1
40,0.0005,1054,1,1.0911459433,80,1
40,0.0005,1055,1,1.1267590746,80,1
40,0.0005,1056,1,1.2206614324,80,1
40,0.0005,1057,1,1.0527483663,80,1
40,0.0005,1058,1,0.9884100980,80,1
40,0.0005,1059,1,1.0960473458,80,1
40,0.0005,1060,1,1.0470679840,80,1
40,0.0005,1061,1,0.9859566829,80,1
40,0.0005,1062,1,0.8157161485,40,2
40,0.0005,1063,1,0.0215852393,0,1
40,0.0005,1064,1,0.9661307416,80,1
40,0.0005,1065,1,0.9037360144,80,1
40,0.0005,1066,1,0.9436184451,80,1
40,0.0005,1067,1,1.1491854970,80,1
40,0.0005,1068,1,0.4130805960,0,1
40,0.0005,1069,1,1.0840215311,80,1
40,0.0005,1070,1,0.0118968042,0,1
40,0.0005,1071,1,0.0675596909,0,1
40,0.0005,1072,1,1.0520478986,80,1
40,0.0005,1073,1,0.9783342127,80,1
40,0.0005,1074,1,0.9587766014,80,1
40,0.0005,1075,1,0.0989267359,0,1
40,0.0005,1076,1,0.2208248373,0,1
40,0.0005,1077,1,0.2172783623,0,1
40,0.0005,1078,1,0.1907467784,0,1
40,0.0005,1079,1,0.0534412162,0,1
40,0.0005,1080,0,0.0053520385,0,1
40,0.0005,1081,1,0.7720450284,40,2
40,0.0005,1082,1,1.1043666171,80,1
40,0.0005,1083,1,1.1731964843,80,1
40,0.0005,1084,1,1.0677079508,80,1
40,0.0005,1085,1,1.0666653612,80,1
40,0.0005,1086,0,0.0091657720,0,1
40,0.0005,1087,1,1.1698904547,80,1
40,0.0005,1088,1,1.0407445942,80,1
40,0.0005,1089,1,1.0753889535,80,1
40,0.0005,1090,1,0.2357157866,0,1
40,0.0005,1091,1,0.0800453323,0,1
40,0.0005,1092,1,1.0152653481,80,1
40,0.0005,1093,1,1.0869266115,80,1
40,0.0005,1094,1,1.0286251163,80,1
40,0.0005,1095,1,0.9975172616,80,1
40,0.0005,1096,1,0.2521752404,0,1
40,0.0005,1097,1,0.9780665805,80,1
40,0.0005,1098,1,1.0994222612,80,1
40,0.0005,1099,1,0.4430117586,0,1
40,0.0005,1100,1,0.9634824739,80,1
40,0.0005,1101,1,0.0143860845,0,1
40,0.0005,1102,1,0.9082190438,80,1
40,0.0005,1103,1,0.1497687299,0,1
40,0.0005,1104,1,1.1706188764,80,1
40,0.0005,1105,1,0.9354670769,80,1
40,0.0005,1106,1,1.0752206475,80,1
40,0.0005,1107,1,1.0874226887,80,1
40,0.0005,1108,1,0.4399343749,0,1
40,0.0005,1109,1,1.0820981184,80,1
40,0.0005,1110,1,0.9330913579,40,2
40,0.0005,1111,1,1.0629586014,80,1
40,0.0005,1112,1,1.0402629686,80,1
40,0.0005,1113,1,0.1001313926,0,1
40,0.0005,1114,1,0.2162637361,0,1
40,0.0005,1115,1,0.2064545701,0,1
40,0.0005,1116,1,1.0173692414,80,1
40,0.0005,1117,1,0.9632235983,80,1
40,0.0005,1118,1,0.3128515806,0,1
40,0.0005,1119,1,1.2343797935,80,1
40,0.0005,1120,1,0.9312339970,80,1
40,0.0005,1121,0,0.0059728006,0,1
40,0.0005,1122,1,0.0780517857,0,1
40,0.0005,1123,1,0.0429665660,0,1
40,0.0005,1124,1,0.9267783837,80,1
40,0.0005,1125,1,0.0812822654,0,1
40,0.0005,1126,1,0.1224061693,0,1
40,0.0005,1127,1,1.0133844086,80,1
40,0.0005,1128,1,0.9965648434,80,1
40,0.0005,1129,1,0.1414876291,0,1
40,0.0005,1130,1,0.2273082194,0,1
40,0.0005,1131,1,0.0137233108,0,1
40,0.0005,1132,1,1.1510029125,80,1
40,0.0005,1133,1,0.0816574345,0,1
40,0.0005,1134,1,0.4504260682,0,1
40,0.0005,1135,1,0.9451164542,80,1
40,0.0005,1136,1,0.1184437890,0,1
40,0.0005,1137,1,0.9803621891,80,1
40,0.0005,1138,1,1.1693601978,80,1
40,0.0005,1139,1,0.9873049672,80,1
40,0.0005,1140,1,1.0030764784,80,1
40,0.0005,1141,1,1.0008508755,80,1
40,0.0005,1142,1,1.0269605058,80,1
40,0.0005,1143,1,1.0658521270,80,1
40,0.0005,1144,1,1.0048545266,80,1
40,0.0005,1145,1,1.0930397588,80,1
40,0.0005,1146,1,0.9941366260,80,1
40,0.0005,1147,1,0.9513871806,80,1
40,0.0005,1148,1,1.0585684918,80,1
40,0.0005,1149,1,1.1447317887,80,1
40,0.0005,1150,1,1.0738880759,80,1
40,0.0005,1151,1,1.0947443685,80,1
40,0.0005,1152,1,0.1547769481,0,1
40,0.0005,1153,1,1.2135398937,80,1
40,0.0005,1154,1,0.9262947428,80,1
40,0.0005,1155,1,1.1732280346,80,1
40,0.0005,1156,1,0.0759846352,0,1
40,0.0005,1157,1,0.7597496054,40,2
40,0.0005,1158,1,0.9190352761,80,1
40,0.0005,1159,1,1.1755961618,80,1
40,0.0005,1160,1,1.0359606226,80,1
40,0.0005,1161,1,0.0200270657,0,1
40,0.0005,1162,1,0.9188519093,80,1
40,0.0005,1163,1,1.0925387711,80,1
40,0.0005,1164,1,0.0737613474,0,1
40,0.0005,1165,1,0.4452093269,0,1
40,0.0005,1166,1,0.9043922160,40,2
40,0.0005,1167,1,0.0254363347,0,1
40,0.0005,1168,1,0.0587195570,0,1
40,0.0005,1169,1,0.9766741752,80,1
40,0.0005,1170,1,0.0761834655,0,1
40,0.0005,1171,1,1.0381708432,80,1
40,0.0005,1172,1,1.1124630642,80,1
40,0.0005,1173,1,1.0476546883,80,1
40,0.0005,1174,0,0.0076600985,0,1
40,0.0005,1175,1,1.0649400510,80,1
40,0.0005,1176,1,0.6724409199,40,2
40,0.0005,1177,1,1.0681986877,80,1
40,0.0005,1178,1,0.9667238471,80,1
40,0.0005,1179,1,0.5983103393,40,2
40,0.0005,1180,1,0.9937111160,80,1
40,0.0005,1181,1,1.0748294894,80,1
40,0.0005,1182,1,0.4498886397,0,1
40,0.0005,1183,1,0.0347561365,0,1
40,0.0005,1184,1,0.4536079005,0,1
40,0.0005,1185,1,0.9629478655,80,1
40,0.0005,1186,1,0.4405189323,0,1
40,0.0005,1187,1,0.9895562114,80,1
40,0.0005,1188,1,0.8392481319,40,2
40,0.0005,1189,0,0.0057728775,0,1
40,0.0005,1190,1,0.1607099891,0,1
40,0.0005,1191,1,0.9862095608,80,1
40,0.0005,1192,1,1.0346148481,80,1
40,0.0005,1193,1,1.1468921807,80,1
40,0.0005,1194,1,0.7290548461,40,2
40,0.0005,1195,1,0.4600517506,0,1
40,0.0005,1196,1,0.0693051711,0,1
40,0.0005,1197,1,0.9282727146,80,1
40,0.0005,1198,1,1.0924214266,80,1
40,0.0005,1199,1,0.0692873398,0,1
60,0.0005,1000,1,0.0453955285,0,1
60,0.0005,1001,1,0.8887064642,60,1
60,0.0005,1002,1,0.3908240302,0,1
60,0.0005,1003,1,0.0931489352,0,1
60,0.0005,1004,1,1.1258207527,60,1
60,0.0005,1005,1,0.1432508785,0,1
60,0.0005,1006,1,0.3607876324,0,1
60,0.0005,1007,1,0.3508725307,0,1
60,0.0005,1008,1,0.6398014330,0,1
60,0.0005,1009,1,0.9156986755,60,1
60,0.0005,1010,1,0.9759357304,60,1
60,0.0005,1011,1,0.5956397074,0,1
60,0.0005,1012,1,0.5910547489,0,1
60,0.0005,1013,1,1.0659872780,60,1
60,0.0005,1014,1,0.5494897892,0,1
60,0.0005,1015,1,0.0524711396,0,1
60,0.0005,1016,1,0.2523367343,0,1
60,0.0005,1017,1,0.2618170093,0,1
60,0.0005,1018,1,1.1091913842,60,1
60,0.0005,1019,1,1.0143265858,60,1
60,0.0005,1020,1,1.0097830163,60,1
60,0.0005,1021,1,0.5256696378,0,1
60,0.0005,1022,1,0.0940606424,0,1
60,0.0005,1023,1,1.1090932216,60,1
60,0.0005,1024,1,0.0310738382,0,1
60,0.0005,1025,0,0.0000000000,0,1
60,0.0005,1026,1,1.0171396808,60,1
60,0.0005,1027,1,1.0061966013,60,1
60,0.0005,1028,1,0.0233882167,0,1
60,0.0005,1029,1,1.0212057726,60,1
60,0.0005,1030,1,0.6412821225,0,1
60,0.0005,1031,1,0.9453450880,60,1
60,0.0005,1032,1,1.0791850912,60,1
60,0.0005,1033,0,0.0007185326,0,1
60,0.0005,1034,1,0.9126687070,60,1
60,0.0005,1035,1,0.3784299983,0,1
60,0.0005,1036,1,0.0156742085,0,1
60,0.0005,1037,1,0.3285844846,0,1
60,0.0005,1038,1,0.1254217503,0,1
60,0.0005,1039,1,0.2502132441,0,1
60,0.0005,1040,1,0.2525799477,0,1
60,0.0005,1041,1,0.0164407317,0,1
60,0.0005,1042,1,1.1235447751,60,1
60,0.0005,1043,1,0.0369412716,0,1
60,0.0005,1044,1,0.0584994648,0,1
60,0.0005,1045,1,0.8398947587,60,1
60,0.0005,1046,1,0.0288260133,0,1
60,0.0005,1047,0,0.0011625111,0,1
60,0.0005,1048,1,0.1775730011,0,1
60,0.0005,1049,1,0.9915829557,60,1
60,0.0005,1050,1,1.0263814070,60,1
60,0.0005,1051,1,1.0750981376,60,1
60,0.0005,1052,0,0.0000000000,0,1
60,0.0005,1053,1,0.7121431655,0,1
60,0.0005,1054,1,0.9381325339,60,1
60,0.0005,1055,1,1.0421407583,60,1
60,0.0005,1056,1,1.1779812606,60,1
60,0.0005,1057,1,1.0004039121,60,1
60,0.0005,1058,1,0.8706331985,60,1
60,0.0005,1059,1,0.9798728269,60,1
60,0.0005,1060,1,0.9730660004,60,1
60,0.0005,1061,1,0.8396855597,60,1
60,0.0005,1062,0,0.0000000000,0,1
60,0.0005,1063,1,0.0672418367,0,1
60,0.0005,1064,1,0.8430699983,60,1
60,0.0005,1065,1,0.7993392209,60,1
60,0.0005,1066,1,0.8093327495,60,1
60,0.0005,1067,1,1.0149109845,60,1
60,0.0005,1068,1,0.5914545134,0,1
60,0.0005,1069,1,1.0528223275,60,1
60,0.0005,1070,1,0.0330955360,0,1
60,0.0005,1071,1,0.0991962409,0,1
60,0.0005,1072,1,1.0124195909,60,1
60,0.0005,1073,1,0.8958397929,60,1
60,0.0005,1074,1,0.8605225545,60,1
60,0.0005,1075,1,0.1648760574,0,1
60,0.0005,1076,1,0.2917521902,0,1
60,0.0005,1077,1,0.2913563301,0,1
60,0.0005,1078,1,0.3249721573,0,1
60,0.0005,1079,1,0.0868972383,0,1
60,0.0005,1080,1,0.0109531109,0,1
60,0.0005,1081,0,0.0000000000,0,1
60,0.0005,1082,1,0.9753191152,60,1
60,0.0005,1083,1,1.1095944390,60,1
60,0.0005,1084,1,0.9969990709,60,1
60,0.0005,1085,1,0.9883396911,60,1
60,0.0005,1086,1,0.0263119488,0,1
60,0.0005,1087,1,1.0631848236,60,1
60,0.0005,1088,1,0.9701850071,60,1
60,0.0005,1089,1,1.0003274576,60,1
60,0.0005,1090,1,0.3110546774,0,1
60,0.0005,1091,1,0.1339671661,0,1
60,0.0005,1092,1,0.9250575750,60,1
60,0.0005,1093,1,0.9781585558,60,1
60,0.0005,1094,1,0.9037686368,60,1
60,0.0005,1095,1,0.8808116104,60,1
60,0.0005,1096,1,0.3691454173,0,1
60,0.0005,1097,1,0.8994336338,60,1
60,0.0005,1098,1,1.0247011169,60,1
60,0.0005,1099,1,0.5837788695,0,1
60,0.0005,1100,1,0.8504752742,60,1
60,0.0005,1101,1,0.0389040450,0,1
60,0.0005,1102,1,0.8110887705,60,1
60,0.0005,1103,1,0.2437210784,0,1
60,0.0005,1104,1,1.1049554038,60,1
60,0.0005,1105,1,0.8538909794,60,1
60,0.0005,1106,1,1.0260395496,60,1
60,0.0005,1107,1,1.0281314446,60,1
60,0.0005,1108,1,0.5878417251,0,1
60,0.0005,1109,1,0.9316454514,60,1
60,0.0005,1110,0,0.0000000000,0,1
60,0.0005,1111,1,0.9555873532,60,1
60,0.0005,1112,1,0.9189468518,60,1
60,0.0005,1113,1,0.1752118600,0,1
60,0.0005,1114,1,0.2912996939,0,1
60,0.0005,1115,1,0.2740257447,0,1
60,0.0005,1116,1,0.9324825000,60,1
60,0.0005,1117,1,0.8773594473,60,1
60,0.0005,1118,1,0.4621192251,0,1
60,0.0005,1119,1,1.2097147884,60,1
60,0.0005,1120,1,0.8244658973,60,1
60,0.0005,1121,1,0.0219250183,0,1
60,0.0005,1122,1,0.1324580078,0,1
60,0.0005,1123,1,0.1071600652,0,1
60,0.0005,1124,1,0.8207587687,60,1
60,0.0005,1125,1,0.1377469259,0,1
60,0.0005,1126,1,0.2252767023,0,1
60,0.0005,1127,1,0.9443671058,60,1
60,0.0005,1128,1,0.8749795107,60,1
60,0.0005,1129,1,0.2365907480,0,1
60,0.0005,1130,1,0.3501052757,0,1
60,0.0005,1131,1,0.0285870515,0,1
60,0.0005,1132,1,1.0939150177,60,1
60,0.0005,1133,1,0.1496140958,0,1
60,0.0005,1134,1,0.6090434319,0,1
60,0.0005,1135,1,0.8187020186,60,1
60,0.0005,1136,1,0.1986549917,0,1
60,0.0005,1137,1,0.8432380491,60,1
60,0.0005,1138,1,1.1326412152,60,1
60,0.0005,1139,1,0.9324032599,60,1
60,0.0005,1140,1,0.8836285257,60,1
60,0.0005,1141,1,0.8952306584,60,1
60,0.0005,1142,1,0.8887719134,60,1
60,0.0005,1143,1,0.9196269802,60,1
60,0.0005,1144,1,0.8617943805,60,1
60,0.0005,1145,1,1.0445056078,60,1
60,0.0005,1146,1,0.8632359680,60,1
60,0.0005,1147,1,0.8439297865,60,1
60,0.0005,1148,1,0.9487671167,60,1
60,0.0005,1149,1,1.1086259317,60,1
60,0.0005,1150,1,0.9347384329,60,1
60,0.0005,1151,1,0.9754906999,60,1
60,0.0005,1152,1,0.2623051592,0,1
60,0.0005,1153,1,1.1607241700,60,1
60,0.0005,1154,1,0.8151328092,60,1
60,0.0005,1155,1,1.1250837434,60,1
60,0.0005,1156,1,0.1446875545,0,1
60,0.0005,1157,0,0.0000000000,0,1
60,0.0005,1158,1,0.8285851112,60,1
60,0.0005,1159,1,1.1380208916,60,1
60,0.0005,1160,1,0.9867589725,60,1
60,0.0005,1161,1,0.0433036552,0,1
60,0.0005,1162,1,0.8355145828,60,1
60,0.0005,1163,1,0.9649954570,60,1
60,0.0005,1164,1,0.1249580515,0,1
60,0.0005,1165,1,0.5907506198,0,1
60,0.0005,1166,0,0.0000000000,0,1
60,0.0005,1167,1,0.0647983701,0,1
60,0.0005,1168,1,0.0983725512,0,1
60,0.0005,1169,1,0.8892396377,60,1
60,0.0005,1170,1,0.1280531968,0,1
60,0.0005,1171,1,0.9678545215,60,1
60,0.0005,1172,1,1.0404384538,60,1
60,0.0005,1173,1,1.0204788682,60,1
60,0.0005,1174,1,0.0202733425,0,1
60,0.0005,1175,1,0.9503082494,60,1
60,0.0005,1176,1,0.0125463653,0,1
60,0.0005,1177,1,0.9880570427,60,1
60,0.0005,1178,1,0.8646850882,60,1
60,0.0005,1179,0,0.0000000000,0,1
60,0.0005,1180,1,0.8663794787,60,1
60,0.0005,1181,1,0.9998861889,60,1
60,0.0005,1182,1,0.6008103508,0,1
60,0.0005,1183,1,0.0665138234,0,1
60,0.0005,1184,1,0.6157975517,0,1
60,0.0005,1185,1,0.8409137543,60,1
60,0.0005,1186,1,0.5880942606,0,1
60,0.0005,1187,1,0.8645661893,60,1
60,0.0005,1188,0,0.0000000000,0,1
60,0.0005,1189,1,0.0161848806,0,1
60,0.0005,1190,1,0.2744029631,0,1
60,0.0005,1191,1,0.8703775117,60,1
60,0.0005,1192,1,0.9925331625,60,1
60,0.0005,1193,1,1.0854099614,60,1
60,0.0005,1194,0,0.0000000000,0,1
60,0.0005,1195,1,0.6151146346,0,1
60,0.0005,1196,1,0.1173597965,0,1
60,0.0005,1197,1,0.8287240695,60,1
60,0.0005,1198,1,1.0634746606,60,1
60,0.0005,1199,1,0.0963245992,0,1
1,0.001,1000,1,1.1143606807,117,4
1,0.001,1001,1,0.9978541100,116,5
1,0.001,1002,1,1.1066016343,101,5
1,0.001,1003,1,1.0891384928,98,7
1,0.001,1004,1,0.1421316724,3,10
1,0.001,1005,1,1.1956327353,117,4
1,0.001,1006,1,0.1907060310,3,9
1,0.001,1007,1,1.0973644728,102,7
1,0.001,1008,1,0.1002488014,4,12
1,0.001,1009,1,1.1712280746,116,5
1,0.001,1010,1,1.1851442587,116,5
1,0.001,1011,1,0.6489970994,34,7
1,0.001,1012,1,0.0602970523,3,9
1,0.001,1013,1,1.1146037462,116,5
1,0.001,1014,1,1.0541858819,106,7
1,0.001,1015,1,1.1931024190,117,4
1,0.001,1016,1,1.0790573892,86,5
1,0.001,1017,1,0.9448241695,66,8
1,0.001,1018,1,1.2031229167,116,5
1,0.001,1019,1,1.0124939213,63,7
1,0.001,1020,1,1.2117781391,115,7
1,0.001,1021,1,1.0685110710,116,5
1,0.001,1022,1,1.2602868059,117,4
1,0.001,1023,1,1.1636968116,116,5
1,0.001,1024,1,1.0061276068,97,8
1,0.001,1025,1,1.1037393026,116,5
1,0.001,1026,1,0.1776376420,4,12
1,0.001,1027,1,0.9456846056,55,7
1,0.001,1028,1,1.1380318506,115,7
1,0.001,1029,1,1.1436431986,106,5
1,0.001,1030,1,1.0284362168,95,5
1,0.001,1031,1,0.2375699814,3,9
1,0.001,1032,1,1.1897918738,117,4
1,0.001,1033,1,0.9840579525,117,4
1,0.001,1034,1,0.2650756013,2,7
1,0.001,1035,1,1.1780003354,117,4
1,0.001,1036,1,1.2028319948,115,7
1,0.001,1037,1,0.3140781838,2,7
1,0.001,1038,1,1.0350118719,78,10
1,0.001,1039,1,1.0711901127,115,7
1,0.001,1040,1,1.1787731839,117,4
1,0.001,1041,1,1.1045272751,114,8
1,0.001,1042,1,0.2997371056,2,7
1,0.001,1043,1,0.0503655344,3,10
1,0.001,1044,1,0.1119020939,3,9
1,0.001,1045,1,1.1049459083,116,5
1,0.001,1046,1,0.3498274095,3,9
1,0.001,1047,1,0.6692848606,41,13
1,0.001,1048,1,1.1312521827,117,4
1,0.001,1049,1,0.2290457988,2,7
1,0.001,1050,1,1.1918999991,115,7
1,0.001,1051,1,1.1410497709,117,4
1,0.001,1052,1,1.0937251490,117,4
1,0.001,1053,1,0.7117509491,42,7
1,0.001,1054,1,0.7088648178,2,7
1,0.001,1055,1,0.3304423814,2,7
1,0.001,1056,1,1.2624826168,117,4
1,0.001,1057,1,1.0872289439,116,5
1,0.001,1058,1,0.9896929167,73,8
1,0.001,1059,1,1.1569538457,97,7
1,0.001,1060,1,1.1106893497,117,4
1,0.001,1061,1,0.7858649532,41,8
1,0.001,1062,1,1.1655281153,109,5
1,0.001,1063,1,0.2635634694,2,6
1,0.001,1064,1,1.1000256820,115,7
1,0.001,1065,1,0.2318048750,2,6
1,0.001,1066,1,1.0245011306,57,5
1,0.001,1067,1,1.2812399092,114,8
1,0.001,1068,1,1.0855933500,110,4
1,0.001,1069,1,0.0886307144,3,9
1,0.001,1070,1,1.0628726998,116,5
1,0.001,1071,1,1.3010422507,115,7
1,0.001,1072,1,1.0773455068,117,4
1,0.001,1073,1,0.7129116143,33,7
1,0.001,1074,1,1.0641691556,114,8
1,0.001,1075,1,1.2137944892,115,7
1,0.001,1076,1,1.0468041844,104,5
1,0.001,1077,1,1.0253146540,105,5
1,0.001,1078,1,1.2381983665,115,7
1,0.001,1079,1,1.1634431752,116,5
1,0.001,1080,1,0.0437514204,6,17
1,0.001,1081,1,0.9216462712,64,11
1,0.001,1082,1,1.2422095355,114,8
1,0.001,1083,1,1.2198152558,116,5
1,0.001,1084,1,1.1330997703,115,7
1,0.001,1085,1,1.1404016917,116,5
1,0.001,1086,1,0.9777993054,65,10
1,0.001,1087,1,1.2761582964,114,8
1,0.001,1088,1,1.1054844825,115,7
1,0.001,1089,1,1.1478777401,116,5
1,0.001,1090,1,1.1128953807,117,4
1,0.001,1091,1,0.1848462514,3,10
1,0.001,1092,1,1.0925434395,101,5
1,0.001,1093,1,1.2053445157,117,4
1,0.001,1094,1,1.1452544828,114,8
1,0.001,1095,1,1.0844026367,99,7
1,0.001,1096,1,1.1821288428,116,5
1,0.001,1097,1,0.1980808490,2,6
1,0.001,1098,1,0.6929056512,2,7
1,0.001,1099,1,1.0643919107,96,5
1,0.001,1100,1,1.0190857109,95,7
1,0.001,1101,1,1.2586603016,117,4
1,0.001,1102,1,0.9909537843,105,5
1,0.001,1103,1,1.1279749319,116,5
1,0.001,1104,1,1.2343177835,117,4
1,0.001,1105,1,0.6547984879,34,7
1,0.001,1106,1,1.1175470710,116,5
1,0.001,1107,1,1.1210499922,105,5
1,0.001,1108,1,1.1602513890,100,5
1,0.001,1109,1,0.0506531403,4,12
1,0.001,1110,1,1.1081441919,102,7
1,0.001,1111,1,1.1756264194,105,5
1,0.001,1112,1,0.0557594585,4,12
1,0.001,1113,1,1.2145238062,116,5
1,0.001,1114,1,1.1163701046,117,4
1,0.001,1115,1,1.0431528917,105,5
1,0.001,1116,1,1.1130757956,115,7
1,0.001,1117,1,1.0251306194,105,5
1,0.001,1118,1,0.9706522428,63,7
1,0.001,1119,1,1.2478117409,117,4
1,0.001,1120,1,1.0369623450,115,7
1,0.001,1121,1,1.0464230772,99,8
1,0.001,1122,1,1.1882319825,114,8
1,0.001,1123,1,1.1982659426,116,5
1,0.001,1124,1,1.0394160710,114,8
1,0.001,1125,1,0.8036393962,38,8
1,0.001,1126,1,1.1111841773,114,8
1,0.001,1127,1,1.0649167884,106,4
1,0.001,1128,1,1.0442876548,91,7
1,0.001,1129,1,1.0743266284,114,8
1,0.001,1130,1,1.1780488191,116,5
1,0.001,1131,1,0.6964903989,43,8
1,0.001,1132,1,0.9625285202,39,7
1,0.001,1133,1,1.1431172525,115,7
1,0.001,1134,1,1.0361788313,99,7
1,0.001,1135,1,0.0350237307,5,15
1,0.001,1136,1,1.2155529461,114,8
1,0.001,1137,1,0.6582409009,2,7
1,0.001,1138,1,0.6720740596,2,7
1,0.001,1139,1,1.0433077632,115,7
1,0.001,1140,1,1.1200661331,115,7
1,0.001,1141,1,1.1033157970,117,4
1,0.001,1142,1,1.1444394112,103,5
1,0.001,1143,1,1.0731722046,73,8
1,0.001,1144,1,0.2339285646,4,11
1,0.001,1145,1,1.1284975975,117,4
1,0.001,1146,1,1.1286221656,114,8
1,0.001,1147,1,1.0596805060,117,4
1,0.001,1148,1,1.1677929413,114,8
1,0.001,1149,1,1.1177898500,96,5
1,0.001,1150,1,1.2172409508,115,7
1,0.001,1151,1,1.2139503359,109,5
1,0.001,1152,1,1.1132069933,99,8
1,0.001,1153,1,1.2484113896,116,5
1,0.001,1154,1,1.0303987977,114,8
1,0.001,1155,1,1.2163216364,114,8
1,0.001,1156,1,1.0595826232,97,7
1,0.001,1157,1,1.0877286054,98,7
1,0.001,1158,1,1.0068207668,114,8
1,0.001,1159,1,0.2584957918,2,7
1,0.001,1160,1,1.0699297220,117,4
1,0.001,1161,1,1.0600966958,116,5
1,0.001,1162,1,1.0086021165,115,7
1,0.001,1163,1,1.1615426383,97,7
1,0.001,1164,1,1.2846354176,116,5
1,0.001,1165,1,0.6887029000,2,7
1,0.001,1166,1,1.2169114442,115,7
1,0.001,1167,1,1.1447420083,116,5
1,0.001,1168,1,0.8883911406,67,10
1,0.001,1169,1,0.0564738139,5,15
1,0.001,1170,1,1.1521252552,116,5
1,0.001,1171,1,1.0974622710,116,5
1,0.001,1172,1,0.1549484394,3,9
1,0.001,1173,1,1.0759600414,116,5
1,0.001,1174,1,0.8300110949,56,11
1,0.001,1175,1,0.9315999691,60,7
1,0.001,1176,1,1.0688710892,116,5
1,0.001,1177,1,1.1418876645,114,8
1,0.001,1178,1,0.0511475295,6,17
1,0.001,1179,1,1.0347673431,113,10
1,0.001,1180,1,0.9980992516,77,8
1,0.001,1181,1,1.1381247856,116,5
1,0.001,1182,1,1.0211106092,100,5
1,0.001,1183,1,1.0610986882,102,8
1,0.001,1184,1,0.0921742057,3,9
1,0.001,1185,1,1.0594972352,100,5
1,0.001,1186,1,0.6234943792,2,7
1,0.001,1187,1,0.8062514038,56,10
1,0.001,1188,1,1.1978061673,115,7
1,0.001,1189,1,1.1173563318,117,4
1,0.001,1190,1,1.1304288253,105,5
1,0.001,1191,1,0.0322880831,4,12
1,0.001,1192,1,1.0630580210,116,5
1,0.001,1193,1,0.1031190255,3,9
1,0.001,1194,1,0.8635551027,65,11
1,0.001,1195,1,1.1555747167,117,4
1,0.001,1196,1,1.2080768574,116,5
1,0.001,1197,1,0.5892255873,42,11
1,0.001,1198,1,1.1112713419,116,5
1,0.001,1199,1,0.8031624624,68,10
2,0.001,1000,1,1.1151357398,118,1
2,0.001,1001,1,0.9982073159,116,2
2,0.001,1002,1,1.1264277288,116,2
2,0.001,1003,1,1.0842518220,96,4
2,0.001,1004,1,1.2296242145,116,2
2,0.001,1005,1,1.1967685883,118,1
2,0.001,1006,1,1.0377581251,102,4
2,0.001,1007,1,1.1139323567,114,4
2,0.001,1008,1,1.1789611478,108,2
2,0.001,1009,1,1.1720574149,116,2
2,0.001,1010,1,1.1859984869,116,2
2,0.001,1011,1,0.8710960273,64,4
2,0.001,1012,1,1.0948963547,108,2
2,0.001,1013,1,1.1146730580,116,2
2,0.001,1014,1,1.0581620926,114,4
2,0.001,1015,1,1.1937878116,118,1
2,0.001,1016,1,1.1304953731,116,2
2,0.001,1017,1,1.1756599005,116,2
2,0.001,1018,1,1.2032516824,116,2
2,0.001,1019,1,0.9960373107,60,4
2,0.001,1020,1,1.2098430081,114,4
2,0.001,1021,1,1.0693000724,116,2
2,0.001,1022,1,1.2609664571,118,1
2,0.001,1023,1,1.1637494016,116,2
2,0.001,1024,1,1.0634755727,116,2
2,0.001,1025,1,1.1038446756,116,2
2,0.001,1026,1,1.1974924714,102,4
2,0.001,1027,1,0.8614491061,46,4
2,0.001,1028,1,1.1368624928,114,4
2,0.001,1029,1,1.1477496607,116,2
2,0.001,1030,1,1.0447424262,108,2
2,0.001,1031,1,1.0051529681,76,4
2,0.001,1032,1,1.1906222075,118,1
2,0.001,1033,1,0.9840891486,118,1
2,0.001,1034,1,1.0989633745,116,2
2,0.001,1035,1,1.1791623393,118,1
2,0.001,1036,1,1.2009037873,114,4
2,0.001,1037,1,1.2823355127,116,2
2,0.001,1038,1,1.1053513963,98,4
2,0.001,1039,1,1.0692601369,114,4
2,0.001,1040,1,1.1794746821,118,1
2,0.001,1041,1,1.1095785342,116,2
2,0.001,1042,1,1.1559168770,116,2
2,0.001,1043,1,1.0248135430,116,2
2,0.001,1044,1,1.0214791014,100,4
2,0.001,1045,1,1.1057837514,116,2
2,0.001,1046,1,1.0894308204,88,4
2,0.001,1047,1,1.1044462986,92,4
2,0.001,1048,1,1.1316587812,118,1
2,0.001,1049,1,1.0980059752,116,2
2,0.001,1050,1,1.1905156579,114,4
2,0.001,1051,1,1.1418575870,118,1
2,0.001,1052,1,1.0948488904,118,1
2,0.001,1053,1,0.9148231681,72,4
2,0.001,1054,1,1.2301313221,108,2
2,0.001,1055,1,1.2059034995,116,2
2,0.001,1056,1,1.2636210964,118,1
2,0.001,1057,1,1.0873243419,116,2
2,0.001,1058,1,1.1148215720,116,2
2,0.001,1059,1,1.1458882883,94,4
2,0.001,1060,1,1.1117071892,118,1
2,0.001,1061,1,1.1348127302,116,2
2,0.001,1062,1,1.1791692009,116,2
2,0.001,1063,1,0.1830023749,2,3
2,0.001,1064,1,1.0982457690,114,4
2,0.001,1065,1,0.3589184868,20,4
2,0.001,1066,1,1.0834984454,116,2
2,0.001,1067,1,1.2858259769,116,2
2,0.001,1068,1,0.1779435206,2,3
2,0.001,1069,1,1.1170289267,116,2
2,0.001,1070,1,1.0629492320,116,2
2,0.001,1071,1,1.2989094882,114,4
2,0.001,1072,1,1.0780757177,118,1
2,0.001,1073,1,0.8983341917,64,4
2,0.001,1074,1,1.0688841624,116,2
2,0.001,1075,1,1.2114378119,114,4
2,0.001,1076,1,1.0607528627,116,2
2,0.001,1077,1,1.0329091193,116,2
2,0.001,1078,1,1.2358077285,114,4
2,0.001,1079,1,1.1635166753,116,2
2,0.001,1080,1,1.1065827259,94,4
2,0.001,1081,1,1.1296405808,116,2
2,0.001,1082,1,1.2477319488,116,2
2,0.001,1083,1,1.2198937709,116,2
2,0.001,1084,1,1.1311665618,114,4
2,0.001,1085,1,1.1408979771,116,2
2,0.001,1086,1,1.1143181093,100,4
2,0.001,1087,1,1.2807735181,116,2
2,0.001,1088,1,1.1036351382,114,4
2,0.001,1089,1,1.1485810778,116,2
2,0.001,1090,1,1.1136287876,118,1
2,0.001,1091,1,1.2147135620,116,2
2,0.001,1092,1,1.1104174302,108,2
2,0.001,1093,1,1.1191230093,90,4
2,0.001,1094,1,1.1498665910,116,2
2,0.001,1095,1,1.0934741336,106,4
2,0.001,1096,1,1.1829789165,116,2
2,0.001,1097,1,0.2623981635,12,4
2,0.001,1098,1,1.1513014011,108,2
2,0.001,1099,1,1.0957152788,108,2
2,0.001,1100,1,1.0089586235,92,4
2,0.001,1101,1,1.2371487960,104,4
2,0.001,1102,1,1.0139123363,116,2
2,0.001,1103,1,1.1287272868,116,2
2,0.001,1104,1,1.2347432639,118,1
2,0.001,1105,1,0.5516214035,24,4
2,0.001,1106,1,1.1178891802,116,2
2,0.001,1107,1,1.1472352124,116,2
2,0.001,1108,1,1.1807076464,108,2
2,0.001,1109,1,1.1732019544,98,4
2,0.001,1110,1,1.1081462374,102,4
2,0.001,1111,1,1.1799894931,116,2
2,0.001,1112,1,1.0966061096,94,4
2,0.001,1113,1,1.2146154794,116,2
2,0.001,1114,1,1.1174407092,118,1
2,0.001,1115,1,1.0605281035,116,2
2,0.001,1116,1,1.1111693781,114,4
2,0.001,1117,1,1.0391831796,116,2
2,0.001,1118,1,1.1736222581,96,4
2,0.001,1119,1,1.2486400578,118,1
2,0.001,1120,1,1.0352416647,114,4
2,0.001,1121,1,1.0957086704,116,2
2,0.001,1122,1,1.1939004259,116,2
2,0.001,1123,1,1.1986350050,116,2
2,0.001,1124,1,1.0443815061,116,2
2,0.001,1125,1,1.2189503770,116,2
2,0.001,1126,1,1.1160561226,116,2
2,0.001,1127,1,1.0766489021,118,1
2,0.001,1128,1,1.0099075021,84,4
2,0.001,1129,1,1.0794419003,116,2
2,0.001,1130,1,1.1784616025,116,2
2,0.001,1131,1,1.1233857471,116,2
2,0.001,1132,1,1.0953123320,66,4
2,0.001,1133,1,1.1407426115,114,4
2,0.001,1134,1,1.0452690053,106,4
2,0.001,1135,1,1.0788216049,116,2
2,0.001,1136,1,1.2211600584,116,2
2,0.001,1137,1,1.1196752020,116,2
2,0.001,1138,1,1.1838421800,108,2
2,0.001,1139,1,1.0422979121,114,4
2,0.001,1140,1,1.1180681269,114,4
2,0.001,1141,1,1.0301831287,90,4
2,0.001,1142,1,1.1680824958,116,2
2,0.001,1143,1,1.2110665027,116,2
2,0.001,1144,1,1.0953989522,100,4
2,0.001,1145,1,1.1292218695,118,1
2,0.001,1146,1,1.1340417377,116,2
2,0.001,1147,1,1.0104698426,98,4
2,0.001,1148,1,1.1732878135,116,2
2,0.001,1149,1,1.1519024799,108,2
2,0.001,1150,1,1.2151882600,114,4
2,0.001,1151,1,1.2217439044,116,2
2,0.001,1152,1,1.1665263140,116,2
2,0.001,1153,1,1.2484945819,116,2
2,0.001,1154,1,1.0346508371,116,2
2,0.001,1155,1,1.2204263392,116,2
2,0.001,1156,1,1.0477773068,92,4
2,0.001,1157,1,1.0734891203,94,4
2,0.001,1158,1,1.0026650516,112,5
2,0.001,1159,1,1.1975071909,116,2
2,0.001,1160,1,1.0705253246,118,1
2,0.001,1161,1,1.0608037932,116,2
2,0.001,1162,1,1.0067041766,114,4
2,0.001,1163,1,1.1404410545,92,4
2,0.001,1164,1,1.2855386574,116,2
2,0.001,1165,1,1.0255210174,108,2
2,0.001,1166,1,1.2145017486,114,4
2,0.001,1167,1,1.1448526511,116,2
2,0.001,1168,1,1.0359665062,92,4
2,0.001,1169,1,1.0558236962,116,2
2,0.001,1170,1,1.1521881914,116,2
2,0.001,1171,1,1.0978426902,116,2
2,0.001,1172,1,1.1798647918,116,2
2,0.001,1173,1,1.0763535641,116,2
2,0.001,1174,1,1.1820606592,116,2
2,0.001,1175,1,0.9596488361,64,4
2,0.001,1176,1,1.0692341217,116,2
2,0.001,1177,1,1.1455340391,116,2
2,0.001,1178,1,1.0083979027,94,4
2,0.001,1179,1,1.0379728730,114,4
2,0.001,1180,1,1.1297280521,116,2
2,0.001,1181,1,1.1384992326,116,2
2,0.001,1182,1,1.0426738488,108,2
2,0.001,1183,1,1.0823456085,116,2
2,0.001,1184,1,1.0524255399,106,4
2,0.001,1185,1,1.0931869970,116,2
2,0.001,1186,1,1.2208358005,108,2
2,0.001,1187,1,1.0733998900,100,4
2,0.001,1188,1,1.1953520762,114,4
2,0.001,1189,1,1.1180114992,118,1
2,0.001,1190,1,1.1480844177,116,2
2,0.001,1191,1,1.1085338192,116,2
2,0.001,1192,1,1.0631160203,116,2
2,0.001,1193,1,1.1789376762,108,2
2,0.001,1194,1,1.0898314205,116,2
2,0.001,1195,1,1.1204048155,96,4
2,0.001,1196,1,1.2088622141,116,2
2,0.001,1197,1,1.0157249081,108,2
2,0.001,1198,1,1.1113344163,116,2
2,0.001,1199,1,0.9374776055,96,4
3,0.001,1000,1,1.1151258527,117,1
3,0.001,1001,1,0.9957578027,114,2
3,0.001,1002,1,1.1103009581,102,2
3,0.001,1003,1,1.1263937989,117,1
3,0.001,1004,1,1.2267443248,114,2
3,0.001,1005,1,1.1964316976,117,1
3,0.001,1006,1,1.0743357988,117,1
3,0.001,1007,1,1.1190955756,117,1
3,0.001,1008,1,1.1393489761,96,2
3,0.001,1009,1,1.1704502908,114,2
3,0.001,1010,1,1.1851789868,114,2
3,0.001,1011,1,1.0499427854,117,1
3,0.001,1012,1,1.0627430010,96,2
3,0.001,1013,1,1.1126479512,114,2
3,0.001,1014,1,1.0621967214,117,1
3,0.001,1015,1,1.1937769443,117,1
3,0.001,1016,1,1.1289301341,114,2
3,0.001,1017,1,1.1728343918,114,2
3,0.001,1018,1,1.2016465851,114,2
3,0.001,1019,1,1.1813117553,117,1
3,0.001,1020,1,1.2143357371,117,1
3,0.001,1021,1,1.0577149001,102,2
3,0.001,1022,1,1.2609532828,117,1
3,0.001,1023,1,1.1611274595,114,2
3,0.001,1024,1,1.0607004913,114,2
3,0.001,1025,1,1.1029436720,114,2
3,0.001,1026,1,1.2303075979,117,1
3,0.001,1027,1,1.2763616670,117,1
3,0.001,1028,1,1.1409769923,117,1
3,0.001,1029,1,1.1415156824,102,2
3,0.001,1030,1,1.0315319605,96,2
3,0.001,1031,1,1.1217063714,117,1
3,0.001,1032,1,1.1906112835,117,1
3,0.001,1033,1,0.9840821407,117,1
3,0.001,1034,1,1.0968694903,114,2
3,0.001,1035,1,1.1788179059,117,1
3,0.001,1036,1,1.2054854013,117,1
3,0.001,1037,1,1.2789951661,114,2
3,0.001,1038,1,1.1459425095,117,1
3,0.001,1039,1,1.0755176871,117,1
3,0.001,1040,1,1.1791264776,117,1
3,0.001,1041,1,1.1067595737,114,2
3,0.001,1042,1,1.1183868084,102,2
3,0.001,1043,1,1.0228493574,114,2
3,0.001,1044,1,1.0733338719,117,1
3,0.001,1045,1,1.1043497570,114,2
3,0.001,1046,1,1.1943149348,117,1
3,0.001,1047,1,1.1948161351,117,1
3,0.001,1048,1,1.1316500999,117,1
3,0.001,1049,1,1.0642811672,102,2
3,0.001,1050,1,1.1938388324,117,1
3,0.001,1051,1,1.1415611163,117,1
3,0.001,1052,1,1.0945094219,117,1
3,0.001,1053,1,1.0809765524,117,1
3,0.001,1054,1,1.1953251044,96,2
3,0.001,1055,1,1.1670579088,102,2
3,0.001,1056,1,1.2633075149,117,1
3,0.001,1057,1,1.0852839533,114,2
3,0.001,1058,1,1.1128145909,114,2
3,0.001,1059,1,1.2126295234,117,1
3,0.001,1060,1,1.1113854785,117,1
3,0.001,1061,1,1.1322060064,114,2
3,0.001,1062,1,1.1764394391,114,2
3,0.001,1063,1,1.2578462951,117,1
3,0.001,1064,1,1.1023940302,117,1
3,0.001,1065,1,1.0230838777,117,1
3,0.001,1066,1,1.0811347754,102,2
3,0.001,1067,1,1.2836996783,114,2
3,0.001,1068,1,1.0987431708,117,1
3,0.001,1069,1,1.1142528460,114,2
3,0.001,1070,1,1.0607393672,114,2
3,0.001,1071,1,1.3039195983,117,1
3,0.001,1072,1,1.0780668886,117,1
3,0.001,1073,1,1.0790554530,117,1
3,0.001,1074,1,1.0664827380,114,2
3,0.001,1075,1,1.2187276763,117,1
3,0.001,1076,1,1.0456648058,102,2
3,0.001,1077,1,1.0240327289,102,2
3,0.001,1078,1,1.2431969662,117,1
3,0.001,1079,1,1.1608639336,114,2
3,0.001,1080,1,1.1771354757,117,1
3,0.001,1081,1,1.1274651286,114,2
3,0.001,1082,1,1.2446353892,114,2
3,0.001,1083,1,1.2196921364,114,2
3,0.001,1084,1,1.1374647851,117,1
3,0.001,1085,1,1.1386289963,114,2
3,0.001,1086,1,1.1477552682,117,1
3,0.001,1087,1,1.2786306975,114,2
3,0.001,1088,1,1.1097238105,117,1
3,0.001,1089,1,1.1471629587,114,2
3,0.001,1090,1,1.1136195765,117,1
3,0.001,1091,1,1.2121218043,114,2
3,0.001,1092,1,1.0827694235,96,2
3,0.001,1093,1,1.2054003615,117,1
3,0.001,1094,1,1.1474432766,114,2
3,0.001,1095,1,1.1107935440,117,1
3,0.001,1096,1,1.1762734870,102,2
3,0.001,1097,1,1.0489551299,117,1
3,0.001,1098,1,1.1086448108,96,2
3,0.001,1099,1,1.0674233502,96,2
3,0.001,1100,1,1.0851142125,117,1
3,0.001,1101,1,1.2590520087,117,1
3,0.001,1102,1,0.9859802961,102,2
3,0.001,1103,1,1.1279418764,114,2
3,0.001,1104,1,1.2343867767,117,1
3,0.001,1105,1,1.0337583638,117,1
3,0.001,1106,1,1.1168328490,114,2
3,0.001,1107,1,1.1155320143,102,2
3,0.001,1108,1,1.1528241331,96,2
3,0.001,1109,1,1.2356295375,117,1
3,0.001,1110,1,1.1415949595,117,1
3,0.001,1111,1,1.1745686301,102,2
3,0.001,1112,1,1.1669486771,117,1
3,0.001,1113,1,1.2118732765,114,2
3,0.001,1114,1,1.1171263539,117,1
3,0.001,1115,1,1.0396949814,102,2
3,0.001,1116,1,1.1156642250,117,1
3,0.001,1117,1,1.0387238326,114,2
3,0.001,1118,1,1.2418552624,117,1
3,0.001,1119,1,1.2486281651,117,1
3,0.001,1120,1,1.0392748456,117,1
3,0.001,1121,1,1.0927763544,114,2
3,0.001,1122,1,1.1906710420,114,2
3,0.001,1123,1,1.1959756862,114,2
3,0.001,1124,1,1.0415392936,114,2
3,0.001,1125,1,1.2169596871,114,2
3,0.001,1126,1,1.1132944218,114,2
3,0.001,1127,1,1.0763131778,117,1
3,0.001,1128,1,1.1252643261,117,1
3,0.001,1129,1,1.0765791885,114,2
3,0.001,1130,1,1.1756641703,114,2
3,0.001,1131,1,1.1203074688,114,2
3,0.001,1132,1,1.2139697653,117,1
3,0.001,1133,1,1.1479215349,117,1
3,0.001,1134,1,1.0631886830,117,1
3,0.001,1135,1,1.0759320203,114,2
3,0.001,1136,1,1.2180525390,114,2
3,0.001,1137,1,1.0835618866,102,2
3,0.001,1138,1,1.1547803352,96,2
3,0.001,1139,1,1.0446561116,117,1
3,0.001,1140,1,1.1234706395,117,1
3,0.001,1141,1,1.1033704700,117,1
3,0.001,1142,1,1.1655390968,114,2
3,0.001,1143,1,1.2083956784,114,2
3,0.001,1144,1,1.1509626461,117,1
3,0.001,1145,1,1.1292122891,117,1
3,0.001,1146,1,1.1309791686,114,2
3,0.001,1147,1,1.0601384132,117,1
3,0.001,1148,1,1.1702855522,114,2
3,0.001,1149,1,1.1210719417,96,2
3,0.001,1150,1,1.2199291846,117,1
3,0.001,1151,1,1.2201223426,114,2
3,0.001,1152,1,1.1634048964,114,2
3,0.001,1153,1,1.2482845374,114,2
3,0.001,1154,1,1.0323584203,114,2
3,0.001,1155,1,1.2178432887,114,2
3,0.001,1156,1,1.0985082511,117,1
3,0.001,1157,1,1.1412532110,117,1
3,0.001,1158,1,1.0089414861,114,2
3,0.001,1159,1,1.1780643414,105,2
3,0.001,1160,1,1.0705169804,117,1
3,0.001,1161,1,1.0594815674,114,2
3,0.001,1162,1,1.0125572195,117,1
3,0.001,1163,1,1.2225644153,117,1
3,0.001,1164,1,1.2832762490,114,2
3,0.001,1165,1,0.9921567818,96,2
3,0.001,1166,1,1.2214590362,117,1
3,0.001,1167,1,1.1431934389,114,2
3,0.001,1168,1,1.1151203635,117,1
3,0.001,1169,1,1.0541527018,114,2
3,0.001,1170,1,1.1498054964,114,2
3,0.001,1171,1,1.0951652235,114,2
3,0.001,1172,1,1.1768649601,114,2
3,0.001,1173,1,1.0758970274,114,2
3,0.001,1174,1,1.1788359663,114,2
3,0.001,1175,1,1.1843948297,117,1
3,0.001,1176,1,1.0666088633,114,2
3,0.001,1177,1,1.1433177786,114,2
3,0.001,1178,1,1.0789559751,117,1
3,0.001,1179,1,1.0444655062,117,1
3,0.001,1180,1,1.1270253054,114,2
3,0.001,1181,1,1.1373313681,114,2
3,0.001,1182,1,1.0134861730,96,2
3,0.001,1183,1,1.0796788225,114,2
3,0.001,1184,1,1.0722660414,117,1
3,0.001,1185,1,1.0670044873,102,2
3,0.001,1186,1,1.1733600015,96,2
3,0.001,1187,1,1.1264258051,117,1
3,0.001,1188,1,1.2027321934,117,1
3,0.001,1189,1,1.1176778090,117,1
3,0.001,1190,1,1.1459033077,114,2
3,0.001,1191,1,1.1056884766,114,2
3,0.001,1192,1,1.0629685088,114,2
3,0.001,1193,1,1.1523336976,96,2
3,0.001,1194,1,1.0874597925,114,2
3,0.001,1195,1,1.1558791107,117,1
3,0.001,1196,1,1.2074791614,114,2
3,0.001,1197,1,0.9740250367,96,2
3,0.001,1198,1,1.1089909451,114,2
3,0.001,1199,1,0.9990515481,117,1
4,0.001,1000,1,1.1150933704,116,1
4,0.001,1001,1,0.9926091344,112,2
4,0.001,1002,1,1.0895948631,92,2
4,0.001,1003,1,1.1255288516,116,1
4,0.001,1004,1,1.2230279159,112,2
4,0.001,1005,1,1.1960024930,116,1
4,0.001,1006,1,1.0733706465,116,1
4,0.001,1007,1,1.1180617462,116,1
4,0.001,1008,1,1.1062745297,88,2
4,0.001,1009,1,1.1683522531,112,2
4,0.001,1010,1,1.1840007677,112,2
4,0.001,1011,1,1.0489862190,116,1
4,0.001,1012,1,1.0345140905,88,2
4,0.001,1013,1,1.1101005392,112,2
4,0.001,1014,1,1.0612302999,116,1
4,0.001,1015,1,1.1937417866,116,1
4,0.001,1016,1,1.1268715811,112,2
4,0.001,1017,1,1.1692041166,112,2
4,0.001,1018,1,1.1996723392,112,2
4,0.001,1019,1,1.1806063993,116,1
4,0.001,1020,1,1.2132734537,116,1
4,0.001,1021,1,1.0505979116,96,2
4,0.001,1022,1,1.2609107821,116,1
4,0.001,1023,1,1.1576194383,112,2
4,0.001,1024,1,1.0570306681,112,2
4,0.001,1025,1,1.1017958384,112,2
4,0.001,1026,1,1.2293765987,116,1
4,0.001,1027,1,1.2752427999,116,1
4,0.001,1028,1,1.1403008685,116,1
4,0.001,1029,1,1.1315136731,92,2
4,0.001,1030,1,1.0198090976,88,2
4,0.001,1031,1,1.1210852152,116,1
4,0.001,1032,1,1.1905750794,116,1
4,0.001,1033,1,0.9840582663,116,1
4,0.001,1034,1,1.0941827047,112,2
4,0.001,1035,1,1.1784102939,116,1
4,0.001,1036,1,1.2043563959,116,1
4,0.001,1037,1,1.2747392909,112,2
4,0.001,1038,1,1.1449508747,116,1
4,0.001,1039,1,1.0746237121,116,1
4,0.001,1040,1,1.1786794591,116,1
4,0.001,1041,1,1.1032253256,112,2
4,0.001,1042,1,1.0943562564,96,2
4,0.001,1043,1,1.0204051494,112,2
4,0.001,1044,1,1.0723066812,116,1
4,0.001,1045,1,1.1025056021,112,2
4,0.001,1046,1,1.1932097437,116,1
4,0.001,1047,1,1.1937297623,116,1
4,0.001,1048,1,1.1316370173,116,1
4,0.001,1049,1,1.0441584906,96,2
4,0.001,1050,1,1.1931056760,116,1
4,0.001,1051,1,1.1412116378,116,1
4,0.001,1052,1,1.0941227195,116,1
4,0.001,1053,1,1.0799442070,116,1
4,0.001,1054,1,1.1643819074,88,2
4,0.001,1055,1,1.1427080297,96,2
4,0.001,1056,1,1.2629181757,116,1
4,0.001,1057,1,1.0826486745,112,2
4,0.001,1058,1,1.1103651343,112,2
4,0.001,1059,1,1.2115744936,116,1
4,0.001,1060,1,1.1109846311,116,1
4,0.001,1061,1,1.1289211208,112,2
4,0.001,1062,1,1.1731746821,112,2
4,0.001,1063,1,1.2567274714,116,1
4,0.001,1064,1,1.1013540979,116,1
4,0.001,1065,1,1.0220622149,116,1
4,0.001,1066,1,1.0783027412,96,2
4,0.001,1067,1,1.2811218642,112,2
4,0.001,1068,1,1.0977636633,116,1
4,0.001,1069,1,1.1106947710,112,2
4,0.001,1070,1,1.0579217168,112,2
4,0.001,1071,1,1.3027041277,116,1
4,0.001,1072,1,1.0780372881,116,1
4,0.001,1073,1,1.0780481332,116,1
4,0.001,1074,1,1.0635518284,112,2
4,0.001,1075,1,1.2176244075,116,1
4,0.001,1076,1,1.0297512448,92,2
4,0.001,1077,1,1.0186047608,96,2
4,0.001,1078,1,1.2420254804,116,1
4,0.001,1079,1,1.1572509139,112,2
4,0.001,1080,1,1.1759824892,116,1
4,0.001,1081,1,1.1247041749,112,2
4,0.001,1082,1,1.2406014833,112,2
4,0.001,1083,1,1.2192700023,112,2
4,0.001,1084,1,1.1366313784,116,1
4,0.001,1085,1,1.1359193706,112,2
4,0.001,1086,1,1.1470304503,116,1
4,0.001,1087,1,1.2761287800,112,2
4,0.001,1088,1,1.1089148066,116,1
4,0.001,1089,1,1.1453780324,112,2
4,0.001,1090,1,1.1135888286,116,1
4,0.001,1091,1,1.2089309722,112,2
4,0.001,1092,1,1.0599380642,88,2
4,0.001,1093,1,1.2042685298,116,1
4,0.001,1094,1,1.1445719550,112,2
4,0.001,1095,1,1.1098003515,116,1
4,0.001,1096,1,1.1699374788,96,2
4,0.001,1097,1,1.0483361690,116,1
4,0.001,1098,1,1.0719080455,88,2
4,0.001,1099,1,1.0434975984,88,2
4,0.001,1100,1,1.0840956694,116,1
4,0.001,1101,1,1.2582830084,116,1
4,0.001,1102,1,0.9587292187,92,2
4,0.001,1103,1,1.1268403034,112,2
4,0.001,1104,1,1.2339252326,116,1
4,0.001,1105,1,1.0327710871,116,1
4,0.001,1106,1,1.1154158703,112,2
4,0.001,1107,1,1.0829908669,92,2
4,0.001,1108,1,1.1294356439,88,2
4,0.001,1109,1,1.2345049098,116,1
4,0.001,1110,1,1.1405620768,116,1
4,0.001,1111,1,1.1664280311,92,2
4,0.001,1112,1,1.1658494285,116,1
4,0.001,1113,1,1.2081600696,112,2
4,0.001,1114,1,1.1167404337,116,1
4,0.001,1115,1,1.0274892987,96,2
4,0.001,1116,1,1.1146005268,116,1
4,0.001,1117,1,1.0381031880,112,2
4,0.001,1118,1,1.2406965782,116,1
4,0.001,1119,1,1.2486122584,116,1
4,0.001,1120,1,1.0382929889,116,1
4,0.001,1121,1,1.0889968395,112,2
4,0.001,1122,1,1.1863876269,112,2
4,0.001,1123,1,1.1925915335,112,2
4,0.001,1124,1,1.0377764883,112,2
4,0.001,1125,1,1.2145306601,112,2
4,0.001,1126,1,1.1098899132,112,2
4,0.001,1127,1,1.0758882704,116,1
4,0.001,1128,1,1.1242497098,116,1
4,0.001,1129,1,1.0727966351,112,2
4,0.001,1130,1,1.1719798419,112,2
4,0.001,1131,1,1.1161837921,112,2
4,0.001,1132,1,1.2132263329,116,1
4,0.001,1133,1,1.1468256103,116,1
4,0.001,1134,1,1.0621800712,116,1
4,0.001,1135,1,1.0721033768,112,2
4,0.001,1136,1,1.2142251803,112,2
4,0.001,1137,1,1.0451505101,92,2
4,0.001,1138,1,1.1281477923,88,2
4,0.001,1139,1,1.0440705316,116,1
4,0.001,1140,1,1.1223896639,116,1
4,0.001,1141,1,1.1023296731,116,1
4,0.001,1142,1,1.1624180638,112,2
4,0.001,1143,1,1.2051752457,112,2
4,0.001,1144,1,1.1498697624,116,1
4,0.001,1145,1,1.1291806231,116,1
4,0.001,1146,1,1.1268822642,112,2
4,0.001,1147,1,1.0591460745,116,1
4,0.001,1148,1,1.1663850252,112,2
4,0.001,1149,1,1.0948307254,88,2
4,0.001,1150,1,1.2188014763,116,1
4,0.001,1151,1,1.2179409591,112,2
4,0.001,1152,1,1.1593298558,112,2
4,0.001,1153,1,1.2478437319,112,2
4,0.001,1154,1,1.0294904524,112,2
4,0.001,1155,1,1.2146654174,112,2
4,0.001,1156,1,1.0976153838,116,1
4,0.001,1157,1,1.1401569538,116,1
4,0.001,1158,1,1.0054663586,112,2
4,0.001,1159,1,1.1533620685,96,2
4,0.001,1160,1,1.0704890041,116,1
4,0.001,1161,1,1.0578012576,112,2
4,0.001,1162,1,1.0116305081,116,1
4,0.001,1163,1,1.2214356370,116,1
4,0.001,1164,1,1.2804854733,112,2
4,0.001,1165,1,0.9647097627,88,2
4,0.001,1166,1,1.2202816448,116,1
4,0.001,1167,1,1.1410579489,112,2
4,0.001,1168,1,1.1141038486,116,1
4,0.001,1169,1,1.0520600036,112,2
4,0.001,1170,1,1.1466277478,112,2
4,0.001,1171,1,1.0916260933,112,2
4,0.001,1172,1,1.1730001856,112,2
4,0.001,1173,1,1.0752432322,112,2
4,0.001,1174,1,1.1745711017,112,2
4,0.001,1175,1,1.1833188188,116,1
4,0.001,1176,1,1.0632404209,112,2
4,0.001,1177,1,1.1406588614,112,2
4,0.001,1178,1,1.0779618728,116,1
4,0.001,1179,1,1.0434748541,116,1
4,0.001,1180,1,1.1235662368,112,2
4,0.001,1181,1,1.1357555168,112,2
4,0.001,1182,1,0.9888922145,88,2
4,0.001,1183,1,1.0762648657,112,2
4,0.001,1184,1,1.0713879502,116,1
4,0.001,1185,1,1.0516839640,96,2
4,0.001,1186,1,1.1334250085,88,2
4,0.001,1187,1,1.1253870635,116,1
4,0.001,1188,1,1.2015948549,116,1
4,0.001,1189,1,1.1172561091,116,1
4,0.001,1190,1,1.1434254740,112,2
4,0.001,1191,1,1.1021606089,112,2
4,0.001,1192,1,1.0626600293,112,2
4,0.001,1193,1,1.1279843101,88,2
4,0.001,1194,1,1.0844974838,112,2
4,0.001,1195,1,1.1551754922,116,1
4,0.001,1196,1,1.2057278723,112,2
4,0.001,1197,1,0.9386011070,88,2
4,0.001,1198,1,1.1058257965,112,2
4,0.001,1199,1,0.9980746921,116,1
5,0.001,1000,1,1.1150324368,115,1
5,0.001,1001,1,0.9888248577,110,2
5,0.001,1002,1,1.0709493718,85,2
5,0.001,1003,1,1.1244793345,115,1
5,0.001,1004,1,1.2188067282,110,2
5,0.001,1005,1,1.1954449201,115,1
5,0.001,1006,1,1.0721454856,115,1
5,0.001,1007,1,1.1167473011,115,1
5,0.001,1008,1,1.0672442891,80,2
5,0.001,1009,1,1.1659585634,110,2
5,0.001,1010,1,1.1824971622,110,2
5,0.001,1011,1,1.0478139167,115,1
5,0.001,1012,1,1.0007852208,80,2
5,0.001,1013,1,1.1071375139,110,2
5,0.001,1014,1,1.0600032609,115,1
5,0.001,1015,1,1.1936708256,115,1
5,0.001,1016,1,1.1245352107,110,2
5,0.001,1017,1,1.1650479292,110,2
5,0.001,1018,1,1.1973075351,110,2
5,0.001,1019,1,1.1797295986,115,1
5,0.001,1020,1,1.2119480612,115,1
5,0.001,1021,1,1.0426611240,90,2
5,0.001,1022,1,1.2608266033,115,1
5,0.001,1023,1,1.1533935324,110,2
5,0.001,1024,1,1.0526121439,110,2
5,0.001,1025,1,1.1005824359,110,2
5,0.001,1026,1,1.2282376097,115,1
5,0.001,1027,1,1.2738115166,115,1
5,0.001,1028,1,1.1394920320,115,1
5,0.001,1029,1,1.1217968360,85,2
5,0.001,1030,1,1.0056681925,80,2
5,0.001,1031,1,1.1203140714,115,1
5,0.001,1032,1,1.1905021800,115,1
5,0.001,1033,1,0.9840108932,115,1
5,0.001,1034,1,1.0911400018,110,2
5,0.001,1035,1,1.1778791891,115,1
5,0.001,1036,1,1.2029513316,115,1
5,0.001,1037,1,1.2698698031,110,2
5,0.001,1038,1,1.1437139483,115,1
5,0.001,1039,1,1.0735558076,115,1
5,0.001,1040,1,1.1781012072,115,1
5,0.001,1041,1,1.0992255025,110,2
5,0.001,1042,1,1.0660044162,90,2
5,0.001,1043,1,1.0176044728,110,2
5,0.001,1044,1,1.0710009413,115,1
5,0.001,1045,1,1.1004412949,110,2
5,0.001,1046,1,1.1918192936,115,1
5,0.001,1047,1,1.1923711775,115,1
5,0.001,1048,1,1.1316164134,115,1
5,0.001,1049,1,1.0212443136,90,2
5,0.001,1050,1,1.1921950027,115,1
5,0.001,1051,1,1.1407858057,115,1
5,0.001,1052,1,1.0936504771,115,1
5,0.001,1053,1,1.0786336264,115,1
5,0.001,1054,1,1.1272287094,80,2
5,0.001,1055,1,1.0894259090,85,2
5,0.001,1056,1,1.2624202411,115,1
5,0.001,1057,1,1.0796475712,110,2
5,0.001,1058,1,1.1075610466,110,2
5,0.001,1059,1,1.2102560842,115,1
5,0.001,1060,1,1.1104677894,115,1
5,0.001,1061,1,1.1252598432,110,2
5,0.001,1062,1,1.1695828777,110,2
5,0.001,1063,1,1.2552960686,115,1
5,0.001,1064,1,1.1000305567,115,1
5,0.001,1065,1,1.0207653639,115,1
5,0.001,1066,1,1.0746668670,90,2
5,0.001,1067,1,1.2781302268,110,2
5,0.001,1068,1,1.0965457706,115,1
5,0.001,1069,1,1.1064473995,110,2
5,0.001,1070,1,1.0547235171,110,2
5,0.001,1071,1,1.3011805992,115,1
5,0.001,1072,1,1.0779788167,115,1
5,0.001,1073,1,1.0767945004,115,1
5,0.001,1074,1,1.0602977546,110,2
5,0.001,1075,1,1.2162549778,115,1
5,0.001,1076,1,1.0157727038,85,2
5,0.001,1077,1,1.0072943595,85,2
5,0.001,1078,1,1.2405303437,115,1
5,0.001,1079,1,1.1527701367,110,2
5,0.001,1080,1,1.1745114806,115,1
5,0.001,1081,1,1.1214821436,110,2
5,0.001,1082,1,1.2358547709,110,2
5,0.001,1083,1,1.2185847812,110,2
5,0.001,1084,1,1.1356311633,115,1
5,0.001,1085,1,1.1327429397,110,2
5,0.001,1086,1,1.1461263469,115,1
5,0.001,1087,1,1.2732814154,110,2
5,0.001,1088,1,1.1079416072,115,1
5,0.001,1089,1,1.1433869177,110,2
5,0.001,1090,1,1.1135269634,115,1
5,0.001,1091,1,1.2051336433,110,2
5,0.001,1092,1,1.0328759851,80,2
5,0.001,1093,1,1.2028315301,115,1
5,0.001,1094,1,1.1412693296,110,2
5,0.001,1095,1,1.1085612717,115,1
5,0.001,1096,1,1.1621328431,90,2
5,0.001,1097,1,1.0475718528,115,1
5,0.001,1098,1,1.0287220186,80,2
5,0.001,1099,1,1.0147001694,80,2
5,0.001,1100,1,1.0828009754,115,1
5,0.001,1101,1,1.2573464857,115,1
5,0.001,1102,1,0.9371451313,85,2
5,0.001,1103,1,1.1253829463,110,2
5,0.001,1104,1,1.2333250010,115,1
5,0.001,1105,1,1.0315423464,115,1
5,0.001,1106,1,1.1137945990,110,2
5,0.001,1107,1,1.0557934847,85,2
5,0.001,1108,1,1.1012977292,80,2
5,0.001,1109,1,1.2330688465,115,1
5,0.001,1110,1,1.1393043232,115,1
5,0.001,1111,1,1.1583889489,85,2
5,0.001,1112,1,1.1644522096,115,1
5,0.001,1113,1,1.2036321964,110,2
5,0.001,1114,1,1.1162510725,115,1
5,0.001,1115,1,1.0134769255,90,2
5,0.001,1116,1,1.1132790914,115,1
5,0.001,1117,1,1.0373172199,110,2
5,0.001,1118,1,1.2392411564,115,1
5,0.001,1119,1,1.2485836202,115,1
5,0.001,1120,1,1.0370619647,115,1
5,0.001,1121,1,1.0845448107,110,2
5,0.001,1122,1,1.1812047393,110,2
5,0.001,1123,1,1.1887547927,110,2
5,0.001,1124,1,1.0332634212,110,2
5,0.001,1125,1,1.2116135472,110,2
5,0.001,1126,1,1.1061024397,110,2
5,0.001,1127,1,1.0753425176,115,1
5,0.001,1128,1,1.1229580433,115,1
5,0.001,1129,1,1.0682628930,110,2
5,0.001,1130,1,1.1675517887,110,2
5,0.001,1131,1,1.1111727270,110,2
5,0.001,1132,1,1.2123203137,115,1
5,0.001,1133,1,1.1454286692,115,1
5,0.001,1134,1,1.0609201326,115,1
5,0.001,1135,1,1.0674768768,110,2
5,0.001,1136,1,1.2099226976,110,2
5,0.001,1137,1,1.0126456428,85,2
5,0.001,1138,1,1.0955408749,80,2
5,0.001,1139,1,1.0433458241,115,1
5,0.001,1140,1,1.1210366663,115,1
5,0.001,1141,1,1.1010575025,115,1
5,0.001,1142,1,1.1588030977,110,2
5,0.001,1143,1,1.2015664969,110,2
5,0.001,1144,1,1.1484774136,115,1
5,0.001,1145,1,1.1291173098,115,1
5,0.001,1146,1,1.1219594302,110,2
5,0.001,1147,1,1.0578878298,115,1
5,0.001,1148,1,1.1617561277,110,2
5,0.001,1149,1,1.0632229540,80,2
5,0.001,1150,1,1.2173648369,115,1
5,0.001,1151,1,1.2153526211,110,2
5,0.001,1152,1,1.1545516478,110,2
5,0.001,1153,1,1.2471233414,110,2
5,0.001,1154,1,1.0262059583,110,2
5,0.001,1155,1,1.2110810973,110,2
5,0.001,1156,1,1.0965545505,115,1
5,0.001,1157,1,1.1387981000,115,1
5,0.001,1158,1,1.0013942327,110,2
5,0.001,1159,1,1.1328369197,90,2
5,0.001,1160,1,1.0704331351,115,1
5,0.001,1161,1,1.0559669189,110,2
5,0.001,1162,1,1.0104562338,115,1
5,0.001,1163,1,1.2200231443,115,1
5,0.001,1164,1,1.2772383411,110,2
5,0.001,1165,1,0.9325277310,80,2
5,0.001,1166,1,1.2187802726,115,1
5,0.001,1167,1,1.1385111807,110,2
5,0.001,1168,1,1.1128333401,115,1
5,0.001,1169,1,1.0496451942,110,2
5,0.001,1170,1,1.1427760006,110,2
5,0.001,1171,1,1.0873490335,110,2
5,0.001,1172,1,1.1684742260,110,2
5,0.001,1173,1,1.0743456416,110,2
5,0.001,1174,1,1.1694910495,110,2
5,0.001,1175,1,1.1819505071,115,1
5,0.001,1176,1,1.0593120110,110,2
5,0.001,1177,1,1.1375629958,110,2
5,0.001,1178,1,1.0766983175,115,1
5,0.001,1179,1,1.0422143015,115,1
5,0.001,1180,1,1.1195221347,110,2
5,0.001,1181,1,1.1339161837,110,2
5,0.001,1182,1,0.9595901279,80,2
5,0.001,1183,1,1.0722166735,110,2
5,0.001,1184,1,1.0703159828,115,1
5,0.001,1185,1,1.0340791935,90,2
5,0.001,1186,1,1.0874260841,80,2
5,0.001,1187,1,1.1240618712,115,1
5,0.001,1188,1,1.2001440725,115,1
5,0.001,1189,1,1.1167193618,115,1
5,0.001,1190,1,1.1405953493,110,2
5,0.001,1191,1,1.0982171765,110,2
5,0.001,1192,1,1.0621621212,110,2
5,0.001,1193,1,1.0979000031,80,2
5,0.001,1194,1,1.0811151344,110,2
5,0.001,1195,1,1.1543058110,115,1
5,0.001,1196,1,1.2037987516,110,2
5,0.001,1197,1,0.8975596423,80,2
5,0.001,1198,1,1.1019166773,110,2
5,0.001,1199,1,0.9968748200,115,1
7,0.001,1000,1,1.1148163688,113,1
7,0.001,1001,1,0.9796467058,106,2
7,0.001,1002,1,1.0478559552,78,2
7,0.001,1003,1,1.1220352909,113,1
7,0.001,1004,1,1.2086340818,106,2
7,0.001,1005,1,1.1939818124,113,1
7,0.001,1006,1,1.0690242106,113,1
7,0.001,1007,1,1.1133718343,113,1
7,0.001,1008,1,1.0157946073,71,2
7,0.001,1009,1,1.1602064867,106,2
7,0.001,1010,1,1.1787769474,106,2
7,0.001,1011,1,1.0450462624,113,1
7,0.001,1012,1,0.9552472174,71,2
7,0.001,1013,1,1.0375354274,85,2
7,0.001,1014,1,1.0568631306,113,1
7,0.001,1015,1,1.1933895812,113,1
7,0.001,1016,1,1.1188633075,106,2
7,0.001,1017,1,1.1319345324,99,2
7,0.001,1018,1,1.1914125208,106,2
7,0.001,1019,1,1.1776496383,113,1
7,0.001,1020,1,1.2086479804,113,1
7,0.001,1021,1,1.0239603616,78,2
7,0.001,1022,1,1.2604998678,113,1
7,0.001,1023,1,1.0541598822,85,2
7,0.001,1024,1,1.0419746660,106,2
7,0.001,1025,1,1.0976864616,106,2
7,0.001,1026,1,1.2255818931,113,1
7,0.001,1027,1,1.2701059999,113,1
7,0.001,1028,1,1.1376826471,113,1
7,0.001,1029,1,1.1086599332,78,2
7,0.001,1030,1,0.9697906761,64,2
7,0.001,1031,1,1.1184187823,113,1
7,0.001,1032,1,1.1902161556,113,1
7,0.001,1033,1,0.9838225382,113,1
7,0.001,1034,1,1.0838071834,106,2
7,0.001,1035,1,1.1764744196,113,1
7,0.001,1036,1,1.1995338248,113,1
7,0.001,1037,1,1.1755319638,85,2
7,0.001,1038,1,1.1406306788,113,1
7,0.001,1039,1,1.0710276289,113,1
7,0.001,1040,1,1.1766056918,113,1
7,0.001,1041,1,1.0899426417,106,2
7,0.001,1042,1,0.9972234160,78,2
7,0.001,1043,1,1.0109270321,106,2
7,0.001,1044,1,1.0676518965,113,1
7,0.001,1045,1,1.0957345089,106,2
7,0.001,1046,1,1.1883795401,113,1
7,0.001,1047,1,1.1891054583,113,1
7,0.001,1048,1,1.1315305275,113,1
7,0.001,1049,1,0.9669354533,78,2
7,0.001,1050,1,1.1900248903,113,1
7,0.001,1051,1,1.1397699869,113,1
7,0.001,1052,1,1.0925223940,113,1
7,0.001,1053,1,1.0752753708,113,1
7,0.001,1054,1,1.0770039462,71,2
7,0.001,1055,1,1.0496010330,78,2
7,0.001,1056,1,1.2611643309,113,1
7,0.001,1057,1,1.0724141154,106,2
7,0.001,1058,1,1.1009364632,106,2
7,0.001,1059,1,1.2069196411,113,1
7,0.001,1060,1,1.1091250612,113,1
7,0.001,1061,1,1.0627406612,85,2
7,0.001,1062,1,1.1613172023,106,2
7,0.001,1063,1,1.2515914300,113,1
7,0.001,1064,1,1.0966266839,113,1
7,0.001,1065,1,1.0174502696,113,1
7,0.001,1066,1,1.0643686558,78,2
7,0.001,1067,1,1.2710491435,106,2
7,0.001,1068,1,1.0935221835,113,1
7,0.001,1069,1,1.0195490619,85,2
7,0.001,1070,1,1.0469855418,106,2
7,0.001,1071,1,1.2974561028,113,1
7,0.001,1072,1,1.0777481681,113,1
7,0.001,1073,1,1.0736291710,113,1
7,0.001,1074,1,1.0526941218,106,2
7,0.001,1075,1,1.2129436458,113,1
7,0.001,1076,1,0.9982385966,78,2
7,0.001,1077,1,0.9969917217,78,2
7,0.001,1078,1,1.2366789873,113,1
7,0.001,1079,1,1.1415383517,106,2
7,0.001,1080,1,1.1707246558,113,1
7,0.001,1081,1,1.1136741983,106,2
7,0.001,1082,1,1.2029750161,99,2
7,0.001,1083,1,1.2163357956,106,2
7,0.001,1084,1,1.1333372736,113,1
7,0.001,1085,1,1.1251583222,106,2
7,0.001,1086,1,1.1438899904,113,1
7,0.001,1087,1,1.2666083372,106,2
7,0.001,1088,1,1.1056425431,113,1
7,0.001,1089,1,1.1385504133,106,2
7,0.001,1090,1,1.1132840995,113,1
7,0.001,1091,1,1.1959661723,106,2
7,0.001,1092,1,0.9956347057,71,2
7,0.001,1093,1,1.1991724020,113,1
7,0.001,1094,1,1.1335363768,106,2
7,0.001,1095,1,1.1055352379,113,1
7,0.001,1096,1,1.1422109506,78,2
7,0.001,1097,1,1.0457396232,113,1
7,0.001,1098,1,0.9726393044,71,2
7,0.001,1099,1,0.9398409843,64,2
7,0.001,1100,1,1.0794829201,113,1
7,0.001,1101,1,1.2552015761,113,1
7,0.001,1102,1,0.8864541793,71,2
7,0.001,1103,1,1.1214744344,106,2
7,0.001,1104,1,1.2317645283,113,1
7,0.001,1105,1,1.0284847447,113,1
7,0.001,1106,1,1.1097371762,106,2
7,0.001,1107,1,0.9899276247,71,2
7,0.001,1108,1,1.0622364330,71,2
7,0.001,1109,1,1.2293618213,113,1
7,0.001,1110,1,1.1363479945,113,1
7,0.001,1111,1,1.1366294439,71,2
7,0.001,1112,1,1.1608726577,113,1
7,0.001,1113,1,1.1926652101,106,2
7,0.001,1114,1,1.1150361565,113,1
7,0.001,1115,1,0.9793469471,78,2
7,0.001,1116,1,1.1099984451,113,1
7,0.001,1117,1,1.0353867568,106,2
7,0.001,1118,1,1.2356426276,113,1
7,0.001,1119,1,1.2484686813,113,1
7,0.001,1120,1,1.0340537426,113,1
7,0.001,1121,1,1.0740929692,106,2
7,0.001,1122,1,1.1688152329,106,2
7,0.001,1123,1,1.1796815115,106,2
7,0.001,1124,1,0.9506016508,85,2
7,0.001,1125,1,1.2043850673,106,2
7,0.001,1126,1,1.0973868548,106,2
7,0.001,1127,1,1.0739395032,113,1
7,0.001,1128,1,1.1196380483,113,1
7,0.001,1129,1,1.0576049476,106,2
7,0.001,1130,1,1.0592188530,85,2
7,0.001,1131,1,1.0991090905,106,2
7,0.001,1132,1,1.2102077643,113,1
7,0.001,1133,1,1.1418374216,113,1
7,0.001,1134,1,1.0577406642,113,1
7,0.001,1135,1,1.0562262124,106,2
7,0.001,1136,1,1.1389136706,85,2
7,0.001,1137,1,0.9338804793,71,2
7,0.001,1138,1,1.0505797039,71,2
7,0.001,1139,1,1.0415702737,113,1
7,0.001,1140,1,1.1177300140,113,1
7,0.001,1141,1,1.0980223308,113,1
7,0.001,1142,1,1.0976714680,85,2
7,0.001,1143,1,1.1932359184,106,2
7,0.001,1144,1,1.1448978456,113,1
7,0.001,1145,1,1.1288688829,113,1
7,0.001,1146,1,1.1107136506,106,2
7,0.001,1147,1,1.0546865267,113,1
7,0.001,1148,1,1.1508906422,106,2
7,0.001,1149,1,0.9814990738,64,2
7,0.001,1150,1,1.2136635570,113,1
7,0.001,1151,1,1.2090281618,106,2
7,0.001,1152,1,1.1436941408,106,2
7,0.001,1153,1,1.2447370203,106,2
7,0.001,1154,1,1.0183753407,106,2
7,0.001,1155,1,1.2027063546,106,2
7,0.001,1156,1,1.0939954008,113,1
7,0.001,1157,1,1.1353807417,113,1
7,0.001,1158,1,0.9920496590,106,2
7,0.001,1159,1,1.0815722677,78,2
7,0.001,1160,1,1.0702128874,113,1
7,0.001,1161,1,1.0517534911,106,2
7,0.001,1162,1,1.0074704230,113,1
7,0.001,1163,1,1.2165448129,113,1
7,0.001,1164,1,1.2693074374,106,2
7,0.001,1165,1,0.8523982687,64,2
7,0.001,1166,1,1.2149412353,113,1
7,0.001,1167,1,1.1319921934,106,2
7,0.001,1168,1,1.1096130354,113,1
7,0.001,1169,1,1.0436863206,106,2
7,0.001,1170,1,1.1335048393,106,2
7,0.001,1171,1,1.0768402428,106,2
7,0.001,1172,1,1.1579062282,106,2
7,0.001,1173,1,1.0719062140,106,2
7,0.001,1174,1,1.1577014448,106,2
7,0.001,1175,1,1.1784571300,113,1
7,0.001,1176,1,1.0500508704,106,2
7,0.001,1177,1,1.1302896535,106,2
7,0.001,1178,1,1.0734718152,113,1
7,0.001,1179,1,1.0389787084,113,1
7,0.001,1180,1,1.1101007473,106,2
7,0.001,1181,1,1.1292942739,106,2
7,0.001,1182,1,0.8849799979,64,2
7,0.001,1183,1,1.0628372469,106,2
7,0.001,1184,1,1.0676579834,113,1
7,0.001,1185,1,0.9911077011,78,2
7,0.001,1186,1,1.0287892751,71,2
7,0.001,1187,1,1.1206519431,113,1
7,0.001,1188,1,1.1964104247,113,1
7,0.001,1189,1,1.1153678018,113,1
7,0.001,1190,1,1.1341259749,106,2
7,0.001,1191,1,1.0891209793,106,2
7,0.001,1192,1,1.0607013875,106,2
7,0.001,1193,1,1.0557143135,71,2
7,0.001,1194,1,1.0730903867,106,2
7,0.001,1195,1,1.1522456611,113,1
7,0.001,1196,1,1.1991211996,106,2
7,0.001,1197,1,0.7996397704,64,2
7,0.001,1198,1,1.0921746775,106,2
7,0.001,1199,1,0.9940824292,113,1
10,0.001,1000,1,1.1143222625,110,1
10,0.001,1001,1,0.9626719526,100,2
10,0.001,1002,1,0.9735433151,60,2
10,0.001,1003,1,1.1178426339,110,1
10,0.001,1004,1,1.1504661116,90,2
10,0.001,1005,1,1.1911814111,110,1
10,0.001,1006,1,1.0632023313,110,1
10,0.001,1007,1,1.1067978672,110,1
10,0.001,1008,1,0.8612914412,50,2
10,0.001,1009,1,1.1267967616,80,2
10,0.001,1010,1,1.1717496257,100,2
10,0.001,1011,1,1.0402203677,110,1
10,0.001,1012,1,0.8169910027,50,2
10,0.001,1013,1,0.9714385685,70,2
10,0.001,1014,1,1.0508431979,110,1
10,0.001,1015,1,1.1925309108,110,1
10,0.001,1016,1,1.0742149832,80,2
10,0.001,1017,1,1.0467594237,80,2
10,0.001,1018,1,1.1011912132,70,2
10,0.001,1019,1,1.1737226927,110,1
10,0.001,1020,1,1.2024603974,110,1
10,0.001,1021,1,0.9887993199,60,2
10,0.001,1022,1,1.2595199055,110,1
10,0.001,1023,1,0.9619664701,70,2
10,0.001,1024,1,1.0228064186,100,2
10,0.001,1025,1,1.0924632807,100,2
10,0.001,1026,1,1.2207553182,110,1
10,0.001,1027,1,1.2627799031,110,1
10,0.001,1028,1,1.1346336217,110,1
10,0.001,1029,1,1.0643086589,60,2
10,0.001,1030,1,0.9277130888,50,2
10,0.001,1031,1,1.1150796884,110,1
10,0.001,1032,1,1.1893447742,110,1
10,0.001,1033,1,0.9832506750,110,1
10,0.001,1034,1,1.0122775933,80,2
10,0.001,1035,1,1.1736991021,110,1
10,0.001,1036,1,1.1932787934,110,1
10,0.001,1037,1,1.0843079025,70,2
10,0.001,1038,1,1.1348453593,110,1
10,0.001,1039,1,1.0666729141,110,1
10,0.001,1040,1,1.1738143234,110,1
10,0.001,1041,1,1.0733165188,100,2
10,0.001,1042,1,0.8663535409,60,2
10,0.001,1043,1,0.9989066708,100,2
10,0.001,1044,1,1.0610803193,110,1
10,0.001,1045,1,1.0873648060,100,2
10,0.001,1046,1,1.1819750937,110,1
10,0.001,1047,1,1.1832592064,110,1
10,0.001,1048,1,1.1313115477,110,1
10,0.001,1049,1,0.8633008426,60,2
10,0.001,1050,1,1.1860045388,110,1
10,0.001,1051,1,1.1381505944,110,1
10,0.001,1052,1,1.0906900368,110,1
10,0.001,1053,1,1.0687294810,110,1
10,0.001,1054,1,0.9226654383,50,2
10,0.001,1055,1,0.9297385669,60,2
10,0.001,1056,1,1.2590013869,110,1
10,0.001,1057,1,0.9535451167,70,2
10,0.001,1058,1,1.0891944551,100,2
10,0.001,1059,1,1.2006858037,110,1
10,0.001,1060,1,1.1065932304,110,1
10,0.001,1061,1,1.0033439255,70,2
10,0.001,1062,1,1.1468266742,100,2
10,0.001,1063,1,1.2442083961,110,1
10,0.001,1064,1,1.0899122773,110,1
10,0.001,1065,1,1.0109899663,110,1
10,0.001,1066,1,1.0407774431,60,2
10,0.001,1067,1,1.1904814519,70,2
10,0.001,1068,1,1.0879107524,110,1
10,0.001,1069,1,0.9403535731,70,2
10,0.001,1070,1,1.0326828505,100,2
10,0.001,1071,1,1.2906282342,110,1
10,0.001,1072,1,1.0770777265,110,1
10,0.001,1073,1,1.0676214308,110,1
10,0.001,1074,1,1.0391549665,100,2
10,0.001,1075,1,1.2069386522,110,1
10,0.001,1076,1,0.9417414183,60,2
10,0.001,1077,1,0.9656578237,60,2
10,0.001,1078,1,1.2290939722,110,1
10,0.001,1079,1,0.9448800085,70,2
10,0.001,1080,1,1.1632601558,110,1
10,0.001,1081,1,1.0992057562,100,2
10,0.001,1082,1,1.1309218859,80,2
10,0.001,1083,1,1.2106171486,100,2
10,0.001,1084,1,1.1294374016,110,1
10,0.001,1085,1,0.9816159902,70,2
10,0.001,1086,1,1.1398352887,110,1
10,0.001,1087,1,1.2547083505,100,2
10,0.001,1088,1,1.1017940234,110,1
10,0.001,1089,1,1.1297654402,100,2
10,0.001,1090,1,1.1125456976,110,1
10,0.001,1091,1,1.1415274560,90,2
10,0.001,1092,1,0.8794007716,50,2
10,0.001,1093,1,1.1924232424,110,1
10,0.001,1094,1,1.0708892307,80,2
10,0.001,1095,1,1.1000042025,110,1
10,0.001,1096,1,1.0996188046,60,2
10,0.001,1097,1,1.0424991334,110,1
10,0.001,1098,1,0.8079807184,50,2
10,0.001,1099,1,0.8502526421,50,2
10,0.001,1100,1,1.0729773447,110,1
10,0.001,1101,1,1.2513887603,110,1
10,0.001,1102,1,0.8379069274,60,2
10,0.001,1103,1,1.0823223448,80,2
10,0.001,1104,1,1.2288370119,110,1
10,0.001,1105,1,1.0227601236,110,1
10,0.001,1106,1,1.0612000086,80,2
10,0.001,1107,1,0.9260583529,60,2
10,0.001,1108,1,0.9389550951,50,2
10,0.001,1109,1,1.2220147197,110,1
10,0.001,1110,1,1.1311389960,110,1
10,0.001,1111,1,1.1098882488,60,2
10,0.001,1112,1,1.1540338186,110,1
10,0.001,1113,1,1.0173087703,70,2
10,0.001,1114,1,1.1129755593,110,1
10,0.001,1115,1,0.9087628211,60,2
10,0.001,1116,1,1.1039237318,110,1
10,0.001,1117,1,1.0316767984,100,2
10,0.001,1118,1,1.2289306431,110,1
10,0.001,1119,1,1.2482132154,110,1
10,0.001,1120,1,1.0285297985,110,1
10,0.001,1121,1,1.0558239783,100,2
10,0.001,1122,1,1.1006059328,90,2
10,0.001,1123,1,1.1632981798,100,2
10,0.001,1124,1,0.8762029895,70,2
10,0.001,1125,1,1.1610199986,90,2
10,0.001,1126,1,1.0563552138,90,2
10,0.001,1127,1,1.0713322603,110,1
10,0.001,1128,1,1.1131547248,110,1
10,0.001,1129,1,0.9643107465,80,2
10,0.001,1130,1,0.9623100971,70,2
10,0.001,1131,1,1.0780583263,100,2
10,0.001,1132,1,1.2065833136,110,1
10,0.001,1133,1,1.1347664022,110,1
10,0.001,1134,1,1.0516697269,110,1
10,0.001,1135,1,1.0353819070,100,2
10,0.001,1136,1,1.0761222539,70,2
10,0.001,1137,1,0.8570266097,60,2
10,0.001,1138,1,0.9122106562,50,2
10,0.001,1139,1,1.0385039647,110,1
10,0.001,1140,1,1.1116406922,110,1
10,0.001,1141,1,1.0927218868,110,1
10,0.001,1142,1,1.0380134745,70,2
10,0.001,1143,1,1.1787000054,100,2
10,0.001,1144,1,1.1378419764,110,1
10,0.001,1145,1,1.1281139734,110,1
10,0.001,1146,1,0.9613283755,70,2
10,0.001,1147,1,1.0487354323,110,1
10,0.001,1148,1,1.0131677216,70,2
10,0.001,1149,1,0.8854869601,50,2
10,0.001,1150,1,1.2064144181,110,1
10,0.001,1151,1,1.1969265953,100,2
10,0.001,1152,1,1.0377322970,80,2
10,0.001,1153,1,1.2386202401,100,2
10,0.001,1154,1,0.8907488703,70,2
10,0.001,1155,1,1.1878526084,100,2
10,0.001,1156,1,1.0896028229,110,1
10,0.001,1157,1,1.1289185704,110,1
10,0.001,1158,1,0.9764012973,100,2
10,0.001,1159,1,0.9738360566,60,2
10,0.001,1160,1,1.0695426047,110,1
10,0.001,1161,1,1.0442949365,100,2
10,0.001,1162,1,1.0019594300,110,1
10,0.001,1163,1,1.2101324525,110,1
10,0.001,1164,1,1.2255266239,90,2
10,0.001,1165,1,0.7589775209,50,2
10,0.001,1166,1,1.2075849738,110,1
10,0.001,1167,1,1.1192143703,100,2
10,0.001,1168,1,1.1034451544,110,1
10,0.001,1169,1,1.0323206221,100,2
10,0.001,1170,1,1.0816694344,90,2
10,0.001,1171,1,1.0121505010,90,2
10,0.001,1172,1,0.9769774891,70,2
10,0.001,1173,1,1.0346239275,70,2
10,0.001,1174,1,1.1363589426,100,2
10,0.001,1175,1,1.1719619249,110,1
10,0.001,1176,1,1.0329211400,100,2
10,0.001,1177,1,1.0744787275,80,2
10,0.001,1178,1,1.0672828334,110,1
10,0.001,1179,1,1.0326628378,110,1
10,0.001,1180,1,1.0935117147,100,2
10,0.001,1181,1,1.1009034190,90,2
10,0.001,1182,1,0.7988837921,50,2
10,0.001,1183,1,1.0461514907,100,2
10,0.001,1184,1,1.0628467711,110,1
10,0.001,1185,1,0.9032016044,60,2
10,0.001,1186,1,0.8630623784,50,2
10,0.001,1187,1,1.1139273237,110,1
10,0.001,1188,1,1.1891010739,110,1
10,0.001,1189,1,1.1129823971,110,1
10,0.001,1190,1,1.0736933993,80,2
10,0.001,1191,1,1.0729259349,100,2
10,0.001,1192,1,1.0373335693,80,2
10,0.001,1193,1,0.9202297383,50,2
10,0.001,1194,1,1.0585906773,100,2
10,0.001,1195,1,1.1485004202,110,1
10,0.001,1196,1,1.1765575203,90,2
10,0.001,1197,1,0.6932718758,50,2
10,0.001,1198,1,0.9163105692,70,2
10,0.001,1199,1,0.9892113857,110,1
15,0.001,1000,1,1.1128253738,105,1
15,0.001,1001,1,0.8566081613,75,2
15,0.001,1002,1,0.8048940685,30,2
15,0.001,1003,1,1.1094042810,105,1
15,0.001,1004,1,0.9663344381,60,2
15,0.001,1005,1,1.1847822323,105,1
15,0.001,1006,1,1.0517585975,105,1
15,0.001,1007,1,1.0932869877,105,1
15,0.001,1008,1,0.6352844980,30,2
15,0.001,1009,1,1.0805167369,60,2
15,0.001,1010,1,1.1581289617,90,2
15,0.001,1011,1,1.0305708156,105,1
15,0.001,1012,1,0.6102829946,30,2
15,0.001,1013,1,0.8008281078,45,2
15,0.001,1014,1,1.0388370357,105,1
15,0.001,1015,1,1.1897332212,105,1
15,0.001,1016,1,1.0119102485,60,2
15,0.001,1017,1,0.9176495597,60,2
15,0.001,1018,1,0.9777471058,45,2
15,0.001,1019,1,1.1653698783,105,1
15,0.001,1020,1,1.1898648013,105,1
15,0.001,1021,1,0.9041564152,30,2
15,0.001,1022,1,1.2563952540,105,1
15,0.001,1023,1,0.7427627165,45,2
15,0.001,1024,1,0.9847400579,90,2
15,0.001,1025,1,1.0823174169,90,2
15,0.001,1026,1,1.2107152989,105,1
15,0.001,1027,1,1.2473207584,105,1
15,0.001,1028,1,1.1286718380,105,1
15,0.001,1029,1,0.9125779282,30,2
15,0.001,1030,1,0.8432000145,30,2
15,0.001,1031,1,1.1076535375,105,1
15,0.001,1032,1,1.1865223087,105,1
15,0.001,1033,1,0.9814090471,105,1
15,0.001,1034,1,0.9167811948,60,2
15,0.001,1035,1,1.1675590087,105,1
15,0.001,1036,1,1.1803934165,105,1
15,0.001,1037,1,0.8561531449,45,2
15,0.001,1038,1,1.1230683440,105,1
15,0.001,1039,1,1.0579277660,105,1
15,0.001,1040,1,1.1672957594,105,1
15,0.001,1041,1,1.0396250018,90,2
15,0.001,1042,1,0.5468591665,30,2
15,0.001,1043,1,0.9746546515,90,2
15,0.001,1044,1,1.0468609522,105,1
15,0.001,1045,1,1.0708619657,90,2
15,0.001,1046,1,1.1685248662,105,1
15,0.001,1047,1,1.1713432583,105,1
15,0.001,1048,1,1.1306187844,105,1
15,0.001,1049,1,0.7481052121,45,2
15,0.001,1050,1,1.1775383699,105,1
15,0.001,1051,1,1.1350159937,105,1
15,0.001,1052,1,1.0873711728,105,1
15,0.001,1053,1,1.0553178500,105,1
15,0.001,1054,1,0.6895809140,30,2
15,0.001,1055,1,0.6496828904,30,2
15,0.001,1056,1,1.2544486418,105,1
15,0.001,1057,1,0.7994405266,45,2
15,0.001,1058,1,1.0659362430,90,2
15,0.001,1059,1,1.1884990178,105,1
15,0.001,1060,1,1.1008025988,105,1
15,0.001,1061,1,0.8484156942,45,2
15,0.001,1062,1,1.1170927270,90,2
15,0.001,1063,1,1.2280209169,105,1
15,0.001,1064,1,1.0753376419,105,1
15,0.001,1065,1,0.9973987268,105,1
15,0.001,1066,1,0.9620283650,30,2
15,0.001,1067,1,1.0723267089,45,2
15,0.001,1068,1,1.0771280909,105,1
15,0.001,1069,1,0.7537104299,45,2
15,0.001,1070,1,1.0028615518,90,2
15,0.001,1071,1,1.2762878915,105,1
15,0.001,1072,1,1.0752301267,105,1
15,0.001,1073,1,1.0555335377,105,1
15,0.001,1074,1,1.0114460299,90,2
15,0.001,1075,1,1.1944068452,105,1
15,0.001,1076,1,0.7735120065,30,2
15,0.001,1077,1,0.8828745855,30,2
15,0.001,1078,1,1.2129581148,105,1
15,0.001,1079,1,0.7257768393,45,2
15,0.001,1080,1,1.1469962635,105,1
15,0.001,1081,1,1.0686311618,90,2
15,0.001,1082,1,1.0323205469,60,2
15,0.001,1083,1,1.1948361334,90,2
15,0.001,1084,1,1.1217882069,105,1
15,0.001,1085,1,0.7836898814,45,2
15,0.001,1086,1,1.1311153489,105,1
15,0.001,1087,1,1.2302997826,90,2
15,0.001,1088,1,1.0942646735,105,1
15,0.001,1089,1,1.1124950082,90,2
15,0.001,1090,1,1.1101991867,105,1
15,0.001,1091,1,0.9597058675,60,2
15,0.001,1092,1,0.7013670812,30,2
15,0.001,1093,1,1.1792896074,105,1
15,0.001,1094,1,0.9873716496,60,2
15,0.001,1095,1,1.0884556537,105,1
15,0.001,1096,1,0.9611550358,30,2
15,0.001,1097,1,1.0355397477,105,1
15,0.001,1098,1,0.5848922972,30,2
15,0.001,1099,1,0.6677634033,30,2
15,0.001,1100,1,1.0594689697,105,1
15,0.001,1101,1,1.2436249524,105,1
15,0.001,1102,1,0.6586173728,30,2
15,0.001,1103,1,1.0207496501,60,2
15,0.001,1104,1,1.2224268144,105,1
15,0.001,1105,1,1.0111450688,105,1
15,0.001,1106,1,0.9960708142,60,2
15,0.001,1107,1,0.6919540768,30,2
15,0.001,1108,1,0.7520918589,30,2
15,0.001,1109,1,1.2059776560,105,1
15,0.001,1110,1,1.1207897966,105,1
15,0.001,1111,1,0.9795589233,30,2
15,0.001,1112,1,1.1405392151,105,1
15,0.001,1113,1,0.8201558807,45,2
15,0.001,1114,1,1.1084872126,105,1
15,0.001,1115,1,0.8213711289,45,2
15,0.001,1116,1,1.0921254036,105,1
15,0.001,1117,1,1.0232939431,90,2
15,0.001,1118,1,1.2149516086,105,1
15,0.001,1119,1,1.2473850554,105,1
15,0.001,1120,1,1.0172152515,105,1
15,0.001,1121,1,1.0193815376,90,2
15,0.001,1122,1,0.9040066804,60,2
15,0.001,1123,1,1.1293798231,90,2
15,0.001,1124,1,0.6992181535,45,2
15,0.001,1125,1,1.0169541595,60,2
15,0.001,1126,1,0.9407850497,60,2
15,0.001,1127,1,1.0654714399,105,1
15,0.001,1128,1,1.0997562853,105,1
15,0.001,1129,1,0.8578821566,60,2
15,0.001,1130,1,0.7389896475,45,2
15,0.001,1131,1,1.0363530371,90,2
15,0.001,1132,1,1.1993718070,105,1
15,0.001,1133,1,1.1195223515,105,1
15,0.001,1134,1,1.0392226326,105,1
15,0.001,1135,1,0.9928277652,90,2
15,0.001,1136,1,0.9244188528,45,2
15,0.001,1137,1,0.5513315836,30,2
15,0.001,1138,1,0.7053330212,30,2
15,0.001,1139,1,1.0322216921,105,1
15,0.001,1140,1,1.0991530003,105,1
15,0.001,1141,1,1.0820064928,105,1
15,0.001,1142,1,0.8851533987,45,2
15,0.001,1143,1,1.1496048391,90,2
15,0.001,1144,1,1.1224780746,105,1
15,0.001,1145,1,1.1256772451,105,1
15,0.001,1146,1,0.7810431686,45,2
15,0.001,1147,1,1.0371575000,105,1
15,0.001,1148,1,0.8599267033,45,2
15,0.001,1149,1,0.6937998233,30,2
15,0.001,1150,1,1.1913220369,105,1
15,0.001,1151,1,1.1710851147,90,2
15,0.001,1152,1,0.9127938440,60,2
15,0.001,1153,1,1.2216412122,90,2
15,0.001,1154,1,0.7214602847,45,2
15,0.001,1155,1,1.1577058806,90,2
15,0.001,1156,1,1.0810301108,105,1
15,0.001,1157,1,1.1163521985,105,1
15,0.001,1158,1,0.9471887155,90,2
15,0.001,1159,1,0.8423407438,45,2
15,0.001,1160,1,1.0673707315,105,1
15,0.001,1161,1,1.0299463898,90,2
15,0.001,1162,1,0.9913766207,105,1
15,0.001,1163,1,1.1967579598,105,1
15,0.001,1164,1,1.0705399305,60,2
15,0.001,1165,1,0.5657631759,30,2
15,0.001,1166,1,1.1922193595,105,1
15,0.001,1167,1,1.0914559593,90,2
15,0.001,1168,1,1.0907197323,105,1
15,0.001,1169,1,1.0075825977,90,2
15,0.001,1170,1,0.9495991106,60,2
15,0.001,1171,1,0.8222467785,60,2
15,0.001,1172,1,0.7534542329,45,2
15,0.001,1173,1,0.9679127868,45,2
15,0.001,1174,1,1.0923996254,90,2
15,0.001,1175,1,1.1592012238,105,1
15,0.001,1176,1,0.9972000992,90,2
15,0.001,1177,1,1.0052657939,60,2
15,0.001,1178,1,1.0545886096,105,1
15,0.001,1179,1,1.0191868664,105,1
15,0.001,1180,1,1.0608392300,90,2
15,0.001,1181,1,1.0069480509,60,2
15,0.001,1182,1,0.6312680866,30,2
15,0.001,1183,1,1.0115899722,90,2
15,0.001,1184,1,1.0528643479,105,1
15,0.001,1185,1,0.7987069469,45,2
15,0.001,1186,1,0.6456283963,30,2
15,0.001,1187,1,1.0993192329,105,1
15,0.001,1188,1,1.1737899207,105,1
15,0.001,1189,1,1.1076991186,105,1
15,0.001,1190,1,0.9958549394,60,2
15,0.001,1191,1,1.0399060350,90,2
15,0.001,1192,1,0.9995556160,60,2
15,0.001,1193,1,0.7044877616,30,2
15,0.001,1194,1,1.0287560818,90,2
15,0.001,1195,1,1.1405139020,105,1
15,0.001,1196,1,1.1060354784,60,2
15,0.001,1197,1,0.4933508372,30,2
15,0.001,1198,1,0.7225270110,45,2
15,0.001,1199,1,0.9798903716,105,1
20,0.001,1000,1,1.1106017251,100,1
20,0.001,1001,1,0.6354382164,40,2
20,0.001,1002,1,0.7185977114,20,2
20,0.001,1003,1,1.0997164467,100,1
20,0.001,1004,1,0.7630234444,40,2
20,0.001,1005,1,1.1764046626,100,1
20,0.001,1006,1,1.0383902415,100,1
20,0.001,1007,1,1.0773233057,100,1
20,0.001,1008,1,0.2285286636,0,1
20,0.001,1009,1,1.0142524207,40,2
20,0.001,1010,1,1.1424197359,80,2
20,0.001,1011,1,1.0193610574,100,1
20,0.001,1012,1,0.2248475249,0,1
20,0.001,1013,1,0.4735351180,20,2
20,0.001,1014,1,1.0247512667,100,1
20,0.001,1015,1,1.1851092631,100,1
20,0.001,1016,1,0.9218991514,40,2
20,0.001,1017,1,0.7324727276,40,2
20,0.001,1018,1,0.7115560468,20,2
20,0.001,1019,1,1.1553602616,100,1
20,0.001,1020,1,1.1753468654,100,1
20,0.001,1021,1,0.1520053121,0,1
20,0.001,1022,1,1.2513792545,100,1
20,0.001,1023,1,0.3829957886,20,2
20,0.001,1024,1,0.9391269135,80,2
20,0.001,1025,1,1.0703744008,80,2
20,0.001,1026,1,1.1986967122,100,1
20,0.001,1027,1,1.2293765414,100,1
20,0.001,1028,1,1.1219500840,100,1
20,0.001,1029,1,0.7977729791,20,2
20,0.001,1030,1,0.2290081496,0,1
20,0.001,1031,1,1.0982277661,100,1
20,0.001,1032,1,1.1818627973,100,1
20,0.001,1033,1,0.9785021506,100,1
20,0.001,1034,1,0.7744098842,40,2
20,0.001,1035,1,1.1593611150,100,1
20,0.001,1036,1,1.1650124846,100,1
20,0.001,1037,1,0.4560582989,20,2
20,0.001,1038,1,1.1094043693,100,1
20,0.001,1039,1,1.0478307158,100,1
20,0.001,1040,1,1.1585932391,100,1
20,0.001,1041,1,0.9977153759,80,2
20,0.001,1042,1,0.3860385727,20,2
20,0.001,1043,1,0.9445849063,80,2
20,0.001,1044,1,1.0299372502,100,1
20,0.001,1045,1,1.0512868140,80,2
20,0.001,1046,1,1.1520402841,100,1
20,0.001,1047,1,1.1573784672,100,1
20,0.001,1048,1,1.1293097239,100,1
20,0.001,1049,1,0.4638667672,20,2
20,0.001,1050,1,1.1674690534,100,1
20,0.001,1051,1,1.1312959484,100,1
20,0.001,1052,1,1.0836098269,100,1
20,0.001,1053,1,1.0403323625,100,1
20,0.001,1054,1,0.2254081264,0,1
20,0.001,1055,1,0.5074354878,20,2
20,0.001,1056,1,1.2490335259,100,1
20,0.001,1057,1,0.4808281658,20,2
20,0.001,1058,1,1.0375117406,80,2
20,0.001,1059,1,1.1741900872,100,1
20,0.001,1060,1,1.0931865088,100,1
20,0.001,1061,1,0.5130931734,20,2
20,0.001,1062,1,1.0788548665,80,2
20,0.001,1063,1,1.2083605548,100,1
20,0.001,1064,1,1.0577618964,100,1
20,0.001,1065,1,0.9816282574,100,1
20,0.001,1066,1,0.8893388148,20,2
20,0.001,1067,1,0.8003319345,20,2
20,0.001,1068,1,1.0652109037,100,1
20,0.001,1069,1,0.4284913845,20,2
20,0.001,1070,1,0.9652861123,80,2
20,0.001,1071,1,1.2589687771,100,1
20,0.001,1072,1,1.0724655422,100,1
20,0.001,1073,1,1.0421236013,100,1
20,0.001,1074,1,0.9764138394,80,2
20,0.001,1075,1,1.1793116504,100,1
20,0.001,1076,1,0.6472190428,20,2
20,0.001,1077,1,0.8213254163,20,2
20,0.001,1078,1,1.1941009328,100,1
20,0.001,1079,1,0.3786380471,20,2
20,0.001,1080,1,1.1271297026,100,1
20,0.001,1081,1,1.0295372386,80,2
20,0.001,1082,1,0.9030564886,40,2
20,0.001,1083,1,1.1018768968,60,2
20,0.001,1084,1,1.1131111346,100,1
20,0.001,1085,1,0.4119107621,20,2
20,0.001,1086,1,1.1205207228,100,1
20,0.001,1087,1,1.1993192016,80,2
20,0.001,1088,1,1.0856943978,100,1
20,0.001,1089,1,1.0923928192,80,2
20,0.001,1090,1,1.1065896515,100,1
20,0.001,1091,1,0.7600608226,40,2
20,0.001,1092,1,0.2253286725,0,1
20,0.001,1093,1,1.1642006003,100,1
20,0.001,1094,1,0.6093922183,20,2
20,0.001,1095,1,1.0746348031,100,1
20,0.001,1096,1,0.8528064618,20,2
20,0.001,1097,1,1.0270014145,100,1
20,0.001,1098,1,0.2238780104,0,1
20,0.001,1099,1,0.2257202130,0,1
20,0.001,1100,1,1.0441046806,100,1
20,0.001,1101,1,1.2345699289,100,1
20,0.001,1102,1,0.1723275447,0,1
20,0.001,1103,1,0.9266897871,40,2
20,0.001,1104,1,1.2144663605,100,1
20,0.001,1105,1,0.9978244907,100,1
20,0.001,1106,1,0.9008225431,40,2
20,0.001,1107,1,0.5705181510,20,2
20,0.001,1108,1,0.2229836005,0,1
20,0.001,1109,1,1.1869986458,100,1
20,0.001,1110,1,1.1088456421,100,1
20,0.001,1111,1,0.8731729690,20,2
20,0.001,1112,1,1.1246345548,100,1
20,0.001,1113,1,0.4912275897,20,2
20,0.001,1114,1,1.1028339372,100,1
20,0.001,1115,1,0.5599340396,20,2
20,0.001,1116,1,1.0792078230,100,1
20,0.001,1117,1,1.0122069646,80,2
20,0.001,1118,1,1.1980528203,100,1
20,0.001,1119,1,1.2459766476,100,1
20,0.001,1120,1,1.0038403923,100,1
20,0.001,1121,1,0.9751754306,80,2
20,0.001,1122,1,0.7212605596,40,2
20,0.001,1123,1,0.9685857944,60,2
20,0.001,1124,1,0.3918351449,20,2
20,0.001,1125,1,0.8591789453,40,2
20,0.001,1126,1,0.8166926673,40,2
20,0.001,1127,1,1.0578770019,100,1
20,0.001,1128,1,1.0836473200,100,1
20,0.001,1129,1,0.7055415195,40,2
20,0.001,1130,1,0.3847663222,20,2
20,0.001,1131,1,0.9858262005,80,2
20,0.001,1132,1,1.1912409988,100,1
20,0.001,1133,1,1.1013625313,100,1
20,0.001,1134,1,1.0247317193,100,1
20,0.001,1135,1,0.9409864181,80,2
20,0.001,1136,1,0.6538937809,20,2
20,0.001,1137,1,0.1751910880,0,1
20,0.001,1138,1,0.2318060338,0,1
20,0.001,1139,1,1.0248732483,100,1
20,0.001,1140,1,1.0842974696,100,1
20,0.001,1141,1,1.0694739391,100,1
20,0.001,1142,1,0.5958392929,20,2
20,0.001,1143,1,1.1135833860,80,2
20,0.001,1144,1,1.1041561400,100,1
20,0.001,1145,1,1.1216867019,100,1
20,0.001,1146,1,0.4521631483,20,2
20,0.001,1147,1,1.0236545349,100,1
20,0.001,1148,1,0.6029208911,20,2
20,0.001,1149,1,0.2312852674,0,1
20,0.001,1150,1,1.1731123384,100,1
20,0.001,1151,1,1.0513923184,60,2
20,0.001,1152,1,0.7373407523,40,2
20,0.001,1153,1,1.1963742128,80,2
20,0.001,1154,1,0.3975795803,20,2
20,0.001,1155,1,1.0298086817,60,2
20,0.001,1156,1,1.0714891254,100,1
20,0.001,1157,1,1.1019434258,100,1
20,0.001,1158,1,0.9132570234,80,2
20,0.001,1159,1,0.4608119046,20,2
20,0.001,1160,1,1.0637948267,100,1
20,0.001,1161,1,1.0136662011,80,2
20,0.001,1162,1,0.9793075340,100,1
20,0.001,1163,1,1.1806773939,100,1
20,0.001,1164,1,0.8902855785,40,2
20,0.001,1165,1,0.2251859415,0,1
20,0.001,1166,1,1.1744420972,100,1
20,0.001,1167,1,1.0561642933,80,2
20,0.001,1168,1,1.0756860510,100,1
20,0.001,1169,1,0.9750862975,80,2
20,0.001,1170,1,0.8284028620,40,2
20,0.001,1171,1,0.6378460713,40,2
20,0.001,1172,1,0.3864381570,20,2
20,0.001,1173,1,0.7863030389,20,2
20,0.001,1174,1,1.0375605088,80,2
20,0.001,1175,1,1.1442135283,100,1
20,0.001,1176,1,0.9523649889,80,2
20,0.001,1177,1,0.8948301894,40,2
20,0.001,1178,1,1.0402509917,100,1
20,0.001,1179,1,1.0031897572,100,1
20,0.001,1180,1,0.9296733451,60,2
20,0.001,1181,1,0.9119802918,40,2
20,0.001,1182,1,0.2261049910,0,1
20,0.001,1183,1,0.6612481329,40,2
20,0.001,1184,1,1.0410328533,100,1
20,0.001,1185,1,0.5284830178,20,2
20,0.001,1186,1,0.2236084036,0,1
20,0.001,1187,1,1.0816923574,100,1
20,0.001,1188,1,1.1563151545,100,1
20,0.001,1189,1,1.1010136567,100,1
20,0.001,1190,1,0.8702106204,40,2
20,0.001,1191,1,0.9984808794,80,2
20,0.001,1192,1,0.9286916517,40,2
20,0.001,1193,1,0.2238517863,0,1
20,0.001,1194,1,0.9913409370,80,2
20,0.001,1195,1,1.1308048568,100,1
20,0.001,1196,1,1.0291647723,40,2
20,0.001,1197,1,0.2492629663,0,1
20,0.001,1198,1,0.4021813357,20,2
20,0.001,1199,1,0.9693280713,100,1
30,0.001,1000,1,1.1037832585,90,1
30,0.001,1001,1,0.0310835439,0,1
30,0.001,1002,1,0.1965857184,0,1
30,0.001,1003,1,1.0770036007,90,1
30,0.001,1004,1,0.0481632907,0,1
30,0.001,1005,1,1.1552710171,90,1
30,0.001,1006,1,1.0062749520,90,1
30,0.001,1007,1,1.0390209478,90,1
30,0.001,1008,1,0.3580855738,0,1
30,0.001,1009,1,0.0577494984,0,1
30,0.001,1010,1,1.0546254724,30,2
30,0.001,1011,1,0.9924884179,90,1
30,0.001,1012,1,0.3461038412,0,1
30,0.001,1013,1,0.1035536917,0,1
30,0.001,1014,1,0.9912081759,90,1
30,0.001,1015,1,1.1710621959,90,1
30,0.001,1016,1,0.0964286824,0,1
30,0.001,1017,1,0.0974636891,0,1
30,0.001,1018,1,0.0488212996,0,1
30,0.001,1019,1,1.1308861555,90,1
30,0.001,1020,1,1.1422332615,90,1
30,0.001,1021,1,0.2622453215,0,1
30,0.001,1022,1,1.2370619267,90,1
30,0.001,1023,1,0.1424315193,0,1
30,0.001,1024,1,0.5736795219,30,2
30,0.001,1025,1,1.0400600527,60,2
30,0.001,1026,1,1.1686096559,90,1
30,0.001,1027,1,1.1869080381,90,1
30,0.001,1028,1,1.1065068482,90,1
30,0.001,1029,1,0.1729362675,0,1
30,0.001,1030,1,0.3589794926,0,1
30,0.001,1031,1,1.0737681795,90,1
30,0.001,1032,1,1.1670507163,90,1
30,0.001,1033,1,0.9700038488,90,1
30,0.001,1034,1,0.0920378539,0,1
30,0.001,1035,1,1.1378398778,90,1
30,0.001,1036,1,1.1276861499,90,1
30,0.001,1037,1,0.1273115491,0,1
30,0.001,1038,1,1.0778470561,90,1
30,0.001,1039,1,1.0236537353,90,1
30,0.001,1040,1,1.1358138946,90,1
30,0.001,1041,1,0.8857456909,60,2
30,0.001,1042,1,0.1592914076,0,1
30,0.001,1043,0,0.0060594792,0,1
30,0.001,1044,1,0.9901758568,90,1
30,0.001,1045,1,1.0015482189,60,2
30,0.001,1046,1,1.1104253736,90,1
30,0.001,1047,1,1.1239273201,90,1
30,0.001,1048,1,1.1246187557,90,1
30,0.001,1049,1,0.1486098180,0,1
30,0.001,1050,1,1.1429400508,90,1
30,0.001,1051,1,1.1220619708,90,1
30,0.001,1052,1,1.0750334266,90,1
30,0.001,1053,1,1.0056866547,90,1
30,0.001,1054,1,0.3477673474,0,1
30,0.001,1055,1,0.1675954527,0,1
30,0.001,1056,1,1.2363017203,90,1
30,0.001,1057,1,0.0568658627,0,1
30,0.001,1058,1,0.9608661338,60,2
30,0.001,1059,1,1.1395987971,90,1
30,0.001,1060,1,1.0733502136,90,1
30,0.001,1061,1,0.1563923865,0,1
30,0.001,1062,1,0.9721081640,60,2
30,0.001,1063,1,1.1596359720,90,1
30,0.001,1064,1,1.0161843663,90,1
30,0.001,1065,1,0.9460135529,90,1
30,0.001,1066,1,0.1746153613,0,1
30,0.001,1067,1,0.0614196383,0,1
30,0.001,1068,1,1.0387284799,90,1
30,0.001,1069,1,0.0749836637,0,1
30,0.001,1070,1,0.6045289624,30,2
30,0.001,1071,1,1.2166485764,90,1
30,0.001,1072,1,1.0642406195,90,1
30,0.001,1073,1,1.0124613234,90,1
30,0.001,1074,1,0.0110956036,0,1
30,0.001,1075,1,1.1419846804,90,1
30,0.001,1076,1,0.1719809974,0,1
30,0.001,1077,1,0.1679833194,0,1
30,0.001,1078,1,1.1486374361,90,1
30,0.001,1079,1,0.0390339090,0,1
30,0.001,1080,1,1.0791766541,90,1
30,0.001,1081,1,0.9244010824,60,2
30,0.001,1082,1,0.1073589955,0,1
30,0.001,1083,1,0.9176082164,30,2
30,0.001,1084,1,1.0927972828,90,1
30,0.001,1085,1,0.0433894016,0,1
30,0.001,1086,1,1.0947737571,90,1
30,0.001,1087,0,0.0043045029,0,1
30,0.001,1088,1,1.0656613462,90,1
30,0.001,1089,0,0.0022264680,0,1
30,0.001,1090,1,1.0960738223,90,1
30,0.001,1091,1,0.0497210345,0,1
30,0.001,1092,1,0.3477201499,0,1
30,0.001,1093,1,1.1291655734,90,1
30,0.001,1094,1,0.1019447775,0,1
30,0.001,1095,1,1.0406495643,90,1
30,0.001,1096,1,0.1839191494,0,1
30,0.001,1097,1,1.0056587982,90,1
30,0.001,1098,1,0.3430620388,0,1
30,0.001,1099,1,0.3461613399,0,1
30,0.001,1100,1,1.0077603776,90,1
30,0.001,1101,1,1.2126347285,90,1
30,0.001,1102,1,0.2933346042,0,1
30,0.001,1103,1,0.0955407047,0,1
30,0.001,1104,1,1.1949366291,90,1
30,0.001,1105,1,0.9686501841,90,1
30,0.001,1106,1,0.0913766149,0,1
30,0.001,1107,1,0.2006634273,0,1
30,0.001,1108,1,0.3419358523,0,1
30,0.001,1109,1,1.1404073987,90,1
30,0.001,1110,1,1.0804307172,90,1
30,0.001,1111,1,0.1964649842,0,1
30,0.001,1112,1,1.0867209328,90,1
30,0.001,1113,1,0.0618323848,0,1
30,0.001,1114,1,1.0884097571,90,1
30,0.001,1115,1,0.1603979797,0,1
30,0.001,1116,1,1.0506109556,90,1
30,0.001,1117,1,0.9791996632,60,2
30,0.001,1118,1,1.1565704049,90,1
30,0.001,1119,1,1.2415855781,90,1
30,0.001,1120,1,0.9714895671,90,1
30,0.001,1121,1,0.8641358777,60,2
30,0.001,1122,1,0.0480601894,0,1
30,0.001,1123,1,0.6742414290,30,2
30,0.001,1124,1,0.0570126399,0,1
30,0.001,1125,1,0.0501640409,0,1
30,0.001,1126,1,0.0702259722,0,1
30,0.001,1127,1,1.0384713421,90,1
30,0.001,1128,1,1.0446253821,90,1
30,0.001,1129,1,0.0884326737,0,1
30,0.001,1130,1,0.1544065593,0,1
30,0.001,1131,0,0.0058703275,0,1
30,0.001,1132,1,1.1727898173,90,1
30,0.001,1133,1,1.0585564331,90,1
30,0.001,1134,1,0.9921623393,90,1
30,0.001,1135,1,0.8094119912,60,2
30,0.001,1136,1,0.0760604141,0,1
30,0.001,1137,1,0.2981131734,0,1
30,0.001,1138,1,0.3602516144,0,1
30,0.001,1139,1,1.0078012415,90,1
30,0.001,1140,1,1.0482251262,90,1
30,0.001,1141,1,1.0391450949,90,1
30,0.001,1142,1,0.0505932343,0,1
30,0.001,1143,0,0.0085232973,0,1
30,0.001,1144,1,1.0601028612,90,1
30,0.001,1145,1,1.1096317551,90,1
30,0.001,1146,1,0.0442284782,0,1
30,0.001,1147,1,0.9914663184,90,1
30,0.001,1148,1,0.0437914334,0,1
30,0.001,1149,1,0.3640017648,0,1
30,0.001,1150,1,1.1287243748,90,1
30,0.001,1151,1,0.8457078743,30,2
30,0.001,1152,1,0.0963883683,0,1
30,0.001,1153,1,0.9310497516,30,2
30,0.001,1154,1,0.0390517651,0,1
30,0.001,1155,1,0.0164568585,0,1
30,0.001,1156,1,1.0498757373,90,1
30,0.001,1157,1,1.0681285669,90,1
30,0.001,1158,1,0.8296882125,60,2
30,0.001,1159,1,0.1368070941,0,1
30,0.001,1160,1,1.0524365891,90,1
30,0.001,1161,0,0.0086417933,0,1
30,0.001,1162,1,0.9516400683,90,1
30,0.001,1163,1,1.1414558923,90,1
30,0.001,1164,1,0.0453990171,0,1
30,0.001,1165,1,0.3465349648,0,1
30,0.001,1166,1,1.1331887928,90,1
30,0.001,1167,1,0.7350074576,30,2
30,0.001,1168,1,1.0412237768,90,1
30,0.001,1169,1,0.8838131136,60,2
30,0.001,1170,1,0.0474340085,0,1
30,0.001,1171,1,0.0532753642,0,1
30,0.001,1172,1,0.0560379345,0,1
30,0.001,1173,1,0.0595089696,0,1
30,0.001,1174,1,0.5652531798,30,2
30,0.001,1175,1,1.1086029097,90,1
30,0.001,1176,1,0.8354956303,60,2
30,0.001,1177,1,0.0565898844,0,1
30,0.001,1178,1,1.0069358764,90,1
30,0.001,1179,1,0.9660953370,90,1
30,0.001,1180,1,0.7043438849,30,2
30,0.001,1181,1,0.0638331065,0,1
30,0.001,1182,1,0.3489799082,0,1
30,0.001,1183,1,0.0197876917,0,1
30,0.001,1184,1,1.0126438938,90,1
30,0.001,1185,1,0.1522095374,0,1
30,0.001,1186,1,0.3426277663,0,1
30,0.001,1187,1,1.0398463224,90,1
30,0.001,1188,1,1.1157816660,90,1
30,0.001,1189,1,1.0840420193,90,1
30,0.001,1190,1,0.0993051041,0,1
30,0.001,1191,1,0.8872662976,60,2
30,0.001,1192,1,0.0841923270,0,1
30,0.001,1193,1,0.3432299130,0,1
30,0.001,1194,1,0.8886028866,60,2
30,0.001,1195,1,1.1065457768,90,1
30,0.001,1196,1,0.0427022569,0,1
30,0.001,1197,1,0.3972568417,0,1
30,0.001,1198,1,0.0458869872,0,1
30,0.001,1199,1,0.9450026939,90,1
40,0.001,1000,1,1.0935286831,80,1
40,0.001,1001,1,0.0509765010,0,1
40,0.001,1002,1,0.2685951752,0,1
40,0.001,1003,1,1.0488032481,80,1
40,0.001,1004,1,0.0777917352,0,1
40,0.001,1005,1,1.1287396082,80,1
40,0.001,1006,1,0.9658334932,80,1
40,0.001,1007,1,0.9924827207,80,1
40,0.001,1008,1,0.4683384040,0,1
40,0.001,1009,1,0.0937160864,0,1
40,0.001,1010,0,0.0055421467,0,1
40,0.001,1011,1,0.9587799756,80,1
40,0.001,1012,1,0.4448985024,0,1
40,0.001,1013,1,0.1627667423,0,1
40,0.001,1014,1,0.9501500698,80,1
40,0.001,1015,1,1.1517945204,80,1
40,0.001,1016,1,0.1529222889,0,1
40,0.001,1017,1,0.1555894602,0,1
40,0.001,1018,1,0.0681040881,0,1
40,0.001,1019,1,1.1000715929,80,1
40,0.001,1020,1,1.1042048021,80,1
40,0.001,1021,1,0.3627739116,0,1
40,0.001,1022,1,1.2169466572,80,1
40,0.001,1023,1,0.2113115309,0,1
40,0.001,1024,1,0.0110367694,0,1
40,0.001,1025,1,0.9982329886,40,2
40,0.001,1026,1,1.1294496427,80,1
40,0.001,1027,1,1.1356087917,80,1
40,0.001,1028,1,1.0877076138,80,1
40,0.001,1029,1,0.2225101475,0,1
40,0.001,1030,1,0.4694441409,0,1
40,0.001,1031,1,1.0409077109,80,1
40,0.001,1032,1,1.1450737861,80,1
40,0.001,1033,1,0.9587645266,80,1
40,0.001,1034,1,0.1477514513,0,1
40,0.001,1035,1,1.1099160351,80,1
40,0.001,1036,1,1.0810592350,80,1
40,0.001,1037,1,0.1984278688,0,1
40,0.001,1038,1,1.0409155481,80,1
40,0.001,1039,1,0.9932107423,80,1
40,0.001,1040,1,1.1062946581,80,1
40,0.001,1041,1,0.7203284731,40,2
40,0.001,1042,1,0.2048145478,0,1
40,0.001,1043,1,0.0161689208,0,1
40,0.001,1044,1,0.9415236605,80,1
40,0.001,1045,0,0.0044886670,0,1
40,0.001,1046,1,1.0567934217,80,1
40,0.001,1047,1,1.0825139833,80,1
40,0.001,1048,1,1.1166878100,80,1
40,0.001,1049,1,0.1914125404,0,1
40,0.001,1050,1,1.1121182035,80,1
40,0.001,1051,1,1.1101339805,80,1
40,0.001,1052,1,1.0648780011,80,1
40,0.001,1053,1,0.9645861160,80,1
40,0.001,1054,1,0.4481531923,0,1
40,0.001,1055,1,0.2201100480,0,1
40,0.001,1056,1,1.2206614324,80,1
40,0.001,1057,1,0.0897951520,0,1
40,0.001,1058,1,0.8420002555,40,2
40,0.001,1059,1,1.0960473458,80,1
40,0.001,1060,1,1.0470679840,80,1
40,0.001,1061,1,0.2386545845,0,1
40,0.001,1062,1,0.8157161485,40,2
40,0.001,1063,1,1.0992406116,80,1
40,0.001,1064,1,0.9661307416,80,1
40,0.001,1065,1,0.9037360144,80,1
40,0.001,1066,1,0.2297052147,0,1
40,0.001,1067,1,0.0972295700,0,1
40,0.001,1068,1,1.0078249121,80,1
40,0.001,1069,1,0.1146837343,0,1
40,0.001,1070,1,0.0118968042,0,1
40,0.001,1071,1,1.1637049410,80,1
40,0.001,1072,1,1.0520478986,80,1
40,0.001,1073,1,0.9783342127,80,1
40,0.001,1074,1,0.0298032848,0,1
40,0.001,1075,1,1.0947597014,80,1
40,0.001,1076,1,0.2208248373,0,1
40,0.001,1077,1,0.2172783623,0,1
40,0.001,1078,1,1.0927006193,80,1
40,0.001,1079,1,0.0534412162,0,1
40,0.001,1080,1,1.0212357115,80,1
40,0.001,1081,1,0.7720450284,40,2
40,0.001,1082,1,0.1678513684,0,1
40,0.001,1083,1,0.0368638168,0,1
40,0.001,1084,1,1.0677079508,80,1
40,0.001,1085,1,0.0691792850,0,1
40,0.001,1086,1,1.0626477170,80,1
40,0.001,1087,1,0.0115532705,0,1
40,0.001,1088,1,1.0407445942,80,1
40,0.001,1089,0,0.0059534813,0,1
40,0.001,1090,1,1.0804935727,80,1
40,0.001,1091,1,0.0800453323,0,1
40,0.001,1092,1,0.4483504808,0,1
40,0.001,1093,1,1.0869266115,80,1
40,0.001,1094,1,0.1591408817,0,1
40,0.001,1095,1,0.9975172616,80,1
40,0.001,1096,1,0.2521752404,0,1
40,0.001,1097,1,0.9780665805,80,1
40,0.001,1098,1,0.4392401652,0,1
40,0.001,1099,1,0.4430117586,0,1
40,0.001,1100,1,0.9634824739,80,1
40,0.001,1101,1,1.1848431316,80,1
40,0.001,1102,1,0.4033624752,0,1
40,0.001,1103,1,0.1497687299,0,1
40,0.001,1104,1,1.1706188764,80,1
40,0.001,1105,1,0.9354670769,80,1
40,0.001,1106,1,0.1444867012,0,1
40,0.001,1107,1,0.2587091798,0,1
40,0.001,1108,1,0.4399343749,0,1
40,0.001,1109,1,1.0820981184,80,1
40,0.001,1110,1,1.0448512516,80,1
40,0.001,1111,1,0.2525283736,0,1
40,0.001,1112,1,1.0402629686,80,1
40,0.001,1113,1,0.1001313926,0,1
40,0.001,1114,1,1.0692031677,80,1
40,0.001,1115,1,0.2064545701,0,1
40,0.001,1116,1,1.0173692414,80,1
40,0.001,1117,1,0.9186471247,40,2
40,0.001,1118,1,1.1044823669,80,1
40,0.001,1119,1,1.2343797935,80,1
40,0.001,1120,1,0.9312339970,80,1
40,0.001,1121,0,0.0059728006,0,1
40,0.001,1122,1,0.0780517857,0,1
40,0.001,1123,1,0.0429665660,0,1
40,0.001,1124,1,0.0794351102,0,1
40,0.001,1125,1,0.0812822654,0,1
40,0.001,1126,1,0.1224061693,0,1
40,0.001,1127,1,1.0133844086,80,1
40,0.001,1128,1,0.9965648434,80,1
40,0.001,1129,1,0.1414876291,0,1
40,0.001,1130,1,0.2273082194,0,1
40,0.001,1131,1,0.0137233108,0,1
40,0.001,1132,1,1.1510029125,80,1
40,0.001,1133,1,1.0070632495,80,1
40,0.001,1134,1,0.9534089633,80,1
40,0.001,1135,1,0.6303349230,40,2
40,0.001,1136,1,0.1184437890,0,1
40,0.001,1137,1,0.4089188652,0,1
40,0.001,1138,1,0.4662702290,0,1
40,0.001,1139,1,0.9873049672,80,1
40,0.001,1140,1,1.0030764784,80,1
40,0.001,1141,1,1.0008508755,80,1
40,0.001,1142,1,0.0684146017,0,1
40,0.001,1143,1,0.0206463891,0,1
40,0.001,1144,1,1.0048545266,80,1
40,0.001,1145,1,1.0930397588,80,1
40,0.001,1146,1,0.0596492533,0,1
40,0.001,1147,1,0.9513871806,80,1
40,0.001,1148,1,0.0610197701,0,1
40,0.001,1149,1,0.4777287068,0,1
40,0.001,1150,1,1.0738880759,80,1
40,0.001,1151,1,0.0322611909,0,1
40,0.001,1152,1,0.1547769481,0,1
40,0.001,1153,1,0.0115067512,0,1
40,0.001,1154,1,0.0536792931,0,1
40,0.001,1155,1,0.0398411770,0,1
40,0.001,1156,1,1.0242154373,80,1
40,0.001,1157,1,1.0270232789,80,1
40,0.001,1158,1,0.7198415328,40,2
40,0.001,1159,1,0.1756246990,0,1
40,0.001,1160,1,1.0359606226,80,1
40,0.001,1161,1,0.0200270657,0,1
40,0.001,1162,1,0.9188519093,80,1
40,0.001,1163,1,1.0925387711,80,1
40,0.001,1164,1,0.0737613474,0,1
40,0.001,1165,1,0.4452093269,0,1
40,0.001,1166,1,1.0836968910,80,1
40,0.001,1167,1,0.0254363347,0,1
40,0.001,1168,1,0.9995606904,80,1
40,0.001,1169,1,0.7479502244,40,2
40,0.001,1170,1,0.0761834655,0,1
40,0.001,1171,1,0.0907621287,0,1
40,0.001,1172,1,0.0842588918,0,1
40,0.001,1173,1,0.0873490451,0,1
40,0.001,1174,0,0.0076600985,0,1
40,0.001,1175,1,1.0649400510,80,1
40,0.001,1176,1,0.6724409199,40,2
40,0.001,1177,1,0.0897748826,0,1
40,0.001,1178,1,0.9667238471,80,1
40,0.001,1179,1,0.9215014797,80,1
40,0.001,1180,1,0.0501985213,0,1
40,0.001,1181,1,0.1119194271,0,1
40,0.001,1182,1,0.4498886397,0,1
40,0.001,1183,1,0.0347561365,0,1
40,0.001,1184,1,0.9778853124,80,1
40,0.001,1185,1,0.1977248067,0,1
40,0.001,1186,1,0.4405189323,0,1
40,0.001,1187,1,0.9895562114,80,1
40,0.001,1188,1,1.0670172077,80,1
40,0.001,1189,1,1.0618876041,80,1
40,0.001,1190,1,0.1607099891,0,1
40,0.001,1191,1,0.7213726586,40,2
40,0.001,1192,1,0.1334689371,0,1
40,0.001,1193,1,0.4398553704,0,1
40,0.001,1194,1,0.7290548461,40,2
40,0.001,1195,1,1.0754377289,80,1
40,0.001,1196,1,0.0693051711,0,1
40,0.001,1197,1,0.5236246690,0,1
40,0.001,1198,1,0.0663909086,0,1
40,0.001,1199,1,0.9154363100,80,1
60,0.001,1000,1,1.0609628933,60,1
60,0.001,1001,1,0.0873580888,0,1
60,0.001,1002,1,0.3908240302,0,1
60,0.001,1003,1,0.9698483629,60,1
60,0.001,1004,1,0.1309684818,0,1
60,0.001,1005,1,1.0578799623,60,1
60,0.001,1006,1,0.8573457348,60,1
60,0.001,1007,1,0.8760125753,60,1
60,0.001,1008,1,0.6398014330,0,1
60,0.001,1009,1,0.1574861497,0,1
60,0.001,1010,1,0.0117577029,0,1
60,0.001,1011,1,0.8667532092,60,1
60,0.001,1012,1,0.5910547489,0,1
60,0.001,1013,1,0.2722694834,0,1
60,0.001,1014,1,0.8436497150,60,1
60,0.001,1015,1,1.0951323960,60,1
60,0.001,1016,1,0.2523367343,0,1
60,0.001,1017,1,0.2618170093,0,1
60,0.001,1018,1,0.0980344352,0,1
60,0.001,1019,1,1.0143265858,60,1
60,0.001,1020,1,1.0097830163,60,1
60,0.001,1021,1,0.5256696378,0,1
60,0.001,1022,1,1.1553298934,60,1
60,0.001,1023,1,0.3282464338,0,1
60,0.001,1024,1,0.0310738382,0,1
60,0.001,1025,0,0.0000000000,0,1
60,0.001,1026,1,1.0171396808,60,1
60,0.001,1027,1,1.0061966013,60,1
60,0.001,1028,1,1.0351817015,60,1
60,0.001,1029,1,0.2951513701,0,1
60,0.001,1030,1,0.6412821225,0,1
60,0.001,1031,1,0.9453450880,60,1
60,0.001,1032,1,1.0791850912,60,1
60,0.001,1033,1,0.9245371206,60,1
60,0.001,1034,1,0.2497535565,0,1
60,0.001,1035,1,1.0327386553,60,1
60,0.001,1036,1,0.9572189841,60,1
60,0.001,1037,1,0.3285844846,0,1
60,0.001,1038,1,0.9473808149,60,1
60,0.001,1039,1,0.9091503596,60,1
60,0.001,1040,1,1.0261928484,60,1
60,0.001,1041,1,0.0164407317,0,1
60,0.001,1042,1,0.2733129006,0,1
60,0.001,1043,1,0.0369412716,0,1
60,0.001,1044,1,0.8183777115,60,1
60,0.001,1045,1,0.0109164794,0,1
60,0.001,1046,1,0.9130265274,60,1
60,0.001,1047,1,0.9707356043,60,1
60,0.001,1048,1,1.0894065628,60,1
60,0.001,1049,1,0.2541027194,0,1
60,0.001,1050,1,1.0263814070,60,1
60,0.001,1051,1,1.0750981376,60,1
60,0.001,1052,1,1.0379950994,60,1
60,0.001,1053,1,0.8614614777,60,1
60,0.001,1054,1,0.5984177662,0,1
60,0.001,1055,1,0.3061754398,0,1
60,0.001,1056,1,1.1779812606,60,1
60,0.001,1057,1,0.1526022250,0,1
60,0.001,1058,1,0.0117038396,0,1
60,0.001,1059,1,0.9798728269,60,1
60,0.001,1060,1,0.9730660004,60,1
60,0.001,1061,1,0.3858207826,0,1
60,0.001,1062,0,0.0000000000,0,1
60,0.001,1063,1,0.9468772956,60,1
60,0.001,1064,1,0.8430699983,60,1
60,0.001,1065,1,0.7993392209,60,1
60,0.001,1066,1,0.3139822249,0,1
60,0.001,1067,1,0.1651353802,0,1
60,0.001,1068,1,0.9289564253,60,1
60,0.001,1069,1,0.1891919428,0,1
60,0.001,1070,1,0.0330955360,0,1
60,0.001,1071,1,1.0252005353,60,1
60,0.001,1072,1,1.0124195909,60,1
60,0.001,1073,1,0.8958397929,60,1
60,0.001,1074,1,0.0742648775,0,1
60,0.001,1075,1,0.9665602361,60,1
60,0.001,1076,1,0.2917521902,0,1
60,0.001,1077,1,0.2913563301,0,1
60,0.001,1078,1,0.9497037994,60,1
60,0.001,1079,1,0.0868972383,0,1
60,0.001,1080,1,0.8761029712,60,1
60,0.001,1081,0,0.0000000000,0,1
60,0.001,1082,1,0.2735997405,0,1
60,0.001,1083,1,0.0871824972,0,1
60,0.001,1084,1,0.9969990709,60,1
60,0.001,1085,1,0.1257338666,0,1
60,0.001,1086,1,0.9762903309,60,1
60,0.001,1087,1,0.0254665457,0,1
60,0.001,1088,1,0.9701850071,60,1
60,0.001,1089,1,0.0119101439,0,1
60,0.001,1090,1,1.0294426302,60,1
60,0.001,1091,1,0.1339671661,0,1
60,0.001,1092,1,0.5992579859,0,1
60,0.001,1093,1,0.9781585558,60,1
60,0.001,1094,1,0.2578495378,0,1
60,0.001,1095,1,0.8808116104,60,1
60,0.001,1096,1,0.3691454173,0,1
60,0.001,1097,1,0.8994336338,60,1
60,0.001,1098,1,0.5792600466,0,1
60,0.001,1099,1,0.5837788695,0,1
60,0.001,1100,1,0.8504752742,60,1
60,0.001,1101,1,1.1071827195,60,1
60,0.001,1102,1,0.5813381691,0,1
60,0.001,1103,1,0.2437210784,0,1
60,0.001,1104,1,1.1049554038,60,1
60,0.001,1105,1,0.8538909794,60,1
60,0.001,1106,1,0.2391892486,0,1
60,0.001,1107,1,0.3450854211,0,1
60,0.001,1108,1,0.5878417251,0,1
60,0.001,1109,1,0.9316454514,60,1
60,0.001,1110,1,0.9466025912,60,1
60,0.001,1111,1,0.3339953761,0,1
60,0.001,1112,1,0.9189468518,60,1
60,0.001,1113,1,0.1752118600,0,1
60,0.001,1114,1,1.0144640961,60,1
60,0.001,1115,1,0.2740257447,0,1
60,0.001,1116,1,0.9324825000,60,1
60,0.001,1117,1,0.0160186420,0,1
60,0.001,1118,1,0.9688742529,60,1
60,0.001,1119,1,1.2097147884,60,1
60,0.001,1120,1,0.8244658973,60,1
60,0.001,1121,1,0.0219250183,0,1
60,0.001,1122,1,0.1324580078,0,1
60,0.001,1123,1,0.1071600652,0,1
60,0.001,1124,1,0.1179598450,0,1
60,0.001,1125,1,0.1377469259,0,1
60,0.001,1126,1,0.2252767023,0,1
60,0.001,1127,1,0.9443671058,60,1
60,0.001,1128,1,0.8749795107,60,1
60,0.001,1129,1,0.2365907480,0,1
60,0.001,1130,1,0.3501052757,0,1
60,0.001,1131,1,0.0285870515,0,1
60,0.001,1132,1,1.0939150177,60,1
60,0.001,1133,1,0.8791151810,60,1
60,0.001,1134,1,0.8571801258,60,1
60,0.001,1135,0,0.0013085479,0,1
60,0.001,1136,1,0.1986549917,0,1
60,0.001,1137,1,0.5870468688,0,1
60,0.001,1138,1,0.6250571054,0,1
60,0.001,1139,1,0.9324032599,60,1
60,0.001,1140,1,0.8836285257,60,1
60,0.001,1141,1,0.8952306584,60,1
60,0.001,1142,1,0.0947333921,0,1
60,0.001,1143,1,0.0459497308,0,1
60,0.001,1144,1,0.8617943805,60,1
60,0.001,1145,1,1.0445056078,60,1
60,0.001,1146,1,0.0825878616,0,1
60,0.001,1147,1,0.8439297865,60,1
60,0.001,1148,1,0.0885238156,0,1
60,0.001,1149,1,0.6561697906,0,1
60,0.001,1150,1,0.9347384329,60,1
60,0.001,1151,1,0.0779660326,0,1
60,0.001,1152,1,0.2623051592,0,1
60,0.001,1153,1,0.0421229651,0,1
60,0.001,1154,1,0.0763249052,0,1
60,0.001,1155,1,0.0929427678,0,1
60,0.001,1156,1,0.9563228990,60,1
60,0.001,1157,1,0.9224578786,60,1
60,0.001,1158,0,0.0076695571,0,1
60,0.001,1159,1,0.2335214224,0,1
60,0.001,1160,1,0.9867589725,60,1
60,0.001,1161,1,0.0433036552,0,1
60,0.001,1162,1,0.8355145828,60,1
60,0.001,1163,1,0.9649954570,60,1
60,0.001,1164,1,0.1249580515,0,1
60,0.001,1165,1,0.5907506198,0,1
60,0.001,1166,1,0.9601895567,60,1
60,0.001,1167,1,0.0647983701,0,1
60,0.001,1168,1,0.8946226936,60,1
60,0.001,1169,0,0.0000000000,0,1
60,0.001,1170,1,0.1280531968,0,1
60,0.001,1171,1,0.1648287588,0,1
60,0.001,1172,1,0.1347947856,0,1
60,0.001,1173,1,0.1368559703,0,1
60,0.001,1174,1,0.0202733425,0,1
60,0.001,1175,1,0.9503082494,60,1
60,0.001,1176,1,0.0125463653,0,1
60,0.001,1177,1,0.1470073627,0,1
60,0.001,1178,1,0.8646850882,60,1
60,0.001,1179,1,0.8105697550,60,1
60,0.001,1180,1,0.1161586521,0,1
60,0.001,1181,1,0.2075777732,0,1
60,0.001,1182,1,0.6008103508,0,1
60,0.001,1183,1,0.0665138234,0,1
60,0.001,1184,1,0.8853596412,60,1
60,0.001,1185,1,0.2659716083,0,1
60,0.001,1186,1,0.5880942606,0,1
60,0.001,1187,1,0.8645661893,60,1
60,0.001,1188,1,0.9446398024,60,1
60,0.001,1189,1,0.9990757672,60,1
60,0.001,1190,1,0.2744029631,0,1
60,0.001,1191,0,0.0000000000,0,1
60,0.001,1192,1,0.2207406153,0,1
60,0.001,1193,1,0.5819999295,0,1
60,0.001,1194,0,0.0000000000,0,1
60,0.001,1195,1,0.9883590693,60,1
60,0.001,1196,1,0.1173597965,0,1
60,0.001,1197,1,0.7190362320,0,1
60,0.001,1198,1,0.1101818335,0,1
60,0.001,1199,1,0.8358577343,60,1
1,0.002,1000,1,1.1105190060,114,8
1,0.002,1001,1,0.9964407861,115,7
1,0.002,1002,1,1.1268436733,117,4
1,0.002,1003,1,1.1221767180,115,7
1,0.002,1004,1,1.2272832225,115,7
1,0.002,1005,1,1.1913080166,114,8
1,0.002,1006,1,0.8764582332,42,8
1,0.002,1007,1,1.1158609963,115,7
1,0.002,1008,1,1.1141218600,91,7
1,0.002,1009,1,0.3234130142,3,9
1,0.002,1010,1,1.1851442587,116,5
1,0.002,1011,1,1.0156513880,101,5
1,0.002,1012,1,0.0565078981,3,9
1,0.002,1013,1,1.1123358062,114,8
1,0.002,1014,1,1.0621398554,116,5
1,0.002,1015,1,1.1916090682,115,7
1,0.002,1016,1,0.3238805775,3,8
1,0.002,1017,1,1.1712767916,114,8
1,0.002,1018,1,1.2023880634,115,7
1,0.002,1019,1,1.1323053548,94,8
1,0.002,1020,1,1.2142659136,116,5
1,0.002,1021,1,1.0661658948,115,7
1,0.002,1022,1,1.2587516149,115,7
1,0.002,1023,1,0.7761679569,50,8
1,0.002,1024,1,1.0138210296,99,8
1,0.002,1025,1,1.1032696331,115,7
1,0.002,1026,1,1.1603930787,89,8
1,0.002,1027,1,0.1205055037,3,10
1,0.002,1028,1,1.1349773966,113,10
1,0.002,1029,1,1.1473176994,116,5
1,0.002,1030,1,1.0298072025,96,5
1,0.002,1031,1,1.1179097334,115,7
1,0.002,1032,1,1.1879392931,115,7
1,0.002,1033,1,0.9840285431,116,5
1,0.002,1034,1,0.6400216622,29,7
1,0.002,1035,1,1.0699621153,73,7
1,0.002,1036,1,1.2028319948,115,7
1,0.002,1037,1,0.5909687436,28,7
1,0.002,1038,1,1.0416041385,78,11
1,0.002,1039,1,0.9172914676,80,11
1,0.002,1040,1,1.1782709241,116,5
1,0.002,1041,1,1.1010467019,113,10
1,0.002,1042,1,1.0987494057,98,7
1,0.002,1043,1,0.4344540388,24,10
1,0.002,1044,1,0.9976344075,91,8
1,0.002,1045,1,1.1024040057,115,7
1,0.002,1046,1,0.4197141624,4,12
1,0.002,1047,1,0.6943206936,43,13
1,0.002,1048,1,1.1303829948,115,7
1,0.002,1049,1,1.0775602667,101,7
1,0.002,1050,1,1.1936873844,116,5
1,0.002,1051,1,1.1283450277,101,7
1,0.002,1052,1,1.0762313643,103,8
1,0.002,1053,1,0.7536545920,47,7
1,0.002,1054,1,0.6960871486,3,8
1,0.002,1055,1,1.1712934967,99,7
1,0.002,1056,1,1.0655099013,76,8
1,0.002,1057,1,1.0864999288,115,7
1,0.002,1058,1,1.0642594961,99,8
1,0.002,1059,1,0.8485896262,36,8
1,0.002,1060,1,1.1106893497,117,4
1,0.002,1061,1,0.4799601620,3,9
1,0.002,1062,1,1.1434322416,101,7
1,0.002,1063,1,0.2390959343,13,7
1,0.002,1064,1,1.0999765927,114,8
1,0.002,1065,1,0.3784696185,4,12
1,0.002,1066,1,1.0827425601,116,5
1,0.002,1067,1,1.2776006286,113,10
1,0.002,1068,1,0.1767310273,2,6
1,0.002,1069,1,1.0590654786,96,7
1,0.002,1070,1,1.0582456606,101,7
1,0.002,1071,1,1.3010422507,115,7
1,0.002,1072,1,1.0742032265,114,8
1,0.002,1073,1,0.7560538095,39,7
1,0.002,1074,1,1.0294831860,99,11
1,0.002,1075,1,1.2121772084,114,8
1,0.002,1076,1,0.0876442664,3,9
1,0.002,1077,1,1.0170456885,104,7
1,0.002,1078,1,1.2297788404,112,11
1,0.002,1079,1,1.1626533589,115,7
1,0.002,1080,1,0.0575669366,5,15
1,0.002,1081,1,1.1263279811,115,7
1,0.002,1082,1,1.2380495617,113,10
1,0.002,1083,1,1.2198152558,116,5
1,0.002,1084,1,1.1281160393,113,10
1,0.002,1085,1,0.8772403294,46,7
1,0.002,1086,1,1.1446105223,115,7
1,0.002,1087,1,1.2715140758,112,11
1,0.002,1088,1,1.1006888348,113,10
1,0.002,1089,1,1.1478777401,116,5
1,0.002,1090,1,1.0642675541,97,7
1,0.002,1091,1,0.0391013318,4,12
1,0.002,1092,1,1.0949338282,102,5
1,0.002,1093,1,1.2053653548,116,5
1,0.002,1094,1,1.1420227926,113,10
1,0.002,1095,1,1.0946963537,101,5
1,0.002,1096,1,1.1821288428,116,5
1,0.002,1097,1,0.9261340009,80,8
1,0.002,1098,1,0.6652914254,2,7
1,0.002,1099,1,1.0482330418,91,7
1,0.002,1100,1,1.0228144196,96,7
1,0.002,1101,1,1.2562243709,115,7
1,0.002,1102,1,0.6441937450,32,8
1,0.002,1103,1,1.1261588816,115,7
1,0.002,1104,1,1.2330274068,115,7
1,0.002,1105,1,0.3101728623,3,10
1,0.002,1106,1,1.1179711049,117,4
1,0.002,1107,1,1.1219775459,100,7
1,0.002,1108,1,1.1651501527,102,5
1,0.002,1109,1,1.2307299398,115,7
1,0.002,1110,1,1.1407332578,116,5
1,0.002,1111,1,1.1791414869,116,5
1,0.002,1112,1,0.0488444981,5,15
1,0.002,1113,1,1.2115117538,114,8
1,0.002,1114,1,1.1137642151,115,7
1,0.002,1115,1,1.0268754796,103,7
1,0.002,1116,1,1.1130113223,114,8
1,0.002,1117,1,0.4032310205,4,12
1,0.002,1118,1,0.6469145447,28,8
1,0.002,1119,1,1.2461271284,115,7
1,0.002,1120,1,1.0369623450,115,7
1,0.002,1121,1,1.0924045649,115,7
1,0.002,1122,1,1.1839990670,113,10
1,0.002,1123,1,1.1811459793,102,7
1,0.002,1124,1,1.0359335371,113,10
1,0.002,1125,1,1.0387810113,67,10
1,0.002,1126,1,1.1060083467,112,11
1,0.002,1127,1,0.5772475280,28,8
1,0.002,1128,1,1.1235550411,116,5
1,0.002,1129,1,1.0684981576,112,11
1,0.002,1130,1,0.8015869105,53,8
1,0.002,1131,1,0.9021482888,71,7
1,0.002,1132,1,0.9878501119,43,7
1,0.002,1133,1,1.1355552927,112,11
1,0.002,1134,1,1.0380198124,100,7
1,0.002,1135,1,1.0753525106,115,7
1,0.002,1136,1,1.2114455363,113,10
1,0.002,1137,1,0.2010769348,3,9
1,0.002,1138,1,0.9343513365,28,7
1,0.002,1139,1,1.0433077632,115,7
1,0.002,1140,1,1.1200661331,115,7
1,0.002,1141,1,0.2645902549,3,9
1,0.002,1142,1,0.1245050639,4,13
1,0.002,1143,1,1.2071863971,115,7
1,0.002,1144,1,0.9300405083,70,8
1,0.002,1145,1,1.1266746648,115,7
1,0.002,1146,1,1.1246494801,113,10
1,0.002,1147,1,0.1013860091,3,9
1,0.002,1148,1,1.1637457780,113,10
1,0.002,1149,1,0.6314118366,13,7
1,0.002,1150,1,1.2172409508,115,7
1,0.002,1151,1,1.2209151472,116,5
1,0.002,1152,1,1.1628255009,115,7
1,0.002,1153,1,1.2484939225,117,4
1,0.002,1154,1,1.0272886784,113,10
1,0.002,1155,1,1.2138061549,113,10
1,0.002,1156,1,1.0618201507,98,7
1,0.002,1157,1,1.1352179129,114,8
1,0.002,1158,1,1.0014224270,112,11
1,0.002,1159,1,1.1974613080,116,5
1,0.002,1160,1,1.0602300599,100,7
1,0.002,1161,1,1.0575026739,114,8
1,0.002,1162,1,1.0025521613,112,11
1,0.002,1163,1,1.1655026068,98,7
1,0.002,1164,1,0.2059248905,3,9
1,0.002,1165,1,0.6589111886,2,7
1,0.002,1166,1,1.2116292912,113,10
1,0.002,1167,1,1.1426897005,114,8
1,0.002,1168,1,0.1381573803,3,10
1,0.002,1169,1,0.0445547991,5,15
1,0.002,1170,1,1.1440014250,101,7
1,0.002,1171,1,1.0862153237,106,7
1,0.002,1172,1,0.2103371259,4,12
1,0.002,1173,1,1.0759600414,116,5
1,0.002,1174,1,0.0428891730,4,12
1,0.002,1175,1,0.9387021881,61,7
1,0.002,1176,1,1.0700504661,117,4
1,0.002,1177,1,1.1394941385,113,10
1,0.002,1178,1,0.0553527321,3,10
1,0.002,1179,1,1.0325148339,112,11
1,0.002,1180,1,1.0152768233,81,8
1,0.002,1181,1,1.1369295670,115,7
1,0.002,1182,1,1.0237244251,101,5
1,0.002,1183,1,1.0782428355,114,8
1,0.002,1184,1,0.0904483306,3,9
1,0.002,1185,1,1.0619789498,101,5
1,0.002,1186,1,0.5906957843,2,7
1,0.002,1187,1,0.6513536124,41,14
1,0.002,1188,1,1.1919913140,113,10
1,0.002,1189,1,1.1173563318,117,4
1,0.002,1190,1,1.0226233811,68,7
1,0.002,1191,1,0.0329053814,5,15
1,0.002,1192,1,1.0628566392,115,7
1,0.002,1193,1,0.1014971679,3,9
1,0.002,1194,1,0.2206429442,14,10
1,0.002,1195,1,1.1321703385,99,5
1,0.002,1196,1,1.2057362791,115,7
1,0.002,1197,1,1.0285705598,115,7
1,0.002,1198,1,1.1043456316,99,7
1,0.002,1199,1,0.9583285180,99,8
2,0.002,1000,1,1.1070171025,112,5
2,0.002,1001,1,0.9952369122,114,4
2,0.002,1002,1,0.8854042459,34,4
2,0.002,1003,1,1.0890091840,98,4
2,0.002,1004,1,1.1160821862,64,4
2,0.002,1005,1,1.1877079686,112,5
2,0.002,1006,1,0.7975430139,32,5
2,0.002,1007,1,1.1139323567,114,4
2,0.002,1008,1,1.1224010355,92,4
2,0.002,1009,1,1.0979099941,94,4
2,0.002,1010,1,1.1859984869,116,2
2,0.002,1011,1,0.3577885605,10,5
2,0.002,1012,1,0.9992092751,82,5
2,0.002,1013,1,1.1095498370,112,5
2,0.002,1014,1,1.0628729132,116,2
2,0.002,1015,1,1.1909345391,114,4
2,0.002,1016,1,0.5648123802,32,4
2,0.002,1017,1,0.8826155100,58,5
2,0.002,1018,1,1.2017260154,114,4
2,0.002,1019,1,1.1197998199,90,5
2,0.002,1020,1,1.2151065597,116,2
2,0.002,1021,1,1.0643364163,114,4
2,0.002,1022,1,1.2581323634,114,4
2,0.002,1023,1,0.7546016968,48,5
2,0.002,1024,1,0.9951382827,94,5
2,0.002,1025,1,1.1028637255,114,4
2,0.002,1026,1,1.1135669935,78,5
2,0.002,1027,1,1.1788312608,90,5
2,0.002,1028,1,1.1368624928,114,4
2,0.002,1029,1,1.1477496607,116,2
2,0.002,1030,1,1.0502312099,116,2
2,0.002,1031,1,1.0051529681,76,4
2,0.002,1032,1,1.1872950119,114,4
2,0.002,1033,1,0.9840674659,116,2
2,0.002,1034,1,0.5750976891,24,4
2,0.002,1035,1,1.1448073182,96,4
2,0.002,1036,1,1.2009037873,114,4
2,0.002,1037,1,0.4898973539,22,4
2,0.002,1038,1,1.1060220682,96,5
2,0.002,1039,1,0.9874545047,92,5
2,0.002,1040,1,1.1786794591,116,2
2,0.002,1041,1,1.1040418246,114,4
2,0.002,1042,1,1.1025632507,98,4
2,0.002,1043,1,0.9897555970,100,4
2,0.002,1044,1,0.9929285376,92,5
2,0.002,1045,1,1.1003715329,114,4
2,0.002,1046,1,1.0997972608,90,4
2,0.002,1047,1,1.1139530922,94,4
2,0.002,1048,1,1.1300217402,114,4
2,0.002,1049,1,1.0725802684,98,4
2,0.002,1050,1,1.1943534058,116,2
2,0.002,1051,1,1.1231861530,96,4
2,0.002,1052,1,1.0699382269,102,5
2,0.002,1053,1,1.0757732808,114,4
2,0.002,1054,1,0.6108278111,34,4
2,0.002,1055,1,1.1590126376,94,4
2,0.002,1056,1,1.0350234489,72,5
2,0.002,1057,1,1.0858611611,114,4
2,0.002,1058,1,1.0486731870,94,5
2,0.002,1059,1,0.6482365831,22,5
2,0.002,1060,1,1.0706788053,92,4
2,0.002,1061,1,1.0524214121,94,4
2,0.002,1062,1,1.1348803630,98,4
2,0.002,1063,1,0.1830023749,2,3
2,0.002,1064,1,1.1031018655,116,2
2,0.002,1065,1,0.9580734088,96,5
2,0.002,1066,1,1.0834984454,116,2
2,0.002,1067,1,1.2800837318,114,4
2,0.002,1068,1,0.4259843589,12,4
2,0.002,1069,1,1.0545461638,94,4
2,0.002,1070,1,1.0549011853,96,4
2,0.002,1071,1,1.2989094882,114,4
2,0.002,1072,1,1.0716038408,112,5
2,0.002,1073,1,1.0174109073,94,4
2,0.002,1074,1,1.0604982244,112,5
2,0.002,1075,1,1.2076767833,112,5
2,0.002,1076,1,1.0358849177,104,4
2,0.002,1077,1,1.0140472552,102,4
2,0.002,1078,1,1.2311064646,112,5
2,0.002,1079,1,1.1619230739,114,4
2,0.002,1080,1,1.0981397449,90,5
2,0.002,1081,1,1.0877417954,98,4
2,0.002,1082,1,1.2414354873,114,4
2,0.002,1083,1,1.2198937709,116,2
2,0.002,1084,1,1.1311665618,114,4
2,0.002,1085,1,0.8288637281,40,4
2,0.002,1086,1,1.1143181093,100,4
2,0.002,1087,1,1.2729593543,112,5
2,0.002,1088,1,1.1036351382,114,4
2,0.002,1089,1,1.1485810778,116,2
2,0.002,1090,1,1.0717221752,98,4
2,0.002,1091,1,1.1319461813,90,5
2,0.002,1092,1,1.0384447544,84,5
2,0.002,1093,1,1.2062016139,116,2
2,0.002,1094,1,1.1446174357,114,4
2,0.002,1095,1,1.1107163755,116,2
2,0.002,1096,1,1.1829789165,116,2
2,0.002,1097,1,0.9073671912,76,5
2,0.002,1098,1,1.1681303175,116,2
2,0.002,1099,1,1.0535765688,92,4
2,0.002,1100,1,1.0165899802,94,4
2,0.002,1101,1,1.2547755399,114,4
2,0.002,1102,1,0.4858559727,18,5
2,0.002,1103,1,1.1248140056,114,4
2,0.002,1104,1,1.2320387091,114,4
2,0.002,1105,1,0.9619627378,90,5
2,0.002,1106,1,1.1062767740,104,4
2,0.002,1107,1,1.1142662487,96,4
2,0.002,1108,1,1.1939539657,116,2
2,0.002,1109,1,1.1812959181,100,4
2,0.002,1110,1,1.1415063008,116,2
2,0.002,1111,1,1.1799894931,116,2
2,0.002,1112,1,1.0796857612,90,5
2,0.002,1113,1,1.2074974725,112,5
2,0.002,1114,1,1.1125459646,114,4
2,0.002,1115,1,1.0239109496,102,4
2,0.002,1116,1,1.1164056119,116,2
2,0.002,1117,1,0.9861815387,90,4
2,0.002,1118,1,0.3423960959,14,5
2,0.002,1119,1,1.2455511103,114,4
2,0.002,1120,1,1.0352416647,114,4
2,0.002,1121,1,1.0488208454,100,4
2,0.002,1122,1,1.1874549564,114,4
2,0.002,1123,1,1.1773743368,100,4
2,0.002,1124,1,1.0389972000,114,4
2,0.002,1125,1,1.1676468165,94,4
2,0.002,1126,1,1.1071804788,112,5
2,0.002,1127,1,1.0167684069,88,5
2,0.002,1128,1,1.0561717447,94,5
2,0.002,1129,1,1.0698322734,112,5
2,0.002,1130,1,0.7494337438,48,5
2,0.002,1131,1,0.8509318017,64,4
2,0.002,1132,1,1.1779881984,96,4
2,0.002,1133,1,1.1370321257,112,5
2,0.002,1134,1,1.0578227625,114,4
2,0.002,1135,1,1.0278687472,100,4
2,0.002,1136,1,1.2148448401,114,4
2,0.002,1137,1,0.4207599344,24,5
2,0.002,1138,1,0.9879569433,34,4
2,0.002,1139,1,1.0422979121,114,4
2,0.002,1140,1,1.1180681269,114,4
2,0.002,1141,1,1.0374061185,92,4
2,0.002,1142,1,1.0918352594,94,5
2,0.002,1143,1,1.2047102364,114,4
2,0.002,1144,1,0.8413950964,58,5
2,0.002,1145,1,1.1260240325,114,4
2,0.002,1146,1,1.1279886718,114,4
2,0.002,1147,1,1.0168523978,100,4
2,0.002,1148,1,1.1671450906,114,4
2,0.002,1149,1,0.7600814993,18,4
2,0.002,1150,1,1.2151882600,114,4
2,0.002,1151,1,1.2217439044,116,2
2,0.002,1152,1,1.1168898517,100,4
2,0.002,1153,1,1.2478263864,114,4
2,0.002,1154,1,1.0296736254,114,4
2,0.002,1155,1,1.2163625346,114,4
2,0.002,1156,1,1.0525283706,94,4
2,0.002,1157,1,1.0819356806,96,5
2,0.002,1158,1,1.0026650516,112,5
2,0.002,1159,1,1.1975071909,116,2
2,0.002,1160,1,1.0554757322,96,4
2,0.002,1161,1,1.0608037932,116,2
2,0.002,1162,1,1.0036494395,112,5
2,0.002,1163,1,1.1491598805,94,4
2,0.002,1164,1,1.1712417394,80,5
2,0.002,1165,1,1.0411016274,116,2
2,0.002,1166,1,1.2145017486,114,4
2,0.002,1167,1,1.1401030354,112,5
2,0.002,1168,1,0.8692982794,64,5
2,0.002,1169,1,1.0061895035,92,5
2,0.002,1170,1,1.1382793049,96,4
2,0.002,1171,1,1.0858793954,106,4
2,0.002,1172,1,1.0637388927,86,5
2,0.002,1173,1,1.0763535641,116,2
2,0.002,1174,1,1.1055151999,94,4
2,0.002,1175,1,0.9976836843,70,4
2,0.002,1176,1,0.8760552946,36,4
2,0.002,1177,1,1.1417222555,114,4
2,0.002,1178,1,0.9701731031,86,5
2,0.002,1179,1,1.0338049309,112,5
2,0.002,1180,1,0.9549910908,68,5
2,0.002,1181,1,1.1359479793,114,4
2,0.002,1182,1,0.4725682711,20,5
2,0.002,1183,1,1.0584072399,102,5
2,0.002,1184,1,0.9876527134,82,5
2,0.002,1185,1,0.9982668611,82,5
2,0.002,1186,1,1.2399175281,116,2
2,0.002,1187,1,1.0472018889,94,5
2,0.002,1188,1,1.1953520762,114,4
2,0.002,1189,1,1.0840170990,94,4
2,0.002,1190,1,1.0043471467,64,4
2,0.002,1191,1,1.0292956787,92,5
2,0.002,1192,1,1.0626440285,114,4
2,0.002,1193,1,1.1893711926,116,2
2,0.002,1194,1,1.0253393577,94,4
2,0.002,1195,1,1.1557243478,116,2
2,0.002,1196,1,1.2039158627,114,4
2,0.002,1197,1,1.0263608901,114,4
2,0.002,1198,1,1.1003990089,94,4
2,0.002,1199,1,0.9422504656,94,5
3,0.002,1000,1,1.1109413017,114,2
3,0.002,1001,1,0.9996072574,117,1
3,0.002,1002,1,1.1272953839,117,1
3,0.002,1003,1,1.1263937989,117,1
3,0.002,1004,1,1.2310708720,117,1
3,0.002,1005,1,1.1922952087,114,2
3,0.002,1006,1,1.0635720315,105,2
3,0.002,1007,1,1.1190955756,117,1
3,0.002,1008,1,1.1982799168,117,1
3,0.002,1009,1,1.1721766172,117,1
3,0.002,1010,1,1.1851789868,114,2
3,0.002,1011,1,1.0130226399,99,2
3,0.002,1012,1,1.0718168929,99,2
3,0.002,1013,1,1.1126479512,114,2
3,0.002,1014,1,1.0597010814,105,2
3,0.002,1015,1,1.1937769443,117,1
3,0.002,1016,1,1.1305792917,117,1
3,0.002,1017,1,1.1728343918,114,2
3,0.002,1018,1,1.2046409804,117,1
3,0.002,1019,1,1.1787221777,114,2
3,0.002,1020,1,1.2143968605,114,2
3,0.002,1021,1,1.0693714224,117,1
3,0.002,1022,1,1.2609532828,117,1
3,0.002,1023,1,1.1611274595,114,2
3,0.002,1024,1,1.0607004913,114,2
3,0.002,1025,1,1.1046457639,117,1
3,0.002,1026,1,1.2276411320,114,2
3,0.002,1027,1,1.2721324627,114,2
3,0.002,1028,1,1.1409769923,117,1
3,0.002,1029,1,1.1436819331,105,2
3,0.002,1030,1,1.0351474623,99,2
3,0.002,1031,1,1.1217063714,117,1
3,0.002,1032,1,1.1906112835,117,1
3,0.002,1033,1,0.9840100425,114,2
3,0.002,1034,1,1.0995409311,117,1
3,0.002,1035,1,1.1788179059,117,1
3,0.002,1036,1,1.2054854013,117,1
3,0.002,1037,1,1.2835571557,117,1
3,0.002,1038,1,1.1433209506,114,2
3,0.002,1039,1,1.0714864642,114,2
3,0.002,1040,1,1.1774031941,114,2
3,0.002,1041,1,1.1106330666,117,1
3,0.002,1042,1,1.1577875494,117,1
3,0.002,1043,1,1.0253583153,117,1
3,0.002,1044,1,1.0695783118,114,2
3,0.002,1045,1,1.1057993778,117,1
3,0.002,1046,1,1.1943149348,117,1
3,0.002,1047,1,1.1948161351,117,1
3,0.002,1048,1,1.1316500999,117,1
3,0.002,1049,1,1.0994015621,117,1
3,0.002,1050,1,1.1936424455,114,2
3,0.002,1051,1,1.1415611163,117,1
3,0.002,1052,1,1.0903807841,114,2
3,0.002,1053,1,1.0809765524,117,1
3,0.002,1054,1,1.2447008766,117,1
3,0.002,1055,1,1.2070718520,117,1
3,0.002,1056,1,1.2586605536,114,2
3,0.002,1057,1,1.0890714708,117,1
3,0.002,1058,1,1.1128145909,114,2
3,0.002,1059,1,1.2092449616,114,2
3,0.002,1060,1,1.1113854785,117,1
3,0.002,1061,1,1.1358032901,117,1
3,0.002,1062,1,1.1802365123,117,1
3,0.002,1063,1,1.2578462951,117,1
3,0.002,1064,1,1.1023009731,114,2
3,0.002,1065,1,1.0191439062,114,2
3,0.002,1066,1,1.0828058864,114,2
3,0.002,1067,1,1.2863554527,117,1
3,0.002,1068,1,1.0987431708,117,1
3,0.002,1069,1,1.1186100434,117,1
3,0.002,1070,1,1.0646842211,117,1
3,0.002,1071,1,1.3039195983,117,1
3,0.002,1072,1,1.0745693617,114,2
3,0.002,1073,1,1.0790554530,117,1
3,0.002,1074,1,1.0664827380,114,2
3,0.002,1075,1,1.2145933914,114,2
3,0.002,1076,1,1.0611488108,117,1
3,0.002,1077,1,1.0331342150,117,1
3,0.002,1078,1,1.2386591212,114,2
3,0.002,1079,1,1.1655100222,117,1
3,0.002,1080,1,1.1732899027,114,2
3,0.002,1081,1,1.1302203768,117,1
3,0.002,1082,1,1.2488612489,117,1
3,0.002,1083,1,1.2196921364,114,2
3,0.002,1084,1,1.1374647851,117,1
3,0.002,1085,1,1.1419717117,117,1
3,0.002,1086,1,1.1477552682,117,1
3,0.002,1087,1,1.2786306975,114,2
3,0.002,1088,1,1.1097238105,117,1
3,0.002,1089,1,1.1471629587,114,2
3,0.002,1090,1,1.1136195765,117,1
3,0.002,1091,1,1.2121218043,114,2
3,0.002,1092,1,1.0902176339,99,2
3,0.002,1093,1,1.2054208727,114,2
3,0.002,1094,1,1.1507728706,117,1
3,0.002,1095,1,1.0937831701,99,2
3,0.002,1096,1,1.1785097983,105,2
3,0.002,1097,1,1.0450163548,114,2
3,0.002,1098,1,1.1206243232,99,2
3,0.002,1099,1,1.1108657369,117,1
3,0.002,1100,1,1.0851142125,117,1
3,0.002,1101,1,1.2590520087,117,1
3,0.002,1102,1,0.9859802961,102,2
3,0.002,1103,1,1.1280791034,117,1
3,0.002,1104,1,1.2343867767,117,1
3,0.002,1105,1,1.0298050453,114,2
3,0.002,1106,1,1.1182612844,117,1
3,0.002,1107,1,1.1485343164,117,1
3,0.002,1108,1,1.1603619522,99,2
3,0.002,1109,1,1.2356295375,117,1
3,0.002,1110,1,1.1400088165,114,2
3,0.002,1111,1,1.1745686301,102,2
3,0.002,1112,1,1.1627945910,114,2
3,0.002,1113,1,1.2118732765,114,2
3,0.002,1114,1,1.1171263539,117,1
3,0.002,1115,1,1.0613627557,117,1
3,0.002,1116,1,1.1155599289,114,2
3,0.002,1117,1,1.0387196989,117,1
3,0.002,1118,1,1.2198984678,105,2
3,0.002,1119,1,1.2486281651,117,1
3,0.002,1120,1,1.0392748456,117,1
3,0.002,1121,1,1.0968111019,117,1
3,0.002,1122,1,1.1950614748,117,1
3,0.002,1123,1,1.2002940732,117,1
3,0.002,1124,1,1.0454030674,117,1
3,0.002,1125,1,1.2196862175,117,1
3,0.002,1126,1,1.1132944218,114,2
3,0.002,1127,1,1.0736044343,114,2
3,0.002,1128,1,1.1215019319,114,2
3,0.002,1129,1,1.0765791885,114,2
3,0.002,1130,1,1.1756641703,114,2
3,0.002,1131,1,1.1244829321,117,1
3,0.002,1132,1,1.2139697653,117,1
3,0.002,1133,1,1.1438873127,114,2
3,0.002,1134,1,1.0631886830,117,1
3,0.002,1135,1,1.0798568845,117,1
3,0.002,1136,1,1.2223110279,117,1
3,0.002,1137,1,1.0835618866,102,2
3,0.002,1138,1,1.1964455735,117,1
3,0.002,1139,1,1.0446561116,117,1
3,0.002,1140,1,1.1234706395,117,1
3,0.002,1141,1,1.1033704700,117,1
3,0.002,1142,1,1.1655390968,114,2
3,0.002,1143,1,1.2120856389,117,1
3,0.002,1144,1,1.1468017263,114,2
3,0.002,1145,1,1.1292122891,117,1
3,0.002,1146,1,1.1351315914,117,1
3,0.002,1147,1,1.0601384132,117,1
3,0.002,1148,1,1.1743764339,117,1
3,0.002,1149,1,1.1681093145,117,1
3,0.002,1150,1,1.2199291846,117,1
3,0.002,1151,1,1.2201223426,114,2
3,0.002,1152,1,1.1676523804,117,1
3,0.002,1153,1,1.2485345471,117,1
3,0.002,1154,1,1.0355062003,117,1
3,0.002,1155,1,1.2218045036,117,1
3,0.002,1156,1,1.0985082511,117,1
3,0.002,1157,1,1.1375882050,114,2
3,0.002,1158,1,1.0089414861,114,2
3,0.002,1159,1,1.1954721139,114,2
3,0.002,1160,1,1.0705169804,117,1
3,0.002,1161,1,1.0594815674,114,2
3,0.002,1162,1,1.0092562346,114,2
3,0.002,1163,1,1.2225644153,117,1
3,0.002,1164,1,1.2832762490,114,2
3,0.002,1165,1,1.0012364389,99,2
3,0.002,1166,1,1.2214590362,117,1
3,0.002,1167,1,1.1431934389,114,2
3,0.002,1168,1,1.1112508813,114,2
3,0.002,1169,1,1.0541527018,114,2
3,0.002,1170,1,1.1540375978,117,1
3,0.002,1171,1,1.0993647722,117,1
3,0.002,1172,1,1.1768649601,114,2
3,0.002,1173,1,1.0758970274,114,2
3,0.002,1174,1,1.1832150000,117,1
3,0.002,1175,1,1.1843948297,117,1
3,0.002,1176,1,1.0707960892,117,1
3,0.002,1177,1,1.1466003333,117,1
3,0.002,1178,1,1.0751526230,114,2
3,0.002,1179,1,1.0406025852,114,2
3,0.002,1180,1,1.1270253054,114,2
3,0.002,1181,1,1.1389054399,117,1
3,0.002,1182,1,1.0214648283,99,2
3,0.002,1183,1,1.0796788225,114,2
3,0.002,1184,1,1.0452776007,99,2
3,0.002,1185,1,1.0904915444,114,2
3,0.002,1186,1,1.1865652354,99,2
3,0.002,1187,1,1.1224758343,114,2
3,0.002,1188,1,1.2027321934,117,1
3,0.002,1189,1,1.1176778090,117,1
3,0.002,1190,1,1.1489458958,117,1
3,0.002,1191,1,1.1056884766,114,2
3,0.002,1192,1,1.0631440977,117,1
3,0.002,1193,1,1.1599178967,99,2
3,0.002,1194,1,1.0907090224,117,1
3,0.002,1195,1,1.1344614499,99,2
3,0.002,1196,1,1.2088185610,117,1
3,0.002,1197,1,1.0331040385,117,1
3,0.002,1198,1,1.1131038071,117,1
3,0.002,1199,1,0.9952987752,114,2
4,0.002,1000,1,1.1078371457,112,2
4,0.002,1001,1,0.9992564135,116,1
4,0.002,1002,1,1.1272627809,116,1
4,0.002,1003,1,1.1255288516,116,1
4,0.002,1004,1,1.2304198076,116,1
4,0.002,1005,1,1.1889812435,112,2
4,0.002,1006,1,1.0524132558,96,2
4,0.002,1007,1,1.1180617462,116,1
4,0.002,1008,1,1.1982418222,116,1
4,0.002,1009,1,1.1711361437,116,1
4,0.002,1010,1,1.1840007677,112,2
4,0.002,1011,1,0.9806054777,88,2
4,0.002,1012,1,1.0345140905,88,2
4,0.002,1013,1,1.1101005392,112,2
4,0.002,1014,1,1.0535732831,96,2
4,0.002,1015,1,1.1937417866,116,1
4,0.002,1016,1,1.1295487650,116,1
4,0.002,1017,1,1.1692041166,112,2
4,0.002,1018,1,1.2046033763,116,1
4,0.002,1019,1,1.1764272173,112,2
4,0.002,1020,1,1.2134046321,112,2
4,0.002,1021,1,1.0683643263,116,1
4,0.002,1022,1,1.2609107821,116,1
4,0.002,1023,1,1.1576194383,112,2
4,0.002,1024,1,1.0570306681,112,2
4,0.002,1025,1,1.1046161063,116,1
4,0.002,1026,1,1.2251372996,112,2
4,0.002,1027,1,1.2681985113,112,2
4,0.002,1028,1,1.1403008685,116,1
4,0.002,1029,1,1.1357056019,96,2
4,0.002,1030,1,1.0198090976,88,2
4,0.002,1031,1,1.1210852152,116,1
4,0.002,1032,1,1.1905750794,116,1
4,0.002,1033,1,0.9838838901,112,2
4,0.002,1034,1,1.0985427440,116,1
4,0.002,1035,1,1.1784102939,116,1
4,0.002,1036,1,1.2043563959,116,1
4,0.002,1037,1,1.2823494738,116,1
4,0.002,1038,1,1.1407726439,112,2
4,0.002,1039,1,1.0147548372,96,2
4,0.002,1040,1,1.1757422108,112,2
4,0.002,1041,1,1.1096612673,116,1
4,0.002,1042,1,1.1577548619,116,1
4,0.002,1043,1,1.0243897896,116,1
4,0.002,1044,1,1.0660158159,112,2
4,0.002,1045,1,1.1047527017,116,1
4,0.002,1046,1,1.1932097437,116,1
4,0.002,1047,1,1.1937297623,116,1
4,0.002,1048,1,1.1316370173,116,1
4,0.002,1049,1,1.0988189451,116,1
4,0.002,1050,1,1.1925942450,112,2
4,0.002,1051,1,1.1412116378,116,1
4,0.002,1052,1,1.0869855971,112,2
4,0.002,1053,1,1.0799442070,116,1
4,0.002,1054,1,1.2435941953,116,1
4,0.002,1055,1,1.2061632216,116,1
4,0.002,1056,1,1.2546893669,112,2
4,0.002,1057,1,1.0890406402,116,1
4,0.002,1058,1,1.1103651343,112,2
4,0.002,1059,1,1.2062531153,112,2
4,0.002,1060,1,1.1109846311,116,1
4,0.002,1061,1,1.1346951207,116,1
4,0.002,1062,1,1.1791692009,116,1
4,0.002,1063,1,1.2567274714,116,1
4,0.002,1064,1,1.1011173966,112,2
4,0.002,1065,1,1.0155152875,112,2
4,0.002,1066,1,1.0783027412,96,2
4,0.002,1067,1,1.2852162185,116,1
4,0.002,1068,1,1.0977636633,116,1
4,0.002,1069,1,1.1182367467,116,1
4,0.002,1070,1,1.0646565435,116,1
4,0.002,1071,1,1.3027041277,116,1
4,0.002,1072,1,1.0722984637,112,2
4,0.002,1073,1,1.0780481332,116,1
4,0.002,1074,1,1.0635518284,112,2
4,0.002,1075,1,1.2107111269,112,2
4,0.002,1076,1,1.0603212918,116,1
4,0.002,1077,1,1.0325668687,116,1
4,0.002,1078,1,1.2342219312,112,2
4,0.002,1079,1,1.1654758452,116,1
4,0.002,1080,1,1.1696422747,112,2
4,0.002,1081,1,1.1291389902,116,1
4,0.002,1082,1,1.2477220528,116,1
4,0.002,1083,1,1.2192700023,112,2
4,0.002,1084,1,1.1366313784,116,1
4,0.002,1085,1,1.1412808662,116,1
4,0.002,1086,1,1.1470304503,116,1
4,0.002,1087,1,1.2761287800,112,2
4,0.002,1088,1,1.1089148066,116,1
4,0.002,1089,1,1.1453780324,112,2
4,0.002,1090,1,1.1135888286,116,1
4,0.002,1091,1,1.2089309722,112,2
4,0.002,1092,1,1.0599380642,88,2
4,0.002,1093,1,1.2042974629,112,2
4,0.002,1094,1,1.1497179693,116,1
4,0.002,1095,1,1.0754585888,88,2
4,0.002,1096,1,1.1699374788,96,2
4,0.002,1097,1,1.0415694664,112,2
4,0.002,1098,1,1.0719080455,88,2
4,0.002,1099,1,1.1108353285,116,1
4,0.002,1100,1,1.0840956694,116,1
4,0.002,1101,1,1.2582830084,116,1
4,0.002,1102,1,0.9698520902,96,2
4,0.002,1103,1,1.1272586945,116,1
4,0.002,1104,1,1.2339252326,116,1
4,0.002,1105,1,1.0261705026,112,2
4,0.002,1106,1,1.1179109022,116,1
4,0.002,1107,1,1.1478720816,116,1
4,0.002,1108,1,1.1294356439,88,2
4,0.002,1109,1,1.2345049098,116,1
4,0.002,1110,1,1.1381087900,112,2
4,0.002,1111,1,1.1696974175,96,2
4,0.002,1112,1,1.1588028244,112,2
4,0.002,1113,1,1.2081600696,112,2
4,0.002,1114,1,1.1167404337,116,1
4,0.002,1115,1,1.0604043036,116,1
4,0.002,1116,1,1.1143144908,112,2
4,0.002,1117,1,1.0381159967,116,1
4,0.002,1118,1,1.1937338235,96,2
4,0.002,1119,1,1.2486122584,116,1
4,0.002,1120,1,1.0382929889,116,1
4,0.002,1121,1,1.0958933387,116,1
4,0.002,1122,1,1.1939388452,116,1
4,0.002,1123,1,1.1999204243,116,1
4,0.002,1124,1,1.0443877618,116,1
4,0.002,1125,1,1.2189503770,116,1
4,0.002,1126,1,1.1098899132,112,2
4,0.002,1127,1,1.0713493328,112,2
4,0.002,1128,1,1.1179358812,112,2
4,0.002,1129,1,1.0727966351,112,2
4,0.002,1130,1,1.1719798419,112,2
4,0.002,1131,1,1.1234139425,116,1
4,0.002,1132,1,1.2132263329,116,1
4,0.002,1133,1,1.1402602013,112,2
4,0.002,1134,1,1.0621800712,116,1
4,0.002,1135,1,1.0788221791,116,1
4,0.002,1136,1,1.2211644545,116,1
4,0.002,1137,1,1.0613949438,96,2
4,0.002,1138,1,1.1964082912,116,1
4,0.002,1139,1,1.0440705316,116,1
4,0.002,1140,1,1.1223896639,116,1
4,0.002,1141,1,1.1023296731,116,1
4,0.002,1142,1,1.1624180638,112,2
4,0.002,1143,1,1.2109357339,116,1
4,0.002,1144,1,1.1427253261,112,2
4,0.002,1145,1,1.1291806231,116,1
4,0.002,1146,1,1.1340640878,116,1
4,0.002,1147,1,1.0591460745,116,1
4,0.002,1148,1,1.1732927375,116,1
4,0.002,1149,1,1.1680735837,116,1
4,0.002,1150,1,1.2188014763,116,1
4,0.002,1151,1,1.2179409591,112,2
4,0.002,1152,1,1.1665608081,116,1
4,0.002,1153,1,1.2484945819,116,1
4,0.002,1154,1,1.0345503970,116,1
4,0.002,1155,1,1.2211990214,116,1
4,0.002,1156,1,1.0976153838,116,1
4,0.002,1157,1,1.1343085144,112,2
4,0.002,1158,1,1.0054663586,112,2
4,0.002,1159,1,1.1533620685,96,2
4,0.002,1160,1,1.0704890041,116,1
4,0.002,1161,1,1.0578012576,112,2
4,0.002,1162,1,1.0061819415,112,2
4,0.002,1163,1,1.2214356370,116,1
4,0.002,1164,1,1.2804854733,112,2
4,0.002,1165,1,0.9647097627,88,2
4,0.002,1166,1,1.2202816448,116,1
4,0.002,1167,1,1.1410579489,112,2
4,0.002,1168,1,1.1074728632,112,2
4,0.002,1169,1,1.0520600036,112,2
4,0.002,1170,1,1.1540049733,116,1
4,0.002,1171,1,1.0989753441,116,1
4,0.002,1172,1,1.1730001856,112,2
4,0.002,1173,1,1.0752432322,112,2
4,0.002,1174,1,1.1820982812,116,1
4,0.002,1175,1,1.1833188188,116,1
4,0.002,1176,1,1.0704386338,116,1
4,0.002,1177,1,1.1459424756,116,1
4,0.002,1178,1,1.0715901175,112,2
4,0.002,1179,1,1.0367904865,112,2
4,0.002,1180,1,1.1235662368,112,2
4,0.002,1181,1,1.1384992326,116,1
4,0.002,1182,1,0.9888922145,88,2
4,0.002,1183,1,1.0762648657,112,2
4,0.002,1184,1,1.0165083774,88,2
4,0.002,1185,1,1.0516839640,96,2
4,0.002,1186,1,1.1334250085,88,2
4,0.002,1187,1,1.1186095023,112,2
4,0.002,1188,1,1.2015948549,116,1
4,0.002,1189,1,1.1172561091,116,1
4,0.002,1190,1,1.1481170421,116,1
4,0.002,1191,1,1.1021606089,112,2
4,0.002,1192,1,1.0631160203,116,1
4,0.002,1193,1,1.1279843101,88,2
4,0.002,1194,1,1.0897123295,116,1
4,0.002,1195,1,1.1087922242,88,2
4,0.002,1196,1,1.2078559987,116,1
4,0.002,1197,1,1.0320961428,116,1
4,0.002,1198,1,1.1130726140,116,1
4,0.002,1199,1,0.9916546034,112,2
5,0.002,1000,1,1.1041180307,110,2
5,0.002,1001,1,0.9988056829,115,1
5,0.002,1002,1,1.1271983847,115,1
5,0.002,1003,1,1.1244793345,115,1
5,0.002,1004,1,1.2296415064,115,1
5,0.002,1005,1,1.1851530827,110,2
5,0.002,1006,1,1.0435567370,90,2
5,0.002,1007,1,1.1167473011,115,1
5,0.002,1008,1,1.1981668855,115,1
5,0.002,1009,1,1.1698092247,115,1
5,0.002,1010,1,1.1824971622,110,2
5,0.002,1011,1,0.9524646923,80,2
5,0.002,1012,1,1.0007852208,80,2
5,0.002,1013,1,1.1071375139,110,2
5,0.002,1014,1,1.0474271298,90,2
5,0.002,1015,1,1.1936708256,115,1
5,0.002,1016,1,1.1282373280,115,1
5,0.002,1017,1,1.1650479292,110,2
5,0.002,1018,1,1.2045280825,115,1
5,0.002,1019,1,1.1736395766,110,2
5,0.002,1020,1,1.2121591886,110,2
5,0.002,1021,1,1.0671070409,115,1
5,0.002,1022,1,1.2608266033,115,1
5,0.002,1023,1,1.1533935324,110,2
5,0.002,1024,1,1.0526121439,110,2
5,0.002,1025,1,1.1045564780,115,1
5,0.002,1026,1,1.2221194630,110,2
5,0.002,1027,1,1.2636126358,110,2
5,0.002,1028,1,1.1394920320,115,1
5,0.002,1029,1,1.1282478635,90,2
5,0.002,1030,1,1.0056681925,80,2
5,0.002,1031,1,1.1203140714,115,1
5,0.002,1032,1,1.1905021800,115,1
5,0.002,1033,1,0.9837060050,110,2
5,0.002,1034,1,1.0973012763,115,1
5,0.002,1035,1,1.1778791891,115,1
5,0.002,1036,1,1.2029513316,115,1
5,0.002,1037,1,1.2808043199,115,1
5,0.002,1038,1,1.1378021767,110,2
5,0.002,1039,1,0.9877573336,90,2
5,0.002,1040,1,1.1738190084,110,2
5,0.002,1041,1,1.1084529609,115,1
5,0.002,1042,1,1.1576938857,115,1
5,0.002,1043,1,1.0231592387,115,1
5,0.002,1044,1,1.0618380822,110,2
5,0.002,1045,1,1.1034208554,115,1
5,0.002,1046,1,1.1918192936,115,1
5,0.002,1047,1,1.1923711775,115,1
5,0.002,1048,1,1.1316164134,115,1
5,0.002,1049,1,1.0981106531,115,1
5,0.002,1050,1,1.1911855404,110,2
5,0.002,1051,1,1.1407858057,115,1
5,0.002,1052,1,1.0830081234,110,2
5,0.002,1053,1,1.0786336264,115,1
5,0.002,1054,1,1.2421800045,115,1
5,0.002,1055,1,1.2050685663,115,1
5,0.002,1056,1,1.2497990654,110,2
5,0.002,1057,1,1.0889801734,115,1
5,0.002,1058,1,1.1075610466,110,2
5,0.002,1059,1,1.2028336746,110,2
5,0.002,1060,1,1.1104677894,115,1
5,0.002,1061,1,1.1332839956,115,1
5,0.002,1062,1,1.1778761579,115,1
5,0.002,1063,1,1.2552960686,115,1
5,0.002,1064,1,1.0995873839,110,2
5,0.002,1065,1,1.0112720455,110,2
5,0.002,1066,1,1.0746668670,90,2
5,0.002,1067,1,1.2837931450,115,1
5,0.002,1068,1,1.0965457706,115,1
5,0.002,1069,1,1.1177624693,115,1
5,0.002,1070,1,1.0646039588,115,1
5,0.002,1071,1,1.3011805992,115,1
5,0.002,1072,1,1.0697999413,110,2
5,0.002,1073,1,1.0767945004,115,1
5,0.002,1074,1,1.0602977546,110,2
5,0.002,1075,1,1.2062754425,110,2
5,0.002,1076,1,1.0593022549,115,1
5,0.002,1077,1,1.0318768397,115,1
5,0.002,1078,1,1.2288502524,110,2
5,0.002,1079,1,1.1654067545,115,1
5,0.002,1080,1,1.1654705938,110,2
5,0.002,1081,1,1.1277993314,115,1
5,0.002,1082,1,1.2462655282,115,1
5,0.002,1083,1,1.2185847812,110,2
5,0.002,1084,1,1.1356311633,115,1
5,0.002,1085,1,1.1404238188,115,1
5,0.002,1086,1,1.1461263469,115,1
5,0.002,1087,1,1.2732814154,110,2
5,0.002,1088,1,1.1079416072,115,1
5,0.002,1089,1,1.1433869177,110,2
5,0.002,1090,1,1.1135269634,115,1
5,0.002,1091,1,1.2051336433,110,2
5,0.002,1092,1,1.0328759851,80,2
5,0.002,1093,1,1.2028831028,110,2
5,0.002,1094,1,1.1483968652,115,1
5,0.002,1095,1,1.0581897958,80,2
5,0.002,1096,1,1.1621328431,90,2
5,0.002,1097,1,1.0374554795,110,2
5,0.002,1098,1,1.0287220186,80,2
5,0.002,1099,1,1.1107737178,115,1
5,0.002,1100,1,1.0828009754,115,1
5,0.002,1101,1,1.2573464857,115,1
5,0.002,1102,1,0.9371451313,85,2
5,0.002,1103,1,1.1262710877,115,1
5,0.002,1104,1,1.2333250010,115,1
5,0.002,1105,1,1.0219500094,110,2
5,0.002,1106,1,1.1174668161,115,1
5,0.002,1107,1,1.1470641823,115,1
5,0.002,1108,1,1.1012977292,80,2
5,0.002,1109,1,1.2330688465,115,1
5,0.002,1110,1,1.1360252497,110,2
5,0.002,1111,1,1.1583889489,85,2
5,0.002,1112,1,1.1542251932,110,2
5,0.002,1113,1,1.2036321964,110,2
5,0.002,1114,1,1.1162510725,115,1
5,0.002,1115,1,1.0592076378,115,1
5,0.002,1116,1,1.1126875847,110,2
5,0.002,1117,1,1.0373664080,115,1
5,0.002,1118,1,1.1534109105,85,2
5,0.002,1119,1,1.2485836202,115,1
5,0.002,1120,1,1.0370619647,115,1
5,0.002,1121,1,1.0947736636,115,1
5,0.002,1122,1,1.1925101244,115,1
5,0.002,1123,1,1.1994368740,115,1
5,0.002,1124,1,1.0430972651,115,1
5,0.002,1125,1,1.2180328534,115,1
5,0.002,1126,1,1.1061024397,110,2
5,0.002,1127,1,1.0686186488,110,2
5,0.002,1128,1,1.1138104582,110,2
5,0.002,1129,1,1.0682628930,110,2
5,0.002,1130,1,1.1675517887,110,2
5,0.002,1131,1,1.1220501658,115,1
5,0.002,1132,1,1.2123203137,115,1
5,0.002,1133,1,1.1362125910,110,2
5,0.002,1134,1,1.0609201326,115,1
5,0.002,1135,1,1.0775066383,115,1
5,0.002,1136,1,1.2197325319,115,1
5,0.002,1137,1,1.0126456428,85,2
5,0.002,1138,1,1.1963342520,115,1
5,0.002,1139,1,1.0433458241,115,1
5,0.002,1140,1,1.1210366663,115,1
5,0.002,1141,1,1.1010575025,115,1
5,0.002,1142,1,1.1588030977,110,2
5,0.002,1143,1,1.2094729903,115,1
5,0.002,1144,1,1.1377945987,110,2
5,0.002,1145,1,1.1291173098,115,1
5,0.002,1146,1,1.1327023015,115,1
5,0.002,1147,1,1.0578878298,115,1
5,0.002,1148,1,1.1719149102,115,1
5,0.002,1149,1,1.1680071298,115,1
5,0.002,1150,1,1.2173648369,115,1
5,0.002,1151,1,1.2153526211,110,2
5,0.002,1152,1,1.1651981667,115,1
5,0.002,1153,1,1.2484146953,115,1
5,0.002,1154,1,1.0333509778,115,1
5,0.002,1155,1,1.2204695745,115,1
5,0.002,1156,1,1.0965545505,115,1
5,0.002,1157,1,1.1305887979,110,2
5,0.002,1158,1,1.0013942327,110,2
5,0.002,1159,1,1.1328369197,90,2
5,0.002,1160,1,1.0704331351,115,1
5,0.002,1161,1,1.0559669189,110,2
5,0.002,1162,1,1.0026415461,110,2
5,0.002,1163,1,1.2200231443,115,1
5,0.002,1164,1,1.2772383411,110,2
5,0.002,1165,1,0.9325277310,80,2
5,0.002,1166,1,1.2187802726,115,1
5,0.002,1167,1,1.1385111807,110,2
5,0.002,1168,1,1.1029156312,110,2
5,0.002,1169,1,1.0496451942,110,2
5,0.002,1170,1,1.1539392590,115,1
5,0.002,1171,1,1.0984723889,115,1
5,0.002,1172,1,1.1684742260,110,2
5,0.002,1173,1,1.0743456416,110,2
5,0.002,1174,1,1.1807394786,115,1
5,0.002,1175,1,1.1819505071,115,1
5,0.002,1176,1,1.0699857625,115,1
5,0.002,1177,1,1.1451221651,115,1
5,0.002,1178,1,1.0675053275,110,2
5,0.002,1179,1,1.0321848019,110,2
5,0.002,1180,1,1.1195221347,110,2
5,0.002,1181,1,1.1379723027,115,1
5,0.002,1182,1,0.9595901279,80,2
5,0.002,1183,1,1.0722166735,110,2
5,0.002,1184,1,0.9895803184,80,2
5,0.002,1185,1,1.0340791935,90,2
5,0.002,1186,1,1.0874260841,80,2
5,0.002,1187,1,1.1139259310,110,2
5,0.002,1188,1,1.2001440725,115,1
5,0.002,1189,1,1.1167193618,115,1
5,0.002,1190,1,1.1471248266,115,1
5,0.002,1191,1,1.0982171765,110,2
5,0.002,1192,1,1.0630604723,115,1
5,0.002,1193,1,1.0979000031,80,2
5,0.002,1194,1,1.0884686538,115,1
5,0.002,1195,1,1.0843342675,80,2
5,0.002,1196,1,1.2066707117,115,1
5,0.002,1197,1,1.0308419026,115,1
5,0.002,1198,1,1.1130108969,115,1
5,0.002,1199,1,0.9872760575,110,2
7,0.002,1000,1,1.0953807715,106,2
7,0.002,1001,1,0.9976339858,113,1
7,0.002,1002,1,1.1269443756,113,1
7,0.002,1003,1,1.1220352909,113,1
7,0.002,1004,1,1.2278861119,113,1
7,0.002,1005,1,1.1758408952,106,2
7,0.002,1006,1,1.0218426237,78,2
7,0.002,1007,1,1.1133718343,113,1
7,0.002,1008,1,1.1978748023,113,1
7,0.002,1009,1,1.1664067835,113,1
7,0.002,1010,1,1.1787769474,106,2
7,0.002,1011,1,0.9150513395,71,2
7,0.002,1012,1,0.9552472174,71,2
7,0.002,1013,1,1.0999388524,106,2
7,0.002,1014,1,1.0305287891,78,2
7,0.002,1015,1,1.1933895812,113,1
7,0.002,1016,1,1.1248668058,113,1
7,0.002,1017,1,1.1551409001,106,2
7,0.002,1018,1,1.2042350250,113,1
7,0.002,1019,1,1.1668096119,106,2
7,0.002,1020,1,1.2089902440,106,2
7,0.002,1021,1,1.0641019705,113,1
7,0.002,1022,1,1.2604998678,113,1
7,0.002,1023,1,1.0541598822,85,2
7,0.002,1024,1,1.0419746660,106,2
7,0.002,1025,1,1.1043218888,113,1
7,0.002,1026,1,1.2147994585,106,2
7,0.002,1027,1,1.2524603189,106,2
7,0.002,1028,1,1.1376826471,113,1
7,0.002,1029,1,1.1086599332,78,2
7,0.002,1030,1,0.9857259226,71,2
7,0.002,1031,1,1.1184187823,113,1
7,0.002,1032,1,1.1902161556,113,1
7,0.002,1033,1,0.9831551503,106,2
7,0.002,1034,1,1.0942231953,113,1
7,0.002,1035,1,1.1764744196,113,1
7,0.002,1036,1,1.1995338248,113,1
7,0.002,1037,1,1.2768068238,113,1
7,0.002,1038,1,1.1307088255,106,2
7,0.002,1039,1,0.9229637407,78,2
7,0.002,1040,1,1.1689074125,106,2
7,0.002,1041,1,1.1054534200,113,1
7,0.002,1042,1,1.1574902870,113,1
7,0.002,1043,1,1.0200064374,113,1
7,0.002,1044,1,1.0524722018,106,2
7,0.002,1045,1,1.0999984218,113,1
7,0.002,1046,1,1.1883795401,113,1
7,0.002,1047,1,1.1891054583,113,1
7,0.002,1048,1,1.1315305275,113,1
7,0.002,1049,1,1.0964172891,113,1
7,0.002,1050,1,1.1873868902,106,2
7,0.002,1051,1,1.1397699869,113,1
7,0.002,1052,1,1.0738557979,106,2
7,0.002,1053,1,1.0752753708,113,1
7,0.002,1054,1,1.2385239651,113,1
7,0.002,1055,1,1.2025222912,113,1
7,0.002,1056,1,1.2377998349,106,2
7,0.002,1057,1,1.0887409865,113,1
7,0.002,1058,1,1.1009364632,106,2
7,0.002,1059,1,1.1482845196,85,2
7,0.002,1060,1,1.1091250612,113,1
7,0.002,1061,1,1.1296581874,113,1
7,0.002,1062,1,1.1748543179,113,1
7,0.002,1063,1,1.2515914300,113,1
7,0.002,1064,1,1.0956425593,106,2
7,0.002,1065,1,1.0018095033,106,2
7,0.002,1066,1,1.0643686558,78,2
7,0.002,1067,1,1.2802966888,113,1
7,0.002,1068,1,1.0935221835,113,1
7,0.002,1069,1,1.1165787939,113,1
7,0.002,1070,1,1.0644136829,113,1
7,0.002,1071,1,1.2974561028,113,1
7,0.002,1072,1,1.0639278193,106,2
7,0.002,1073,1,1.0736291710,113,1
7,0.002,1074,1,1.0526941218,106,2
7,0.002,1075,1,1.1963407312,106,2
7,0.002,1076,1,1.0568258643,113,1
7,0.002,1077,1,1.0302352402,113,1
7,0.002,1078,1,1.2160478784,106,2
7,0.002,1079,1,1.1651366002,113,1
7,0.002,1080,1,1.1555007761,106,2
7,0.002,1081,1,1.1246132482,113,1
7,0.002,1082,1,1.2425035860,113,1
7,0.002,1083,1,1.2163357956,106,2
7,0.002,1084,1,1.1333372736,113,1
7,0.002,1085,1,1.1383763662,113,1
7,0.002,1086,1,1.1438899904,113,1
7,0.002,1087,1,1.2666083372,106,2
7,0.002,1088,1,1.1056425431,113,1
7,0.002,1089,1,1.1385504133,106,2
7,0.002,1090,1,1.1132840995,113,1
7,0.002,1091,1,1.1959661723,106,2
7,0.002,1092,1,0.9956347057,71,2
7,0.002,1093,1,1.1993113881,106,2
7,0.002,1094,1,1.1451761178,113,1
7,0.002,1095,1,1.0336809691,71,2
7,0.002,1096,1,1.1422109506,78,2
7,0.002,1097,1,1.0276796654,106,2
7,0.002,1098,1,0.9726393044,71,2
7,0.002,1099,1,1.1105316824,113,1
7,0.002,1100,1,1.0794829201,113,1
7,0.002,1101,1,1.2552015761,113,1
7,0.002,1102,1,0.8864541793,71,2
7,0.002,1103,1,1.1239865415,113,1
7,0.002,1104,1,1.2317645283,113,1
7,0.002,1105,1,1.0124632450,106,2
7,0.002,1106,1,1.1163494547,113,1
7,0.002,1107,1,1.1451742519,113,1
7,0.002,1108,1,1.0622364330,71,2
7,0.002,1109,1,1.2293618213,113,1
7,0.002,1110,1,1.1311008979,106,2
7,0.002,1111,1,1.1366294439,71,2
7,0.002,1112,1,1.1439520848,106,2
7,0.002,1113,1,1.1926652101,106,2
7,0.002,1114,1,1.1150361565,113,1
7,0.002,1115,1,1.0561753936,113,1
7,0.002,1116,1,1.1084286826,106,2
7,0.002,1117,1,1.0355405528,113,1
7,0.002,1118,1,1.1212109423,78,2
7,0.002,1119,1,1.2484686813,113,1
7,0.002,1120,1,1.0340537426,113,1
7,0.002,1121,1,1.0920719978,113,1
7,0.002,1122,1,1.1888436242,113,1
7,0.002,1123,1,1.1981825188,113,1
7,0.002,1124,1,1.0397910351,113,1
7,0.002,1125,1,1.2157959318,113,1
7,0.002,1126,1,1.0973868548,106,2
7,0.002,1127,1,1.0617629368,106,2
7,0.002,1128,1,1.1046841510,106,2
7,0.002,1129,1,1.0576049476,106,2
7,0.002,1130,1,1.0592188530,85,2
7,0.002,1131,1,1.1185403413,113,1
7,0.002,1132,1,1.2102077643,113,1
7,0.002,1133,1,1.1268618362,106,2
7,0.002,1134,1,1.0577406642,113,1
7,0.002,1135,1,1.0741308983,113,1
7,0.002,1136,1,1.2161133117,113,1
7,0.002,1137,1,0.9338804793,71,2
7,0.002,1138,1,1.1960453180,113,1
7,0.002,1139,1,1.0415702737,113,1
7,0.002,1140,1,1.1177300140,113,1
7,0.002,1141,1,1.0980223308,113,1
7,0.002,1142,1,1.1502906552,106,2
7,0.002,1143,1,1.2057155777,113,1
7,0.002,1144,1,1.1257897597,106,2
7,0.002,1145,1,1.1288688829,113,1
7,0.002,1146,1,1.1291969540,113,1
7,0.002,1147,1,1.0546865267,113,1
7,0.002,1148,1,1.1684095944,113,1
7,0.002,1149,1,1.1677757560,113,1
7,0.002,1150,1,1.2136635570,113,1
7,0.002,1151,1,1.2090281618,106,2
7,0.002,1152,1,1.1618776184,113,1
7,0.002,1153,1,1.2481021930,113,1
7,0.002,1154,1,1.0304214775,113,1
7,0.002,1155,1,1.2187733950,113,1
7,0.002,1156,1,1.0939954008,113,1
7,0.002,1157,1,1.1218451552,106,2
7,0.002,1158,1,0.9920496590,106,2
7,0.002,1159,1,1.0815722677,78,2
7,0.002,1160,1,1.0702128874,113,1
7,0.002,1161,1,1.0517534911,106,2
7,0.002,1162,1,0.9947915765,106,2
7,0.002,1163,1,1.2165448129,113,1
7,0.002,1164,1,1.2693074374,106,2
7,0.002,1165,1,0.8895267600,71,2
7,0.002,1166,1,1.2149412353,113,1
7,0.002,1167,1,1.1319921934,106,2
7,0.002,1168,1,1.0919709496,106,2
7,0.002,1169,1,1.0436863206,106,2
7,0.002,1170,1,1.1536815788,113,1
7,0.002,1171,1,1.0971667449,113,1
7,0.002,1172,1,1.1579062282,106,2
7,0.002,1173,1,1.0719062140,106,2
7,0.002,1174,1,1.1775083492,113,1
7,0.002,1175,1,1.1784571300,113,1
7,0.002,1176,1,1.0688464557,113,1
7,0.002,1177,1,1.1431326109,113,1
7,0.002,1178,1,1.0577187109,106,2
7,0.002,1179,1,1.0213204792,106,2
7,0.002,1180,1,1.1101007473,106,2
7,0.002,1181,1,1.1366005672,113,1
7,0.002,1182,1,0.9197483651,71,2
7,0.002,1183,1,1.0628372469,106,2
7,0.002,1184,1,0.9521671761,71,2
7,0.002,1185,1,0.9911077011,78,2
7,0.002,1186,1,1.0287892751,71,2
7,0.002,1187,1,1.1024854090,106,2
7,0.002,1188,1,1.1964104247,113,1
7,0.002,1189,1,1.1153678018,113,1
7,0.002,1190,1,1.1448763380,113,1
7,0.002,1191,1,1.0891209793,106,2
7,0.002,1192,1,1.0628400674,113,1
7,0.002,1193,1,1.0557143135,71,2
7,0.002,1194,1,1.0854411060,113,1
7,0.002,1195,1,1.0499641200,71,2
7,0.002,1196,1,1.2037593652,113,1
7,0.002,1197,1,1.0276951827,113,1
7,0.002,1198,1,1.1127690541,113,1
7,0.002,1199,1,0.9770565421,106,2
10,0.002,1000,1,1.0798169664,100,2
10,0.002,1001,1,0.9953897613,110,1
10,0.002,1002,1,1.1261773025,110,1
10,0.002,1003,1,1.1178426339,110,1
10,0.002,1004,1,1.2249959184,110,1
10,0.002,1005,1,1.1171440883,90,2
10,0.002,1006,1,0.9756737790,60,2
10,0.002,1007,1,1.1067978672,110,1
10,0.002,1008,1,1.1970782565,110,1
10,0.002,1009,1,1.1598618862,110,1
10,0.002,1010,1,1.1717496257,100,2
10,0.002,1011,1,0.8049991375,50,2
10,0.002,1012,1,0.8169910027,50,2
10,0.002,1013,1,0.9714385685,70,2
10,0.002,1014,1,0.9911549602,60,2
10,0.002,1015,1,1.1925309108,110,1
10,0.002,1016,1,1.1182303237,110,1
10,0.002,1017,1,1.0467594237,80,2
10,0.002,1018,1,1.2033483427,110,1
10,0.002,1019,1,1.1272862681,90,2
10,0.002,1020,1,1.2028028335,100,2
10,0.002,1021,1,1.0587200052,110,1
10,0.002,1022,1,1.2595199055,110,1
10,0.002,1023,1,0.9619664701,70,2
10,0.002,1024,1,1.0228064186,100,2
10,0.002,1025,1,1.1036532164,110,1
10,0.002,1026,1,1.2011153349,100,2
10,0.002,1027,1,1.2316305677,100,2
10,0.002,1028,1,1.1346336217,110,1
10,0.002,1029,1,1.0643086589,60,2
10,0.002,1030,1,0.9277130888,50,2
10,0.002,1031,1,1.1150796884,110,1
10,0.002,1032,1,1.1893447742,110,1
10,0.002,1033,1,0.9816023186,100,2
10,0.002,1034,1,1.0885364763,110,1
10,0.002,1035,1,1.1736991021,110,1
10,0.002,1036,1,1.1932787934,110,1
10,0.002,1037,1,1.2689219607,110,1
10,0.002,1038,1,1.1178233847,100,2
10,0.002,1039,1,0.8005316860,60,2
10,0.002,1040,1,1.1144673144,80,2
10,0.002,1041,1,1.0998691601,110,1
10,0.002,1042,1,1.1570704656,110,1
10,0.002,1043,1,1.0138553452,110,1
10,0.002,1044,1,1.0367478745,100,2
10,0.002,1045,1,1.0932574721,110,1
10,0.002,1046,1,1.1819750937,110,1
10,0.002,1047,1,1.1832592064,110,1
10,0.002,1048,1,1.1313115477,110,1
10,0.002,1049,1,1.0936122466,110,1
10,0.002,1050,1,1.1796603244,100,2
10,0.002,1051,1,1.1381505944,110,1
10,0.002,1052,1,1.0579095745,100,2
10,0.002,1053,1,1.0687294810,110,1
10,0.002,1054,1,1.2312613288,110,1
10,0.002,1055,1,1.1981313656,110,1
10,0.002,1056,1,1.2159254822,100,2
10,0.002,1057,1,1.0880228307,110,1
10,0.002,1058,1,1.0891944551,100,2
10,0.002,1059,1,1.0964763802,70,2
10,0.002,1060,1,1.1065932304,110,1
10,0.002,1061,1,1.1225110366,110,1
10,0.002,1062,1,1.1695839140,110,1
10,0.002,1063,1,1.2442083961,110,1
10,0.002,1064,1,1.0876244993,100,2
10,0.002,1065,1,0.9850145549,100,2
10,0.002,1066,1,1.0407774431,60,2
10,0.002,1067,1,1.2737754695,110,1
10,0.002,1068,1,1.0879107524,110,1
10,0.002,1069,1,1.1146355246,110,1
10,0.002,1070,1,1.0639697592,110,1
10,0.002,1071,1,1.2906282342,110,1
10,0.002,1072,1,1.0535310655,100,2
10,0.002,1073,1,1.0676214308,110,1
10,0.002,1074,1,1.0391549665,100,2
10,0.002,1075,1,1.0635039535,70,2
10,0.002,1076,1,1.0524117454,110,1
10,0.002,1077,1,1.0275164534,110,1
10,0.002,1078,1,1.0896480554,80,2
10,0.002,1079,1,1.1643121328,110,1
10,0.002,1080,1,1.1374007430,100,2
10,0.002,1081,1,1.1189571809,110,1
10,0.002,1082,1,1.2350878630,110,1
10,0.002,1083,1,1.2106171486,100,2
10,0.002,1084,1,1.1294374016,110,1
10,0.002,1085,1,1.1346325288,110,1
10,0.002,1086,1,1.1398352887,110,1
10,0.002,1087,1,1.2547083505,100,2
10,0.002,1088,1,1.1017940234,110,1
10,0.002,1089,1,1.1297654402,100,2
10,0.002,1090,1,1.1125456976,110,1
10,0.002,1091,1,1.1415274560,90,2
10,0.002,1092,1,0.8794007716,50,2
10,0.002,1093,1,1.1922910110,100,2
10,0.002,1094,1,1.1392962580,110,1
10,0.002,1095,1,0.9581081376,50,2
10,0.002,1096,1,1.0996188046,60,2
10,0.002,1097,1,1.0106072498,100,2
10,0.002,1098,1,0.8079807184,50,2
10,0.002,1099,1,1.1097997909,110,1
10,0.002,1100,1,1.0729773447,110,1
10,0.002,1101,1,1.2513887603,110,1
10,0.002,1102,1,0.8379069274,60,2
10,0.002,1103,1,1.1200084622,110,1
10,0.002,1104,1,1.2288370119,110,1
10,0.002,1105,1,0.9666937215,90,2
10,0.002,1106,1,1.1143995219,110,1
10,0.002,1107,1,1.1418977823,110,1
10,0.002,1108,1,0.9389550951,50,2
10,0.002,1109,1,1.2220147197,110,1
10,0.002,1110,1,1.1222494848,100,2
10,0.002,1111,1,1.1098882488,60,2
10,0.002,1112,1,1.1258193133,100,2
10,0.002,1113,1,1.0173087703,70,2
10,0.002,1114,1,1.1129755593,110,1
10,0.002,1115,1,1.0503631326,110,1
10,0.002,1116,1,1.0553884628,70,2
10,0.002,1117,1,1.0322484643,110,1
10,0.002,1118,1,1.0180205938,60,2
10,0.002,1119,1,1.2482132154,110,1
10,0.002,1120,1,1.0285297985,110,1
10,0.002,1121,1,1.0872576174,110,1
10,0.002,1122,1,1.1817593875,110,1
10,0.002,1123,1,1.1958288121,110,1
10,0.002,1124,1,1.0333295221,110,1
10,0.002,1125,1,1.2116248770,110,1
10,0.002,1126,1,1.0820742691,100,2
10,0.002,1127,1,1.0485591616,100,2
10,0.002,1128,1,1.0887419692,100,2
10,0.002,1129,1,0.9643107465,80,2
10,0.002,1130,1,0.9623100971,70,2
10,0.002,1131,1,1.1116243949,110,1
10,0.002,1132,1,1.2065833136,110,1
10,0.002,1133,1,1.1104414059,100,2
10,0.002,1134,1,1.0516697269,110,1
10,0.002,1135,1,1.0674938969,110,1
10,0.002,1136,1,1.2091857614,110,1
10,0.002,1137,1,0.8570266097,60,2
10,0.002,1138,1,1.1952370730,110,1
10,0.002,1139,1,1.0385039647,110,1
10,0.002,1140,1,1.1116406922,110,1
10,0.002,1141,1,1.0927218868,110,1
10,0.002,1142,1,1.0380134745,70,2
10,0.002,1143,1,1.1984347030,110,1
10,0.002,1144,1,1.0064582645,80,2
10,0.002,1145,1,1.1281139734,110,1
10,0.002,1146,1,1.1222843696,110,1
10,0.002,1147,1,1.0487354323,110,1
10,0.002,1148,1,1.1619433186,110,1
10,0.002,1149,1,1.1672678418,110,1
10,0.002,1150,1,1.2064144181,110,1
10,0.002,1151,1,1.1969265953,100,2
10,0.002,1152,1,1.1557806993,110,1
10,0.002,1153,1,1.2472456897,110,1
10,0.002,1154,1,1.0250211560,110,1
10,0.002,1155,1,1.2159540761,110,1
10,0.002,1156,1,1.0896028229,110,1
10,0.002,1157,1,1.1062434274,100,2
10,0.002,1158,1,0.9764012973,100,2
10,0.002,1159,1,0.9738360566,60,2
10,0.002,1160,1,1.0695426047,110,1
10,0.002,1161,1,1.0442949365,100,2
10,0.002,1162,1,0.9815771741,100,2
10,0.002,1163,1,1.2101324525,110,1
10,0.002,1164,1,1.2543950622,100,2
10,0.002,1165,1,0.7589775209,50,2
10,0.002,1166,1,1.2075849738,110,1
10,0.002,1167,1,1.1192143703,100,2
10,0.002,1168,1,1.0725429192,100,2
10,0.002,1169,1,1.0323206221,100,2
10,0.002,1170,1,1.1529096973,110,1
10,0.002,1171,1,1.0947543053,110,1
10,0.002,1172,1,0.9769774891,70,2
10,0.002,1173,1,1.0346239275,70,2
10,0.002,1174,1,1.1718391909,110,1
10,0.002,1175,1,1.1719619249,110,1
10,0.002,1176,1,1.0668447888,110,1
10,0.002,1177,1,1.1394356776,110,1
10,0.002,1178,1,1.0397724341,100,2
10,0.002,1179,1,1.0017444981,100,2
10,0.002,1180,1,1.0935117147,100,2
10,0.002,1181,1,1.1340003240,110,1
10,0.002,1182,1,0.7988837921,50,2
10,0.002,1183,1,1.0461514907,100,2
10,0.002,1184,1,0.8348624425,50,2
10,0.002,1185,1,0.9032016044,60,2
10,0.002,1186,1,0.8630623784,50,2
10,0.002,1187,1,1.0813561263,100,2
10,0.002,1188,1,1.1891010739,110,1
10,0.002,1189,1,1.1129823971,110,1
10,0.002,1190,1,1.1410398781,110,1
10,0.002,1191,1,1.0729259349,100,2
10,0.002,1192,1,1.0621729769,110,1
10,0.002,1193,1,0.9202297383,50,2
10,0.002,1194,1,1.0798160938,110,1
10,0.002,1195,1,0.9478408283,50,2
10,0.002,1196,1,1.1985035330,110,1
10,0.002,1197,1,1.0217680408,110,1
10,0.002,1198,1,1.1121052252,110,1
10,0.002,1199,1,0.8368904282,70,2
15,0.002,1000,1,1.0485409547,90,2
15,0.002,1001,1,0.9905447580,105,1
15,0.002,1002,1,1.1237261829,105,1
15,0.002,1003,1,1.1094042810,105,1
15,0.002,1004,1,1.2192886899,105,1
15,0.002,1005,1,0.9272330573,60,2
15,0.002,1006,1,0.8151484025,30,2
15,0.002,1007,1,1.0932869877,105,1
15,0.002,1008,1,1.1948387371,105,1
15,0.002,1009,1,1.1460056982,105,1
15,0.002,1010,1,1.1581289617,90,2
15,0.002,1011,1,0.6460226393,30,2
15,0.002,1012,1,0.6102829946,30,2
15,0.002,1013,1,0.8008281078,45,2
15,0.002,1014,1,0.8501890789,30,2
15,0.002,1015,1,1.1897332212,105,1
15,0.002,1016,1,1.1043646467,105,1
15,0.002,1017,1,0.9176495597,60,2
15,0.002,1018,1,1.2004938825,105,1
15,0.002,1019,1,0.9981721289,60,2
15,0.002,1020,1,1.1888881545,90,2
15,0.002,1021,1,1.0478782753,105,1
15,0.002,1022,1,1.2563952540,105,1
15,0.002,1023,1,0.7427627165,45,2
15,0.002,1024,1,0.9847400579,90,2
15,0.002,1025,1,1.1019242651,105,1
15,0.002,1026,1,1.1714281030,90,2
15,0.002,1027,1,1.1867038572,90,2
15,0.002,1028,1,1.1286718380,105,1
15,0.002,1029,1,0.9125779282,30,2
15,0.002,1030,1,0.8432000145,30,2
15,0.002,1031,1,1.1076535375,105,1
15,0.002,1032,1,1.1865223087,105,1
15,0.002,1033,1,0.9771619372,90,2
15,0.002,1034,1,1.0775741444,105,1
15,0.002,1035,1,1.1675590087,105,1
15,0.002,1036,1,1.1803934165,105,1
15,0.002,1037,1,1.2518766081,105,1
15,0.002,1038,1,0.9711611751,60,2
15,0.002,1039,1,0.6714713341,45,2
15,0.002,1040,1,1.0478982282,60,2
15,0.002,1041,1,1.0889419275,105,1
15,0.002,1042,1,1.1558656512,105,1
15,0.002,1043,1,1.0007557745,105,1
15,0.002,1044,1,1.0062122417,90,2
15,0.002,1045,1,1.0786875371,105,1
15,0.002,1046,1,1.1685248662,105,1
15,0.002,1047,1,1.1713432583,105,1
15,0.002,1048,1,1.1306187844,105,1
15,0.002,1049,1,1.0880294431,105,1
15,0.002,1050,1,1.1618602727,90,2
15,0.002,1051,1,1.1350159937,105,1
15,0.002,1052,1,1.0263850388,90,2
15,0.002,1053,1,1.0553178500,105,1
15,0.002,1054,1,1.2155553534,105,1
15,0.002,1055,1,1.1894901831,105,1
15,0.002,1056,1,0.9455533892,60,2
15,0.002,1057,1,1.0857112111,105,1
15,0.002,1058,1,1.0659362430,90,2
15,0.002,1059,1,0.9597238567,45,2
15,0.002,1060,1,1.1008025988,105,1
15,0.002,1061,1,1.1069647769,105,1
15,0.002,1062,1,1.1590810479,105,1
15,0.002,1063,1,1.2280209169,105,1
15,0.002,1064,1,1.0700400149,90,2
15,0.002,1065,1,0.9512953599,90,2
15,0.002,1066,1,0.9620283650,30,2
15,0.002,1067,1,1.2598634072,105,1
15,0.002,1068,1,1.0771280909,105,1
15,0.002,1069,1,1.1108283205,105,1
15,0.002,1070,1,1.0626160559,105,1
15,0.002,1071,1,1.2762878915,105,1
15,0.002,1072,1,1.0329265803,90,2
15,0.002,1073,1,1.0555335377,105,1
15,0.002,1074,1,1.0114460299,90,2
15,0.002,1075,1,0.9062200258,45,2
15,0.002,1076,1,1.0432317817,105,1
15,0.002,1077,1,1.0219714476,105,1
15,0.002,1078,1,0.9424567010,60,2
15,0.002,1079,1,1.1616372690,105,1
15,0.002,1080,1,1.1002008503,90,2
15,0.002,1081,1,1.1077168635,105,1
15,0.002,1082,1,1.2191183579,105,1
15,0.002,1083,1,1.1948361334,90,2
15,0.002,1084,1,1.1217882069,105,1
15,0.002,1085,1,1.1267671789,105,1
15,0.002,1086,1,1.1311153489,105,1
15,0.002,1087,1,1.2302997826,90,2
15,0.002,1088,1,1.0942646735,105,1
15,0.002,1089,1,1.1124950082,90,2
15,0.002,1090,1,1.1101991867,105,1
15,0.002,1091,1,0.9597058675,60,2
15,0.002,1092,1,0.7013670812,30,2
15,0.002,1093,1,1.1768278373,90,2
15,0.002,1094,1,1.1269969378,105,1
15,0.002,1095,1,0.8438479118,30,2
15,0.002,1096,1,0.9611550358,30,2
15,0.002,1097,1,0.9769849421,90,2
15,0.002,1098,1,0.5848922972,30,2
15,0.002,1099,1,1.1075600167,105,1
15,0.002,1100,1,1.0594689697,105,1
15,0.002,1101,1,1.2436249524,105,1
15,0.002,1102,1,0.6586173728,30,2
15,0.002,1103,1,1.1119461700,105,1
15,0.002,1104,1,1.2224268144,105,1
15,0.002,1105,1,0.8299854110,60,2
15,0.002,1106,1,1.1102633696,105,1
15,0.002,1107,1,1.1352628440,105,1
15,0.002,1108,1,0.7520918589,30,2
15,0.002,1109,1,1.2059776560,105,1
15,0.002,1110,1,1.1043161589,90,2
15,0.002,1111,1,0.9795589233,30,2
15,0.002,1112,1,1.0890513974,90,2
15,0.002,1113,1,0.8201558807,45,2
15,0.002,1114,1,1.1084872126,105,1
15,0.002,1115,1,1.0383871677,105,1
15,0.002,1116,1,0.9747928959,45,2
15,0.002,1117,1,1.0250556386,105,1
15,0.002,1118,1,0.7234204641,30,2
15,0.002,1119,1,1.2473850554,105,1
15,0.002,1120,1,1.0172152515,105,1
15,0.002,1121,1,1.0773780170,105,1
15,0.002,1122,1,1.1675061973,105,1
15,0.002,1123,1,1.1905838156,105,1
15,0.002,1124,1,1.0198083908,105,1
15,0.002,1125,1,1.2023927622,105,1
15,0.002,1126,1,0.9407850497,60,2
15,0.002,1127,1,1.0199756041,90,2
15,0.002,1128,1,1.0569172477,90,2
15,0.002,1129,1,0.8578821566,60,2
15,0.002,1130,1,0.7389896475,45,2
15,0.002,1131,1,1.0965550109,105,1
15,0.002,1132,1,1.1993718070,105,1
15,0.002,1133,1,0.9349483600,60,2
15,0.002,1134,1,1.0392226326,105,1
15,0.002,1135,1,1.0531196939,105,1
15,0.002,1136,1,1.1949506518,105,1
15,0.002,1137,1,0.5513315836,30,2
15,0.002,1138,1,1.1930269522,105,1
15,0.002,1139,1,1.0322216921,105,1
15,0.002,1140,1,1.0991530003,105,1
15,0.002,1141,1,1.0820064928,105,1
15,0.002,1142,1,0.8851533987,45,2
15,0.002,1143,1,1.1835979317,105,1
15,0.002,1144,1,0.8755038266,60,2
15,0.002,1145,1,1.1256772451,105,1
15,0.002,1146,1,1.1072222743,105,1
15,0.002,1147,1,1.0371575000,105,1
15,0.002,1148,1,1.1493304267,105,1
15,0.002,1149,1,1.1656880330,105,1
15,0.002,1150,1,1.1913220369,105,1
15,0.002,1151,1,1.1710851147,90,2
15,0.002,1152,1,1.1428898153,105,1
15,0.002,1153,1,1.2448012415,105,1
15,0.002,1154,1,1.0139142120,105,1
15,0.002,1155,1,1.2104634985,105,1
15,0.002,1156,1,1.0810301108,105,1
15,0.002,1157,1,1.0742276036,90,2
15,0.002,1158,1,0.9471887155,90,2
15,0.002,1159,1,0.8423407438,45,2
15,0.002,1160,1,1.0673707315,105,1
15,0.002,1161,1,1.0299463898,90,2
15,0.002,1162,1,0.9563737035,90,2
15,0.002,1163,1,1.1967579598,105,1
15,0.002,1164,1,1.0705399305,60,2
15,0.002,1165,1,0.5657631759,30,2
15,0.002,1166,1,1.1922193595,105,1
15,0.002,1167,1,1.0914559593,90,2
15,0.002,1168,1,0.9561362473,75,2
15,0.002,1169,1,1.0075825977,90,2
15,0.002,1170,1,1.1505507223,105,1
15,0.002,1171,1,1.0893333856,105,1
15,0.002,1172,1,0.7534542329,45,2
15,0.002,1173,1,0.9679127868,45,2
15,0.002,1174,1,1.1603919036,105,1
15,0.002,1175,1,1.1592012238,105,1
15,0.002,1176,1,1.0627846106,105,1
15,0.002,1177,1,1.1314506049,105,1
15,0.002,1178,1,1.0021141909,90,2
15,0.002,1179,1,0.9610588849,90,2
15,0.002,1180,1,1.0608392300,90,2
15,0.002,1181,1,1.1282250587,105,1
15,0.002,1182,1,0.6312680866,30,2
15,0.002,1183,1,1.0115899722,90,2
15,0.002,1184,1,0.6524134441,30,2
15,0.002,1185,1,0.7987069469,45,2
15,0.002,1186,1,0.6456283963,30,2
15,0.002,1187,1,1.0382158569,90,2
15,0.002,1188,1,1.1737899207,105,1
15,0.002,1189,1,1.1076991186,105,1
15,0.002,1190,1,1.1335115314,105,1
15,0.002,1191,1,1.0399060350,90,2
15,0.002,1192,1,1.0600405159,105,1
15,0.002,1193,1,0.7044877616,30,2
15,0.002,1194,1,1.0680923961,105,1
15,0.002,1195,1,0.8205947062,30,2
15,0.002,1196,1,1.1875762398,105,1
15,0.002,1197,1,1.0102979767,105,1
15,0.002,1198,1,1.1103881851,105,1
15,0.002,1199,1,0.6834286766,45,2
20,0.002,1000,1,1.0104120640,80,2
20,0.002,1001,1,0.9842387651,100,1
20,0.002,1002,1,1.1198475134,100,1
20,0.002,1003,1,1.0997164467,100,1
20,0.002,1004,1,1.2127599679,100,1
20,0.002,1005,1,0.7293938911,40,2
20,0.002,1006,1,0.6791733336,20,2
20,0.002,1007,1,1.0773233057,100,1
20,0.002,1008,1,1.1916555595,100,1
20,0.002,1009,1,1.1297326349,100,1
20,0.002,1010,1,1.1424197359,80,2
20,0.002,1011,1,0.2255493009,0,1
20,0.002,1012,1,0.2248475249,0,1
20,0.002,1013,1,0.4735351180,20,2
20,0.002,1014,1,0.1610008892,0,1
20,0.002,1015,1,1.1851092631,100,1
20,0.002,1016,1,1.0881649845,100,1
20,0.002,1017,1,0.7324727276,40,2
20,0.002,1018,1,1.1958336981,100,1
20,0.002,1019,1,0.8574553707,40,2
20,0.002,1020,1,1.1707537950,80,2
20,0.002,1021,1,1.0352924005,100,1
20,0.002,1022,1,1.2513792545,100,1
20,0.002,1023,1,0.3829957886,20,2
20,0.002,1024,1,0.9391269135,80,2
20,0.002,1025,1,1.0996197824,100,1
20,0.002,1026,1,1.1323263089,80,2
20,0.002,1027,1,0.9751664159,60,2
20,0.002,1028,1,1.1219500840,100,1
20,0.002,1029,1,0.7977729791,20,2
20,0.002,1030,1,0.2290081496,0,1
20,0.002,1031,1,1.0982277661,100,1
20,0.002,1032,1,1.1818627973,100,1
20,0.002,1033,1,0.9704418479,80,2
20,0.002,1034,1,1.0652970742,100,1
20,0.002,1035,1,1.1593611150,100,1
20,0.002,1036,1,1.1650124846,100,1
20,0.002,1037,1,1.2313519206,100,1
20,0.002,1038,1,0.8268215452,40,2
20,0.002,1039,1,0.3686971350,20,2
20,0.002,1040,1,0.9592006755,40,2
20,0.002,1041,1,1.0767084940,100,1
20,0.002,1042,1,1.1542946224,100,1
20,0.002,1043,1,0.9853155049,100,1
20,0.002,1044,1,0.9692408465,80,2
20,0.002,1045,1,1.0616612477,100,1
20,0.002,1046,1,1.1520402841,100,1
20,0.002,1047,1,1.1573784672,100,1
20,0.002,1048,1,1.1293097239,100,1
20,0.002,1049,1,1.0815093791,100,1
20,0.002,1050,1,1.1389605469,80,2
20,0.002,1051,1,1.1312959484,100,1
20,0.002,1052,1,0.9884686625,80,2
20,0.002,1053,1,1.0403323625,100,1
20,0.002,1054,1,1.1967498833,100,1
20,0.002,1055,1,1.1796652610,100,1
20,0.002,1056,1,0.7330373039,40,2
20,0.002,1057,1,1.0819427657,100,1
20,0.002,1058,1,1.0375117406,80,2
20,0.002,1059,1,0.6655339321,20,2
20,0.002,1060,1,1.0931865088,100,1
20,0.002,1061,1,1.0882721121,100,1
20,0.002,1062,1,1.1469050115,100,1
20,0.002,1063,1,1.2083605548,100,1
20,0.002,1064,1,1.0475850687,80,2
20,0.002,1065,1,0.9097676371,80,2
20,0.002,1066,1,0.8893388148,20,2
20,0.002,1067,1,1.2428874075,100,1
20,0.002,1068,1,1.0652109037,100,1
20,0.002,1069,1,1.1063446860,100,1
20,0.002,1070,1,1.0606687011,100,1
20,0.002,1071,1,1.2589687771,100,1
20,0.002,1072,1,1.0076436390,80,2
20,0.002,1073,1,1.0421236013,100,1
20,0.002,1074,1,0.9764138394,80,2
20,0.002,1075,1,0.6279897477,20,2
20,0.002,1076,1,1.0323091187,100,1
20,0.002,1077,1,1.0154714739,100,1
20,0.002,1078,1,0.7380876585,40,2
20,0.002,1079,1,1.1572295395,100,1
20,0.002,1080,1,1.0536591589,80,2
20,0.002,1081,1,1.0948212210,100,1
20,0.002,1082,1,1.2004875091,100,1
20,0.002,1083,1,1.1018768968,60,2
20,0.002,1084,1,1.1131111346,100,1
20,0.002,1085,1,1.1174421892,100,1
20,0.002,1086,1,1.1205207228,100,1
20,0.002,1087,1,1.1993192016,80,2
20,0.002,1088,1,1.0856943978,100,1
20,0.002,1089,1,1.0923928192,80,2
20,0.002,1090,1,1.1065896515,100,1
20,0.002,1091,1,0.7600608226,40,2
20,0.002,1092,1,0.2253286725,0,1
20,0.002,1093,1,1.1562548240,80,2
20,0.002,1094,1,1.1120620439,100,1
20,0.002,1095,1,0.2262441871,0,1
20,0.002,1096,1,0.8528064618,20,2
20,0.002,1097,1,0.9364699836,80,2
20,0.002,1098,1,0.2238780104,0,1
20,0.002,1099,1,1.1040217762,100,1
20,0.002,1100,1,1.0441046806,100,1
20,0.002,1101,1,1.2345699289,100,1
20,0.002,1102,1,0.1723275447,0,1
20,0.002,1103,1,1.1025423398,100,1
20,0.002,1104,1,1.2144663605,100,1
20,0.002,1105,1,0.6772126009,40,2
20,0.002,1106,1,1.1051268604,100,1
20,0.002,1107,1,1.1275851537,100,1
20,0.002,1108,1,0.2229836005,0,1
20,0.002,1109,1,1.1869986458,100,1
20,0.002,1110,1,1.0819122739,80,2
20,0.002,1111,1,0.8731729690,20,2
20,0.002,1112,1,1.0431096127,80,2
20,0.002,1113,1,0.4912275897,20,2
20,0.002,1114,1,1.1028339372,100,1
20,0.002,1115,1,1.0243083552,100,1
20,0.002,1116,1,0.8122435118,20,2
20,0.002,1117,1,1.0160981843,100,1
20,0.002,1118,1,0.1332471418,0,1
20,0.002,1119,1,1.2459766476,100,1
20,0.002,1120,1,1.0038403923,100,1
20,0.002,1121,1,1.0657746612,100,1
20,0.002,1122,1,1.1507506238,100,1
20,0.002,1123,1,1.1836900030,100,1
20,0.002,1124,1,1.0042391490,100,1
20,0.002,1125,1,1.1907575360,100,1
20,0.002,1126,1,0.8166926673,40,2
20,0.002,1127,1,0.9832660458,80,2
20,0.002,1128,1,1.0175629110,80,2
20,0.002,1129,1,0.7055415195,40,2
20,0.002,1130,1,0.3847663222,20,2
20,0.002,1131,1,1.0780392005,100,1
20,0.002,1132,1,1.1912409988,100,1
20,0.002,1133,1,0.7829780955,40,2
20,0.002,1134,1,1.0247317193,100,1
20,0.002,1135,1,1.0359874962,100,1
20,0.002,1136,1,1.1781359673,100,1
20,0.002,1137,1,0.1751910880,0,1
20,0.002,1138,1,1.1899814803,100,1
20,0.002,1139,1,1.0248732483,100,1
20,0.002,1140,1,1.0842974696,100,1
20,0.002,1141,1,1.0694739391,100,1
20,0.002,1142,1,0.5958392929,20,2
20,0.002,1143,1,1.1657760803,100,1
20,0.002,1144,1,0.7040316775,40,2
20,0.002,1145,1,1.1216867019,100,1
20,0.002,1146,1,1.0888636093,100,1
20,0.002,1147,1,1.0236545349,100,1
20,0.002,1148,1,1.1347586858,100,1
20,0.002,1149,1,1.1633413605,100,1
20,0.002,1150,1,1.1731123384,100,1
20,0.002,1151,1,1.1379003798,80,2
20,0.002,1152,1,1.1270674493,100,1
20,0.002,1153,1,1.2411773554,100,1
20,0.002,1154,1,1.0005267470,100,1
20,0.002,1155,1,1.2043147175,100,1
20,0.002,1156,1,1.0714891254,100,1
20,0.002,1157,1,1.0338498303,80,2
20,0.002,1158,1,0.9132570234,80,2
20,0.002,1159,1,0.4608119046,20,2
20,0.002,1160,1,1.0637948267,100,1
20,0.002,1161,1,1.0136662011,80,2
20,0.002,1162,1,0.9260265936,80,2
20,0.002,1163,1,1.1806773939,100,1
20,0.002,1164,1,0.8902855785,40,2
20,0.002,1165,1,0.2251859415,0,1
20,0.002,1166,1,1.1744420972,100,1
20,0.002,1167,1,1.0561642933,80,2
20,0.002,1168,1,0.6765458915,40,2
20,0.002,1169,1,0.9750862975,80,2
20,0.002,1170,1,1.1468333473,100,1
20,0.002,1171,1,1.0821378674,100,1
20,0.002,1172,1,0.3864381570,20,2
20,0.002,1173,1,0.7863030389,20,2
20,0.002,1174,1,1.1469769170,100,1
20,0.002,1175,1,1.1442135283,100,1
20,0.002,1176,1,1.0576884635,100,1
20,0.002,1177,1,1.1216950744,100,1
20,0.002,1178,1,0.9542569748,80,2
20,0.002,1179,1,0.9100382983,80,2
20,0.002,1180,1,0.9296733451,60,2
20,0.002,1181,1,1.1207205986,100,1
20,0.002,1182,1,0.2261049910,0,1
20,0.002,1183,1,0.6612481329,40,2
20,0.002,1184,1,0.2251251170,0,1
20,0.002,1185,1,0.5284830178,20,2
20,0.002,1186,1,0.2236084036,0,1
20,0.002,1187,1,0.9845118995,80,2
20,0.002,1188,1,1.1563151545,100,1
20,0.002,1189,1,1.1010136567,100,1
20,0.002,1190,1,1.1249634147,100,1
20,0.002,1191,1,0.9984808794,80,2
20,0.002,1192,1,1.0567543405,100,1
20,0.002,1193,1,0.2238517863,0,1
20,0.002,1194,1,1.0537104153,100,1
20,0.002,1195,1,0.2297806633,0,1
20,0.002,1196,1,1.1746505238,100,1
20,0.002,1197,1,0.9972333119,100,1
20,0.002,1198,1,1.1081323804,100,1
20,0.002,1199,1,0.4270966280,20,2
30,0.002,1000,1,0.6852116464,30,2
30,0.002,1001,1,0.9679504417,90,1
30,0.002,1002,1,1.1081627851,90,1
30,0.002,1003,1,1.0770036007,90,1
30,0.002,1004,1,1.1975861243,90,1
30,0.002,1005,1,0.0518979999,0,1
30,0.002,1006,1,0.1899855105,0,1
30,0.002,1007,1,1.0390209478,90,1
30,0.002,1008,1,1.1819197790,90,1
30,0.002,1009,1,1.0906431162,90,1
30,0.002,1010,1,1.1047398193,60,2
30,0.002,1011,1,0.3475864056,0,1
30,0.002,1012,1,0.3461038412,0,1
30,0.002,1013,1,0.1035536917,0,1
30,0.002,1014,1,0.2763398156,0,1
30,0.002,1015,1,1.1710621959,90,1
30,0.002,1016,1,1.0487663565,90,1
30,0.002,1017,1,0.0974636891,0,1
30,0.002,1018,1,1.1818721410,90,1
30,0.002,1019,1,0.0777702534,0,1
30,0.002,1020,1,1.1203259567,60,2
30,0.002,1021,1,1.0053957796,90,1
30,0.002,1022,1,1.2370619267,90,1
30,0.002,1023,1,0.1424315193,0,1
30,0.002,1024,1,0.5736795219,30,2
30,0.002,1025,1,1.0931438882,90,1
30,0.002,1026,1,0.7212077659,30,2
30,0.002,1027,1,0.5983549131,30,2
30,0.002,1028,1,1.1065068482,90,1
30,0.002,1029,1,0.1729362675,0,1
30,0.002,1030,1,0.3589794926,0,1
30,0.002,1031,1,1.0737681795,90,1
30,0.002,1032,1,1.1670507163,90,1
30,0.002,1033,1,0.9490037342,60,2
30,0.002,1034,1,1.0371249742,90,1
30,0.002,1035,1,1.1378398778,90,1
30,0.002,1036,1,1.1276861499,90,1
30,0.002,1037,1,1.1825579030,90,1
30,0.002,1038,1,0.0472999044,0,1
30,0.002,1039,1,0.1450843902,0,1
30,0.002,1040,1,0.0992191976,0,1
30,0.002,1041,1,1.0486524330,90,1
30,0.002,1042,1,1.1497302957,90,1
30,0.002,1043,1,0.9497946097,90,1
30,0.002,1044,1,0.6533501310,30,2
30,0.002,1045,1,1.0202549610,90,1
30,0.002,1046,1,1.1104253736,90,1
30,0.002,1047,1,1.1239273201,90,1
30,0.002,1048,1,1.1246187557,90,1
30,0.002,1049,1,1.0659856885,90,1
30,0.002,1050,1,1.0752208701,60,2
30,0.002,1051,1,1.1220619708,90,1
30,0.002,1052,1,0.8918059148,60,2
30,0.002,1053,1,1.0056866547,90,1
30,0.002,1054,1,1.1500306537,90,1
30,0.002,1055,1,1.1563092818,90,1
30,0.002,1056,1,0.0495928363,0,1
30,0.002,1057,1,1.0701336407,90,1
30,0.002,1058,1,0.9608661338,60,2
30,0.002,1059,1,0.1273252174,0,1
30,0.002,1060,1,1.0733502136,90,1
30,0.002,1061,1,1.0428555399,90,1
30,0.002,1062,1,1.1175393687,90,1
30,0.002,1063,1,1.1596359720,90,1
30,0.002,1064,1,0.9864065549,60,2
30,0.002,1065,0,0.0042943736,0,1
30,0.002,1066,1,0.1746153613,0,1
30,0.002,1067,1,1.2011026641,90,1
30,0.002,1068,1,1.0387284799,90,1
30,0.002,1069,1,1.0960939179,90,1
30,0.002,1070,1,1.0545737818,90,1
30,0.002,1071,1,1.2166485764,90,1
30,0.002,1072,1,0.9371640485,60,2
30,0.002,1073,1,1.0124613234,90,1
30,0.002,1074,1,0.0110956036,0,1
30,0.002,1075,1,0.0637549148,0,1
30,0.002,1076,1,1.0054900660,90,1
30,0.002,1077,1,0.9998535794,90,1
30,0.002,1078,1,0.1176018425,0,1
30,0.002,1079,1,1.1437196966,90,1
30,0.002,1080,1,0.9297468205,60,2
30,0.002,1081,1,1.0646018086,90,1
30,0.002,1082,1,1.1567128254,90,1
30,0.002,1083,1,0.9176082164,30,2
30,0.002,1084,1,1.0927972828,90,1
30,0.002,1085,1,1.0949136382,90,1
30,0.002,1086,1,1.0947737571,90,1
30,0.002,1087,0,0.0043045029,0,1
30,0.002,1088,1,1.0656613462,90,1
30,0.002,1089,1,0.9454275439,30,2
30,0.002,1090,1,1.0960738223,90,1
30,0.002,1091,1,0.0497210345,0,1
30,0.002,1092,1,0.3477201499,0,1
30,0.002,1093,1,0.9395785767,30,2
30,0.002,1094,1,1.0751859488,90,1
30,0.002,1095,1,0.3482241501,0,1
30,0.002,1096,1,0.1839191494,0,1
30,0.002,1097,1,0.6204414971,30,2
30,0.002,1098,1,0.3430620388,0,1
30,0.002,1099,1,1.0934759732,90,1
30,0.002,1100,1,1.0077603776,90,1
30,0.002,1101,1,1.2126347285,90,1
30,0.002,1102,1,0.2933346042,0,1
30,0.002,1103,1,1.0797603547,90,1
30,0.002,1104,1,1.1949366291,90,1
30,0.002,1105,1,0.0801125130,0,1
30,0.002,1106,1,1.0922608457,90,1
30,0.002,1107,1,1.1094761846,90,1
30,0.002,1108,1,0.3419358523,0,1
30,0.002,1109,1,1.1404073987,90,1
30,0.002,1110,1,1.0212436724,60,2
30,0.002,1111,1,0.1964649842,0,1
30,0.002,1112,1,0.9214405458,60,2
30,0.002,1113,1,0.0618323848,0,1
30,0.002,1114,1,1.0884097571,90,1
30,0.002,1115,1,0.9923261718,90,1
30,0.002,1116,1,0.0630914426,0,1
30,0.002,1117,1,0.9933031847,90,1
30,0.002,1118,1,0.2257244990,0,1
30,0.002,1119,1,1.2415855781,90,1
30,0.002,1120,1,0.9714895671,90,1
30,0.002,1121,1,1.0379081426,90,1
30,0.002,1122,1,1.1108738434,90,1
30,0.002,1123,1,1.1653465567,90,1
30,0.002,1124,1,0.9690316849,90,1
30,0.002,1125,1,1.1606842231,90,1
30,0.002,1126,1,0.0702259722,0,1
30,0.002,1127,1,0.8848418493,60,2
30,0.002,1128,1,0.9136293319,60,2
30,0.002,1129,1,0.0884326737,0,1
30,0.002,1130,1,0.1544065593,0,1
30,0.002,1131,1,1.0331235940,90,1
30,0.002,1132,1,1.1727898173,90,1
30,0.002,1133,1,0.0474866234,0,1
30,0.002,1134,1,0.9921623393,90,1
30,0.002,1135,1,0.9950079759,90,1
30,0.002,1136,1,1.1391996853,90,1
30,0.002,1137,1,0.2981131734,0,1
30,0.002,1138,1,1.1812311546,90,1
30,0.002,1139,1,1.0078012415,90,1
30,0.002,1140,1,1.0482251262,90,1
30,0.002,1141,1,1.0391450949,90,1
30,0.002,1142,1,0.0505932343,0,1
30,0.002,1143,1,1.1216289587,90,1
30,0.002,1144,1,0.0937578988,0,1
30,0.002,1145,1,1.1096317551,90,1
30,0.002,1146,1,1.0460506701,90,1
30,0.002,1147,1,0.9914663184,90,1
30,0.002,1148,1,1.1005174108,90,1
30,0.002,1149,1,1.1559569666,90,1
30,0.002,1150,1,1.1287243748,90,1
30,0.002,1151,1,0.8457078743,30,2
30,0.002,1152,1,1.0872305791,90,1
30,0.002,1153,1,1.2299513807,90,1
30,0.002,1154,1,0.9677213518,90,1
30,0.002,1155,1,1.1903061841,90,1
30,0.002,1156,1,1.0498757373,90,1
30,0.002,1157,1,0.9235089278,60,2
30,0.002,1158,1,0.8296882125,60,2
30,0.002,1159,1,0.1368070941,0,1
30,0.002,1160,1,1.0524365891,90,1
30,0.002,1161,0,0.0086417933,0,1
30,0.002,1162,1,0.8465371760,60,2
30,0.002,1163,1,1.1414558923,90,1
30,0.002,1164,1,0.0453990171,0,1
30,0.002,1165,1,0.3465349648,0,1
30,0.002,1166,1,1.1331887928,90,1
30,0.002,1167,1,0.7350074576,30,2
30,0.002,1168,1,0.5511770433,30,2
30,0.002,1169,1,0.8838131136,60,2
30,0.002,1170,1,1.1357808579,90,1
30,0.002,1171,1,1.0631424264,90,1
30,0.002,1172,1,0.0560379345,0,1
30,0.002,1173,1,0.0595089696,0,1
30,0.002,1174,1,1.1142272976,90,1
30,0.002,1175,1,1.1086029097,90,1
30,0.002,1176,1,1.0449718032,90,1
30,0.002,1177,1,1.0978601993,90,1
30,0.002,1178,1,0.5217998575,30,2
30,0.002,1179,1,0.7789510481,60,2
30,0.002,1180,1,0.7043438849,30,2
30,0.002,1181,1,1.1010799315,90,1
30,0.002,1182,1,0.3489799082,0,1
30,0.002,1183,1,0.0197876917,0,1
30,0.002,1184,1,0.3490043534,0,1
30,0.002,1185,1,0.1522095374,0,1
30,0.002,1186,1,0.3426277663,0,1
30,0.002,1187,1,0.8488826582,60,2
30,0.002,1188,1,1.1157816660,90,1
30,0.002,1189,1,1.0840420193,90,1
30,0.002,1190,1,1.1047501091,90,1
30,0.002,1191,1,0.8872662976,60,2
30,0.002,1192,1,1.0476841301,90,1
30,0.002,1193,1,0.3432299130,0,1
30,0.002,1194,1,1.0178503349,90,1
30,0.002,1195,1,0.3563415265,0,1
30,0.002,1196,1,1.1433119279,90,1
30,0.002,1197,1,0.9664346469,90,1
30,0.002,1198,1,1.1015939863,90,1
30,0.002,1199,1,0.0511818289,0,1
40,0.002,1000,1,0.0198415619,0,1
40,0.002,1001,1,0.9468991003,80,1
40,0.002,1002,1,1.0915337403,80,1
40,0.002,1003,1,1.0488032481,80,1
40,0.002,1004,1,1.1788948887,80,1
40,0.002,1005,1,0.0844334873,0,1
40,0.002,1006,1,0.2534395641,0,1
40,0.002,1007,1,0.9924827207,80,1
40,0.002,1008,1,1.1678367844,80,1
40,0.002,1009,1,1.0418622865,80,1
40,0.002,1010,0,0.0055421467,0,1
40,0.002,1011,1,0.4473577423,0,1
40,0.002,1012,1,0.4448985024,0,1
40,0.002,1013,1,0.1627667423,0,1
40,0.002,1014,1,0.3809156224,0,1
40,0.002,1015,1,1.1517945204,80,1
40,0.002,1016,1,0.9994345002,80,1
40,0.002,1017,1,0.1555894602,0,1
40,0.002,1018,1,1.1633149686,80,1
40,0.002,1019,1,0.1352851179,0,1
40,0.002,1020,1,1.0434013108,40,2
40,0.002,1021,1,0.9685116923,80,1
40,0.002,1022,1,1.2169466572,80,1
40,0.002,1023,1,0.2113115309,0,1
40,0.002,1024,1,0.0110367694,0,1
40,0.002,1025,1,1.0844072480,80,1
40,0.002,1026,1,0.0383582714,0,1
40,0.002,1027,1,0.0364260484,0,1
40,0.002,1028,1,1.0877076138,80,1
40,0.002,1029,1,0.2225101475,0,1
40,0.002,1030,1,0.4694441409,0,1
40,0.002,1031,1,1.0409077109,80,1
40,0.002,1032,1,1.1450737861,80,1
40,0.002,1033,1,0.9121357025,40,2
40,0.002,1034,1,1.0030126150,80,1
40,0.002,1035,1,1.1099160351,80,1
40,0.002,1036,1,1.0810592350,80,1
40,0.002,1037,1,1.1240348423,80,1
40,0.002,1038,1,0.0758862962,0,1
40,0.002,1039,1,0.1874927727,0,1
40,0.002,1040,1,0.1552694069,0,1
40,0.002,1041,1,1.0147631602,80,1
40,0.002,1042,1,1.1434554905,80,1
40,0.002,1043,1,0.9075354050,80,1
40,0.002,1044,1,0.0257078717,0,1
40,0.002,1045,1,0.9694870855,80,1
40,0.002,1046,1,1.0567934217,80,1
40,0.002,1047,1,1.0825139833,80,1
40,0.002,1048,1,1.1166878100,80,1
40,0.002,1049,1,1.0464235228,80,1
40,0.002,1050,1,0.9779913815,40,2
40,0.002,1051,1,1.1101339805,80,1
40,0.002,1052,1,0.7582356704,40,2
40,0.002,1053,1,0.9645861160,80,1
40,0.002,1054,1,1.0911459433,80,1
40,0.002,1055,1,1.1267590746,80,1
40,0.002,1056,1,0.0810705289,0,1
40,0.002,1057,1,1.0527483663,80,1
40,0.002,1058,1,0.8420002555,40,2
40,0.002,1059,1,0.1962926994,0,1
40,0.002,1060,1,1.0470679840,80,1
40,0.002,1061,1,0.9859566829,80,1
40,0.002,1062,1,1.0799178231,80,1
40,0.002,1063,1,1.0992406116,80,1
40,0.002,1064,1,0.8967503279,40,2
40,0.002,1065,0,0.0098388175,0,1
40,0.002,1066,1,0.2297052147,0,1
40,0.002,1067,1,1.1491854970,80,1
40,0.002,1068,1,1.0078249121,80,1
40,0.002,1069,1,1.0840215311,80,1
40,0.002,1070,1,1.0455439316,80,1
40,0.002,1071,1,1.1637049410,80,1
40,0.002,1072,1,0.8207169945,40,2
40,0.002,1073,1,0.9783342127,80,1
40,0.002,1074,1,0.0298032848,0,1
40,0.002,1075,1,0.0989267359,0,1
40,0.002,1076,1,0.9711729817,80,1
40,0.002,1077,1,0.9799670898,80,1
40,0.002,1078,1,0.1907467784,0,1
40,0.002,1079,1,1.1253943289,80,1
40,0.002,1080,0,0.0053520385,0,1
40,0.002,1081,1,1.0276857046,80,1
40,0.002,1082,1,1.1043666171,80,1
40,0.002,1083,1,0.0368638168,0,1
40,0.002,1084,1,1.0677079508,80,1
40,0.002,1085,1,1.0666653612,80,1
40,0.002,1086,1,1.0626477170,80,1
40,0.002,1087,1,0.0115532705,0,1
40,0.002,1088,1,1.0407445942,80,1
40,0.002,1089,0,0.0059534813,0,1
40,0.002,1090,1,1.0804935727,80,1
40,0.002,1091,1,0.0800453323,0,1
40,0.002,1092,1,0.4483504808,0,1
40,0.002,1093,1,0.0351435773,0,1
40,0.002,1094,1,1.0286251163,80,1
40,0.002,1095,1,0.4472436867,0,1
40,0.002,1096,1,0.2521752404,0,1
40,0.002,1097,1,0.0327251295,0,1
40,0.002,1098,1,0.4392401652,0,1
40,0.002,1099,1,1.0785027376,80,1
40,0.002,1100,1,0.9634824739,80,1
40,0.002,1101,1,1.1848431316,80,1
40,0.002,1102,1,0.4033624752,0,1
40,0.002,1103,1,1.0505044381,80,1
40,0.002,1104,1,1.1706188764,80,1
40,0.002,1105,1,0.1296449259,0,1
40,0.002,1106,1,1.0752206475,80,1
40,0.002,1107,1,1.0874226887,80,1
40,0.002,1108,1,0.4399343749,0,1
40,0.002,1109,1,1.0820981184,80,1
40,0.002,1110,1,0.9330913579,40,2
40,0.002,1111,1,0.2525283736,0,1
40,0.002,1112,1,0.7455822401,40,2
40,0.002,1113,1,0.1001313926,0,1
40,0.002,1114,1,1.0692031677,80,1
40,0.002,1115,1,0.9536712562,80,1
40,0.002,1116,1,0.0991953360,0,1
40,0.002,1117,1,0.9632235983,80,1
40,0.002,1118,1,0.3128515806,0,1
40,0.002,1119,1,1.2343797935,80,1
40,0.002,1120,1,0.9312339970,80,1
40,0.002,1121,1,1.0035529364,80,1
40,0.002,1122,1,1.0623144036,80,1
40,0.002,1123,1,1.1403356552,80,1
40,0.002,1124,1,0.9267783837,80,1
40,0.002,1125,1,1.1206213576,80,1
40,0.002,1126,1,0.1224061693,0,1
40,0.002,1127,0,0.0069648302,0,1
40,0.002,1128,1,0.7671949461,40,2
40,0.002,1129,1,0.1414876291,0,1
40,0.002,1130,1,0.2273082194,0,1
40,0.002,1131,1,0.9779553276,80,1
40,0.002,1132,1,1.1510029125,80,1
40,0.002,1133,1,0.0816574345,0,1
40,0.002,1134,1,0.9534089633,80,1
40,0.002,1135,1,0.9451164542,80,1
40,0.002,1136,1,1.0927011466,80,1
40,0.002,1137,1,0.4089188652,0,1
40,0.002,1138,1,1.1693601978,80,1
40,0.002,1139,1,0.9873049672,80,1
40,0.002,1140,1,1.0030764784,80,1
40,0.002,1141,1,1.0008508755,80,1
40,0.002,1142,1,0.0684146017,0,1
40,0.002,1143,1,1.0658521270,80,1
40,0.002,1144,1,0.1477263019,0,1
40,0.002,1145,1,1.0930397588,80,1
40,0.002,1146,1,0.9941366260,80,1
40,0.002,1147,1,0.9513871806,80,1
40,0.002,1148,1,1.0585684918,80,1
40,0.002,1149,1,1.1447317887,80,1
40,0.002,1150,1,1.0738880759,80,1
40,0.002,1151,1,0.0322611909,0,1
40,0.002,1152,1,1.0361248635,80,1
40,0.002,1153,1,1.2135398937,80,1
40,0.002,1154,1,0.9262947428,80,1
40,0.002,1155,1,1.1732280346,80,1
40,0.002,1156,1,1.0242154373,80,1
40,0.002,1157,1,0.7597496054,40,2
40,0.002,1158,1,0.7198415328,40,2
40,0.002,1159,1,0.1756246990,0,1
40,0.002,1160,1,1.0359606226,80,1
40,0.002,1161,1,0.0200270657,0,1
40,0.002,1162,0,0.0042926596,0,1
40,0.002,1163,1,1.0925387711,80,1
40,0.002,1164,1,0.0737613474,0,1
40,0.002,1165,1,0.4452093269,0,1
40,0.002,1166,1,1.0836968910,80,1
40,0.002,1167,1,0.0254363347,0,1
40,0.002,1168,1,0.0587195570,0,1
40,0.002,1169,1,0.7479502244,40,2
40,0.002,1170,1,1.1202035493,80,1
40,0.002,1171,1,1.0381708432,80,1
40,0.002,1172,1,0.0842588918,0,1
40,0.002,1173,1,0.0873490451,0,1
40,0.002,1174,1,1.0721447448,80,1
40,0.002,1175,1,1.0649400510,80,1
40,0.002,1176,1,1.0288635603,80,1
40,0.002,1177,1,1.0681986877,80,1
40,0.002,1178,1,0.0115764203,0,1
40,0.002,1179,1,0.5983103393,40,2
40,0.002,1180,1,0.0501985213,0,1
40,0.002,1181,1,1.0748294894,80,1
40,0.002,1182,1,0.4498886397,0,1
40,0.002,1183,1,0.0347561365,0,1
40,0.002,1184,1,0.4536079005,0,1
40,0.002,1185,1,0.1977248067,0,1
40,0.002,1186,1,0.4405189323,0,1
40,0.002,1187,1,0.6651430348,40,2
40,0.002,1188,1,1.0670172077,80,1
40,0.002,1189,1,1.0618876041,80,1
40,0.002,1190,1,1.0790363898,80,1
40,0.002,1191,1,0.7213726586,40,2
40,0.002,1192,1,1.0346148481,80,1
40,0.002,1193,1,0.4398553704,0,1
40,0.002,1194,1,0.9721735790,80,1
40,0.002,1195,1,0.4600517506,0,1
40,0.002,1196,1,1.1041449113,80,1
40,0.002,1197,1,0.9282727146,80,1
40,0.002,1198,1,1.0924214266,80,1
40,0.002,1199,1,0.0692873398,0,1
60,0.002,1000,1,0.0453955285,0,1
60,0.002,1001,1,0.8887064642,60,1
60,0.002,1002,1,1.0431537035,60,1
60,0.002,1003,1,0.9698483629,60,1
60,0.002,1004,1,1.1258207527,60,1
60,0.002,1005,1,0.1432508785,0,1
60,0.002,1006,1,0.3607876324,0,1
60,0.002,1007,1,0.8760125753,60,1
60,0.002,1008,1,1.1236779041,60,1
60,0.002,1009,1,0.9156986755,60,1
60,0.002,1010,1,0.0117577029,0,1
60,0.002,1011,1,0.5956397074,0,1
60,0.002,1012,1,0.5910547489,0,1
60,0.002,1013,1,0.2722694834,0,1
60,0.002,1014,1,0.5494897892,0,1
60,0.002,1015,1,1.0951323960,60,1
60,0.002,1016,1,0.8714282944,60,1
60,0.002,1017,1,0.2618170093,0,1
60,0.002,1018,1,1.1091913842,60,1
60,0.002,1019,1,0.2479639483,0,1
60,0.002,1020,0,0.0000000000,0,1
60,0.002,1021,1,0.8689050292,60,1
60,0.002,1022,1,1.1553298934,60,1
60,0.002,1023,1,0.3282464338,0,1
60,0.002,1024,1,0.0310738382,0,1
60,0.002,1025,1,1.0571196999,60,1
60,0.002,1026,1,0.0955010408,0,1
60,0.002,1027,1,0.0879045105,0,1
60,0.002,1028,1,1.0351817015,60,1
60,0.002,1029,1,0.2951513701,0,1
60,0.002,1030,1,0.6412821225,0,1
60,0.002,1031,1,0.9453450880,60,1
60,0.002,1032,1,1.0791850912,60,1
60,0.002,1033,0,0.0007185326,0,1
60,0.002,1034,1,0.9126687070,60,1
60,0.002,1035,1,1.0327386553,60,1
60,0.002,1036,1,0.9572189841,60,1
60,0.002,1037,1,0.9800779325,60,1
60,0.002,1038,1,0.1254217503,0,1
60,0.002,1039,1,0.2502132441,0,1
60,0.002,1040,1,0.2525799477,0,1
60,0.002,1041,1,0.9254144112,60,1
60,0.002,1042,1,1.1235447751,60,1
60,0.002,1043,1,0.8034022410,60,1
60,0.002,1044,1,0.0584994648,0,1
60,0.002,1045,1,0.8398947587,60,1
60,0.002,1046,1,0.9130265274,60,1
60,0.002,1047,1,0.9707356043,60,1
60,0.002,1048,1,1.0894065628,60,1
60,0.002,1049,1,0.9915829557,60,1
60,0.002,1050,0,0.0099619198,0,1
60,0.002,1051,1,1.0750981376,60,1
60,0.002,1052,0,0.0000000000,0,1
60,0.002,1053,1,0.8614614777,60,1
60,0.002,1054,1,0.9381325339,60,1
60,0.002,1055,1,1.0421407583,60,1
60,0.002,1056,1,0.1381865485,0,1
60,0.002,1057,1,1.0004039121,60,1
60,0.002,1058,1,0.0117038396,0,1
60,0.002,1059,1,0.3212012691,0,1
60,0.002,1060,1,0.9730660004,60,1
60,0.002,1061,1,0.8396855597,60,1
60,0.002,1062,1,0.9747103372,60,1
60,0.002,1063,1,0.9468772956,60,1
60,0.002,1064,0,0.0000000000,0,1
60,0.002,1065,1,0.0207212103,0,1
60,0.002,1066,1,0.3139822249,0,1
60,0.002,1067,1,1.0149109845,60,1
60,0.002,1068,1,0.9289564253,60,1
60,0.002,1069,1,1.0528223275,60,1
60,0.002,1070,1,1.0162536138,60,1
60,0.002,1071,1,1.0252005353,60,1
60,0.002,1072,0,0.0000000000,0,1
60,0.002,1073,1,0.8958397929,60,1
60,0.002,1074,1,0.0742648775,0,1
60,0.002,1075,1,0.1648760574,0,1
60,0.002,1076,1,0.8741860354,60,1
60,0.002,1077,1,0.9241007034,60,1
60,0.002,1078,1,0.3249721573,0,1
60,0.002,1079,1,1.0711935237,60,1
60,0.002,1080,1,0.0109531109,0,1
60,0.002,1081,1,0.9292901189,60,1
60,0.002,1082,1,0.9753191152,60,1
60,0.002,1083,1,0.0871824972,0,1
60,0.002,1084,1,0.9969990709,60,1
60,0.002,1085,1,0.9883396911,60,1
60,0.002,1086,1,0.9762903309,60,1
60,0.002,1087,1,0.0254665457,0,1
60,0.002,1088,1,0.9701850071,60,1
60,0.002,1089,1,0.0119101439,0,1
60,0.002,1090,1,1.0294426302,60,1
60,0.002,1091,1,0.1339671661,0,1
60,0.002,1092,1,0.5992579859,0,1
60,0.002,1093,1,0.0853266787,0,1
60,0.002,1094,1,0.9037686368,60,1
60,0.002,1095,1,0.5933231923,0,1
60,0.002,1096,1,0.3691454173,0,1
60,0.002,1097,1,0.0885687557,0,1
60,0.002,1098,1,0.5792600466,0,1
60,0.002,1099,1,1.0347046967,60,1
60,0.002,1100,1,0.8504752742,60,1
60,0.002,1101,1,1.1071827195,60,1
60,0.002,1102,1,0.5813381691,0,1
60,0.002,1103,1,0.9662531021,60,1
60,0.002,1104,1,1.1049554038,60,1
60,0.002,1105,1,0.2221206821,0,1
60,0.002,1106,1,1.0260395496,60,1
60,0.002,1107,1,1.0281314446,60,1
60,0.002,1108,1,0.5878417251,0,1
60,0.002,1109,1,0.9316454514,60,1
60,0.002,1110,0,0.0000000000,0,1
60,0.002,1111,1,0.3339953761,0,1
60,0.002,1112,0,0.0082431497,0,1
60,0.002,1113,1,0.1752118600,0,1
60,0.002,1114,1,1.0144640961,60,1
60,0.002,1115,1,0.8561611684,60,1
60,0.002,1116,1,0.1679229422,0,1
60,0.002,1117,1,0.8773594473,60,1
60,0.002,1118,1,0.4621192251,0,1
60,0.002,1119,1,1.2097147884,60,1
60,0.002,1120,1,0.8244658973,60,1
60,0.002,1121,1,0.9102398074,60,1
60,0.002,1122,1,0.9380650192,60,1
60,0.002,1123,1,1.0668641157,60,1
60,0.002,1124,1,0.8207587687,60,1
60,0.002,1125,1,1.0072250725,60,1
60,0.002,1126,1,0.2252767023,0,1
60,0.002,1127,1,0.0217474568,0,1
60,0.002,1128,0,0.0000000000,0,1
60,0.002,1129,1,0.2365907480,0,1
60,0.002,1130,1,0.3501052757,0,1
60,0.002,1131,1,0.8400463418,60,1
60,0.002,1132,1,1.0939150177,60,1
60,0.002,1133,1,0.1496140958,0,1
60,0.002,1134,1,0.8571801258,60,1
60,0.002,1135,1,0.8187020186,60,1
60,0.002,1136,1,0.9775370511,60,1
60,0.002,1137,1,0.5870468688,0,1
60,0.002,1138,1,1.1326412152,60,1
60,0.002,1139,1,0.9324032599,60,1
60,0.002,1140,1,0.8836285257,60,1
60,0.002,1141,1,0.8952306584,60,1
60,0.002,1142,1,0.0947333921,0,1
60,0.002,1143,1,0.9196269802,60,1
60,0.002,1144,1,0.2432245596,0,1
60,0.002,1145,1,1.0445056078,60,1
60,0.002,1146,1,0.8632359680,60,1
60,0.002,1147,1,0.8439297865,60,1
60,0.002,1148,1,0.9487671167,60,1
60,0.002,1149,1,1.1086259317,60,1
60,0.002,1150,1,0.9347384329,60,1
60,0.002,1151,1,0.0779660326,0,1
60,0.002,1152,1,0.8998288444,60,1
60,0.002,1153,1,1.1607241700,60,1
60,0.002,1154,1,0.8151328092,60,1
60,0.002,1155,1,1.1250837434,60,1
60,0.002,1156,1,0.9563228990,60,1
60,0.002,1157,0,0.0000000000,0,1
60,0.002,1158,0,0.0076695571,0,1
60,0.002,1159,1,0.2335214224,0,1
60,0.002,1160,1,0.9867589725,60,1
60,0.002,1161,1,0.0433036552,0,1
60,0.002,1162,1,0.0131080040,0,1
60,0.002,1163,1,0.9649954570,60,1
60,0.002,1164,1,0.1249580515,0,1
60,0.002,1165,1,0.5907506198,0,1
60,0.002,1166,1,0.9601895567,60,1
60,0.002,1167,1,0.0647983701,0,1
60,0.002,1168,1,0.0983725512,0,1
60,0.002,1169,0,0.0000000000,0,1
60,0.002,1170,1,1.0750058825,60,1
60,0.002,1171,1,0.9678545215,60,1
60,0.002,1172,1,0.1347947856,0,1
60,0.002,1173,1,0.1368559703,0,1
60,0.002,1174,1,0.9541970591,60,1
60,0.002,1175,1,0.9503082494,60,1
60,0.002,1176,1,0.9858375387,60,1
60,0.002,1177,1,0.9880570427,60,1
60,0.002,1178,1,0.0324866879,0,1
60,0.002,1179,0,0.0000000000,0,1
60,0.002,1180,1,0.1161586521,0,1
60,0.002,1181,1,0.9998861889,60,1
60,0.002,1182,1,0.6008103508,0,1
60,0.002,1183,1,0.0665138234,0,1
60,0.002,1184,1,0.6157975517,0,1
60,0.002,1185,1,0.2659716083,0,1
60,0.002,1186,1,0.5880942606,0,1
60,0.002,1187,0,0.0000000000,0,1
60,0.002,1188,1,0.9446398024,60,1
60,0.002,1189,1,0.9990757672,60,1
60,0.002,1190,1,1.0037166165,60,1
60,0.002,1191,0,0.0000000000,0,1
60,0.002,1192,1,0.9925331625,60,1
60,0.002,1193,1,0.5819999295,0,1
60,0.002,1194,1,0.8512662457,60,1
60,0.002,1195,1,0.6151146346,0,1
60,0.002,1196,1,0.9965595018,60,1
60,0.002,1197,1,0.8287240695,60,1
60,0.002,1198,1,1.0634746606,60,1
60,0.002,1199,1,0.0963245992,0,1
1,0.005,1000,1,1.1095193547,113,10
1,0.005,1001,1,0.9908089478,112,11
1,0.005,1002,1,1.0838502816,92,8
1,0.005,1003,1,0.9625716325,74,11
1,0.005,1004,1,1.0318602972,47,10
1,0.005,1005,1,1.1892095488,113,10
1,0.005,1006,1,0.2807710295,4,11
1,0.005,1007,1,1.0776794485,94,10
1,0.005,1008,1,1.1228653025,93,7
1,0.005,1009,1,1.1680401724,114,8
1,0.005,1010,1,1.1827126831,114,8
1,0.005,1011,1,1.0051844544,97,7
1,0.005,1012,1,1.0380810942,92,10
1,0.005,1013,1,1.1112486702,113,10
1,0.005,1014,1,1.0600378666,114,8
1,0.005,1015,1,1.1892478359,113,10
1,0.005,1016,1,0.3151651370,3,9
1,0.005,1017,1,1.1220728075,90,10
1,0.005,1018,1,1.1982218082,112,11
1,0.005,1019,1,0.9006102043,47,10
1,0.005,1020,1,1.2118986271,114,8
1,0.005,1021,1,1.0451183115,100,10
1,0.005,1022,1,1.2587516149,115,7
1,0.005,1023,1,1.1609564882,114,8
1,0.005,1024,1,1.0548670903,113,10
1,0.005,1025,1,1.1025172624,114,8
1,0.005,1026,1,1.2228704015,113,10
1,0.005,1027,1,0.7947798897,41,10
1,0.005,1028,1,1.1311391600,111,13
1,0.005,1029,1,1.1361566266,99,8
1,0.005,1030,1,0.7386772484,26,7
1,0.005,1031,1,0.1227942807,4,13
1,0.005,1032,1,1.1851790771,113,10
1,0.005,1033,1,0.9838638560,115,7
1,0.005,1034,1,1.0642710095,102,7
1,0.005,1035,1,1.1752818150,115,7
1,0.005,1036,1,1.1992428677,113,10
1,0.005,1037,1,0.0897076045,3,9
1,0.005,1038,1,1.0043271958,71,14
1,0.005,1039,1,0.3167325148,4,13
1,0.005,1040,1,1.1769671581,115,7
1,0.005,1041,1,1.0927578041,110,14
1,0.005,1042,1,1.1550384813,115,7
1,0.005,1043,1,1.0171891768,113,10
1,0.005,1044,1,0.9007988757,69,11
1,0.005,1045,1,1.0982534820,113,10
1,0.005,1046,1,1.1265793494,94,8
1,0.005,1047,1,0.3144852474,19,11
1,0.005,1048,1,1.1303829948,115,7
1,0.005,1049,1,1.0589231907,92,10
1,0.005,1050,1,1.1891926702,113,10
1,0.005,1051,1,1.1392254213,115,7
1,0.005,1052,1,1.0910702876,115,7
1,0.005,1053,1,1.0777273350,115,7
1,0.005,1054,1,0.3952510097,3,9
1,0.005,1055,1,0.7932306921,34,10
1,0.005,1056,1,1.2597110158,115,7
1,0.005,1057,1,1.0816662212,112,11
1,0.005,1058,1,0.9830625374,71,13
1,0.005,1059,1,1.1259238057,90,10
1,0.005,1060,1,1.0819167757,97,7
1,0.005,1061,1,0.5287914820,4,12
1,0.005,1062,1,1.1744958543,114,8
1,0.005,1063,1,0.3389051037,3,9
1,0.005,1064,1,1.0999765927,114,8
1,0.005,1065,1,0.2805463997,3,9
1,0.005,1066,1,0.9342762481,32,8
1,0.005,1067,1,1.2764718712,112,11
1,0.005,1068,1,0.1979057375,3,9
1,0.005,1069,1,0.1124622450,4,12
1,0.005,1070,1,1.0621746684,115,7
1,0.005,1071,1,1.3010143165,114,8
1,0.005,1072,1,1.0733470430,113,10
1,0.005,1073,1,1.0243858700,92,8
1,0.005,1074,1,1.0543227513,111,13
1,0.005,1075,1,1.2063134413,112,11
1,0.005,1076,1,1.0319651547,96,8
1,0.005,1077,1,1.0309209108,115,7
1,0.005,1078,1,1.2297788404,112,11
1,0.005,1079,1,1.1593996915,113,10
1,0.005,1080,1,1.1707961616,114,8
1,0.005,1081,1,1.0768705631,95,10
1,0.005,1082,1,1.0979043144,83,13
1,0.005,1083,1,1.2193347543,114,8
1,0.005,1084,1,1.1220985201,111,13
1,0.005,1085,1,0.5710818468,22,10
1,0.005,1086,1,1.1411694302,113,10
1,0.005,1087,1,1.2658616057,110,14
1,0.005,1088,1,1.0949382986,111,13
1,0.005,1089,1,1.1111300064,98,10
1,0.005,1090,1,0.0561709665,4,12
1,0.005,1091,1,1.2104056661,114,8
1,0.005,1092,1,1.0679114075,93,8
1,0.005,1093,1,1.2029306732,115,7
1,0.005,1094,1,1.1188905365,103,14
1,0.005,1095,1,0.8866159600,40,8
1,0.005,1096,1,1.1796319455,114,8
1,0.005,1097,1,0.2515738624,3,9
1,0.005,1098,1,0.1357051477,3,9
1,0.005,1099,1,1.0546505805,93,7
1,0.005,1100,1,1.0791247796,114,8
1,0.005,1101,1,1.2262145714,100,10
1,0.005,1102,1,0.6234039363,39,10
1,0.005,1103,1,1.1235990298,113,10
1,0.005,1104,1,1.2330274068,115,7
1,0.005,1105,1,0.4237696154,17,10
1,0.005,1106,1,1.1165117003,115,7
1,0.005,1107,1,0.9000038412,42,10
1,0.005,1108,1,0.9550036388,63,10
1,0.005,1109,1,0.0720982975,6,18
1,0.005,1110,1,1.0911864325,97,10
1,0.005,1111,1,0.7108652600,36,10
1,0.005,1112,1,1.1605705333,114,8
1,0.005,1113,1,1.2102192285,113,10
1,0.005,1114,1,1.1119511473,114,8
1,0.005,1115,1,1.0266107598,98,8
1,0.005,1116,1,1.1130113223,114,8
1,0.005,1117,1,1.0373299673,115,7
1,0.005,1118,1,0.7562094364,42,10
1,0.005,1119,1,1.2446404539,114,8
1,0.005,1120,1,1.0337777692,113,10
1,0.005,1121,1,1.0248199484,94,11
1,0.005,1122,1,1.1818339814,112,11
1,0.005,1123,1,1.1967428318,115,7
1,0.005,1124,1,1.0269617773,110,14
1,0.005,1125,1,1.2166077040,115,7
1,0.005,1126,1,1.1000351540,110,14
1,0.005,1127,1,0.8038887258,37,7
1,0.005,1128,1,1.0704795049,96,8
1,0.005,1129,1,1.0638357954,111,13
1,0.005,1130,1,1.1764525437,115,7
1,0.005,1131,1,0.7318019861,51,10
1,0.005,1132,1,0.6300444720,16,10
1,0.005,1133,1,1.1286576512,110,14
1,0.005,1134,1,1.0117792186,89,10
1,0.005,1135,1,0.2194147031,17,16
1,0.005,1136,1,1.1569174868,96,13
1,0.005,1137,1,0.7830811141,3,10
1,0.005,1138,1,0.7113171004,3,10
1,0.005,1139,1,1.0415043970,113,10
1,0.005,1140,1,1.1159761904,113,10
1,0.005,1141,1,1.0106512397,64,8
1,0.005,1142,1,1.1159825120,93,8
1,0.005,1143,1,1.2017104049,113,10
1,0.005,1144,1,0.3395064371,5,14
1,0.005,1145,1,1.1238338701,113,10
1,0.005,1146,1,1.0911488796,104,13
1,0.005,1147,1,1.0561115989,114,8
1,0.005,1148,1,1.1540695657,110,14
1,0.005,1149,1,1.1094094937,93,7
1,0.005,1150,1,1.2134170150,113,10
1,0.005,1151,1,1.1993809061,102,8
1,0.005,1152,1,1.0891297147,94,11
1,0.005,1153,1,1.2481298186,115,7
1,0.005,1154,1,1.0221496873,111,13
1,0.005,1155,1,1.2118579623,112,11
1,0.005,1156,1,1.0420167093,91,10
1,0.005,1157,1,1.0577837497,91,10
1,0.005,1158,1,0.9950279218,110,14
1,0.005,1159,1,0.3038356998,3,10
1,0.005,1160,1,1.0686667610,115,7
1,0.005,1161,1,1.0549088039,113,10
1,0.005,1162,1,0.9971824016,110,14
1,0.005,1163,1,1.1358416888,92,10
1,0.005,1164,1,0.7698791107,31,10
1,0.005,1165,1,1.0393451262,115,7
1,0.005,1166,1,1.2052225073,111,13
1,0.005,1167,1,1.1397955149,112,11
1,0.005,1168,1,0.0918204565,4,12
1,0.005,1169,1,1.0528473195,114,8
1,0.005,1170,1,1.1513841165,115,7
1,0.005,1171,1,1.0959614933,115,7
1,0.005,1172,1,1.1753153804,114,8
1,0.005,1173,1,1.0750172992,115,7
1,0.005,1174,1,1.1764839578,114,8
1,0.005,1175,1,0.6946304048,36,10
1,0.005,1176,1,1.0657203728,114,8
1,0.005,1177,1,1.1348921937,111,13
1,0.005,1178,1,1.0745896464,115,7
1,0.005,1179,1,1.0254528335,110,14
1,0.005,1180,1,1.0576400794,96,10
1,0.005,1181,1,1.1361811361,114,8
1,0.005,1182,1,0.6486952109,4,11
1,0.005,1183,1,1.0498951728,95,10
1,0.005,1184,1,0.3945717616,19,10
1,0.005,1185,1,1.0271151488,90,8
1,0.005,1186,1,1.1438268254,92,8
1,0.005,1187,1,0.4724477438,28,17
1,0.005,1188,1,1.1824110718,110,14
1,0.005,1189,1,1.0889714170,97,8
1,0.005,1190,1,0.9278726895,52,10
1,0.005,1191,1,1.1035517405,114,8
1,0.005,1192,1,1.0627080924,114,8
1,0.005,1193,1,0.0979587785,5,15
1,0.005,1194,1,0.1864780488,4,12
1,0.005,1195,1,1.1552168530,116,5
1,0.005,1196,1,1.2020832593,113,10
1,0.005,1197,1,0.7904124002,67,13
1,0.005,1198,1,1.1105712634,115,7
1,0.005,1199,1,0.7539551963,61,13
2,0.005,1000,1,1.1118261428,114,4
2,0.005,1001,1,0.9913626643,112,5
2,0.005,1002,1,1.1264277288,116,2
2,0.005,1003,1,1.0288968959,86,5
2,0.005,1004,1,1.2259196323,114,4
2,0.005,1005,1,1.1916224826,114,4
2,0.005,1006,1,1.0688447646,114,4
2,0.005,1007,1,1.1139323567,114,4
2,0.005,1008,1,1.1306194149,94,4
2,0.005,1009,1,1.1085498112,78,5
2,0.005,1010,1,1.1808034430,112,5
2,0.005,1011,1,0.9964777259,94,4
2,0.005,1012,1,1.1030148747,114,4
2,0.005,1013,1,1.1131855038,114,4
2,0.005,1014,1,1.0462465027,92,5
2,0.005,1015,1,1.1909345391,114,4
2,0.005,1016,1,1.0566123179,94,4
2,0.005,1017,1,1.1713525212,114,4
2,0.005,1018,1,1.1985880672,112,5
2,0.005,1019,1,1.0376810795,68,4
2,0.005,1020,1,1.2101571887,112,5
2,0.005,1021,1,1.0643364163,114,4
2,0.005,1022,1,1.2581323634,114,4
2,0.005,1023,1,1.1573302261,112,5
2,0.005,1024,1,1.0579033319,114,4
2,0.005,1025,1,1.1010888590,112,5
2,0.005,1026,1,1.2249924050,114,4
2,0.005,1027,1,1.0182422495,64,4
2,0.005,1028,1,1.1007618791,98,7
2,0.005,1029,1,1.1477496607,116,2
2,0.005,1030,1,1.0237645448,94,4
2,0.005,1031,1,1.1122029531,112,5
2,0.005,1032,1,1.1872950119,114,4
2,0.005,1033,1,0.9836955772,114,4
2,0.005,1034,1,0.6947334863,34,4
2,0.005,1035,1,1.1740080741,114,4
2,0.005,1036,1,1.2009037873,114,4
2,0.005,1037,1,0.6502856126,32,4
2,0.005,1038,1,1.1378452275,112,5
2,0.005,1039,1,0.9969751959,94,5
2,0.005,1040,1,1.1759000178,114,4
2,0.005,1041,1,1.1003018587,112,5
2,0.005,1042,1,1.1542483867,114,4
2,0.005,1043,1,0.0484947966,6,7
2,0.005,1044,1,1.0094723573,96,5
2,0.005,1045,1,1.1003715329,114,4
2,0.005,1046,1,1.1159805218,90,5
2,0.005,1047,1,1.1214543524,94,5
2,0.005,1048,1,1.1300217402,114,4
2,0.005,1049,1,1.0940261881,114,4
2,0.005,1050,1,1.1905156579,114,4
2,0.005,1051,1,1.1383392492,114,4
2,0.005,1052,1,1.0774066257,98,4
2,0.005,1053,1,1.0757732808,114,4
2,0.005,1054,1,1.1698631575,96,4
2,0.005,1055,1,1.1687157901,98,4
2,0.005,1056,1,1.2411918660,98,4
2,0.005,1057,1,1.0818802229,112,5
2,0.005,1058,1,1.1092805864,114,4
2,0.005,1059,1,1.2063805704,114,4
2,0.005,1060,1,1.0752547105,94,4
2,0.005,1061,1,1.1292365942,114,4
2,0.005,1062,1,1.1348463131,98,5
2,0.005,1063,1,0.4368171505,22,4
2,0.005,1064,1,1.0981482744,112,5
2,0.005,1065,1,0.5601705471,34,4
2,0.005,1066,1,0.8627432079,22,5
2,0.005,1067,1,1.2779307268,112,5
2,0.005,1068,1,0.9777654486,82,5
2,0.005,1069,1,1.0234088275,88,5
2,0.005,1070,1,1.0615792199,114,4
2,0.005,1071,1,1.2988484264,112,5
2,0.005,1072,1,1.0752087349,114,4
2,0.005,1073,1,1.0009359032,84,5
2,0.005,1074,1,1.0508530207,110,7
2,0.005,1075,1,1.2076767833,112,5
2,0.005,1076,1,0.8064135773,38,5
2,0.005,1077,1,1.0297720605,114,4
2,0.005,1078,1,1.2311064646,112,5
2,0.005,1079,1,1.1619230739,114,4
2,0.005,1080,1,0.0464575445,6,9
2,0.005,1081,1,1.1243700867,114,4
2,0.005,1082,1,1.1035372121,84,7
2,0.005,1083,1,1.2198937709,116,2
2,0.005,1084,1,1.1192657930,110,7
2,0.005,1085,1,1.1071711166,98,4
2,0.005,1086,1,1.1431835335,114,4
2,0.005,1087,1,1.2729593543,112,5
2,0.005,1088,1,1.0922730956,110,7
2,0.005,1089,1,1.1444806295,114,4
2,0.005,1090,1,1.0143829586,86,5
2,0.005,1091,1,0.1591603775,4,7
2,0.005,1092,1,1.0384447544,84,5
2,0.005,1093,1,1.1352622995,94,4
2,0.005,1094,1,1.1417300943,112,5
2,0.005,1095,1,0.7778585785,26,5
2,0.005,1096,1,1.1631605734,94,5
2,0.005,1097,1,0.6651007194,32,4
2,0.005,1098,1,1.0395537287,84,5
2,0.005,1099,1,1.0596768785,94,4
2,0.005,1100,1,1.0049604907,92,5
2,0.005,1101,1,1.2547755399,114,4
2,0.005,1102,1,1.0085345201,114,4
2,0.005,1103,1,1.1248140056,114,4
2,0.005,1104,1,1.2320387091,114,4
2,0.005,1105,1,0.9755679302,96,4
2,0.005,1106,1,1.1156705526,114,4
2,0.005,1107,1,1.1429784635,114,4
2,0.005,1108,1,0.7386647602,42,7
2,0.005,1109,1,1.2241767266,112,5
2,0.005,1110,1,1.1364744146,114,4
2,0.005,1111,1,1.1745790883,114,4
2,0.005,1112,1,1.0962952087,94,5
2,0.005,1113,1,1.2128237313,114,4
2,0.005,1114,1,1.0469764952,94,5
2,0.005,1115,1,0.7602325850,40,5
2,0.005,1116,1,1.1109693885,112,5
2,0.005,1117,1,0.9970913252,94,4
2,0.005,1118,1,1.2351567436,114,4
2,0.005,1119,1,1.2420706722,112,5
2,0.005,1120,1,1.0352416647,114,4
2,0.005,1121,1,1.0497114051,100,5
2,0.005,1122,1,1.1832510181,112,5
2,0.005,1123,1,1.1954448238,114,4
2,0.005,1124,1,1.0349865256,112,5
2,0.005,1125,1,1.1738113943,96,4
2,0.005,1126,1,1.1071804788,112,5
2,0.005,1127,1,0.7716498494,32,4
2,0.005,1128,1,1.0641622547,96,5
2,0.005,1129,1,1.0602870698,110,7
2,0.005,1130,1,1.1750974498,114,4
2,0.005,1131,1,0.8952682011,70,4
2,0.005,1132,1,1.1818018475,98,4
2,0.005,1133,1,1.1370321257,112,5
2,0.005,1134,1,1.0578227625,114,4
2,0.005,1135,1,1.0731614558,114,4
2,0.005,1136,1,0.7513310928,38,7
2,0.005,1137,1,0.5178837895,30,5
2,0.005,1138,1,1.0754342214,78,5
2,0.005,1139,1,1.0422979121,114,4
2,0.005,1140,1,1.1180681269,114,4
2,0.005,1141,1,0.9803755480,56,5
2,0.005,1142,1,0.9121674433,52,5
2,0.005,1143,1,1.2047102364,114,4
2,0.005,1144,1,1.1439383689,114,4
2,0.005,1145,1,1.1260240325,114,4
2,0.005,1146,1,1.0827590489,102,7
2,0.005,1147,1,1.0002574083,94,5
2,0.005,1148,1,1.1630097330,112,5
2,0.005,1149,1,1.1164971933,94,4
2,0.005,1150,1,1.2151882600,114,4
2,0.005,1151,1,1.1573006759,90,5
2,0.005,1152,1,1.1565864900,112,5
2,0.005,1153,1,1.2478263864,114,4
2,0.005,1154,1,1.0193134346,110,7
2,0.005,1155,1,1.2126898462,112,5
2,0.005,1156,1,1.0572070665,96,4
2,0.005,1157,1,1.1344411461,114,4
2,0.005,1158,1,1.0026650516,112,5
2,0.005,1159,1,1.1167452690,88,5
2,0.005,1160,1,1.0681696191,114,4
2,0.005,1161,1,1.0566068059,114,4
2,0.005,1162,1,1.0036494395,112,5
2,0.005,1163,1,1.1575733566,96,4
2,0.005,1164,1,1.2375628889,98,4
2,0.005,1165,1,1.0179775947,98,4
2,0.005,1166,1,1.1851110507,104,7
2,0.005,1167,1,1.1401030354,112,5
2,0.005,1168,1,0.9370893635,74,5
2,0.005,1169,1,0.8304298166,56,8
2,0.005,1170,1,1.1506894751,114,4
2,0.005,1171,1,1.0946677149,114,4
2,0.005,1172,1,0.1045874558,4,6
2,0.005,1173,1,1.0742958657,114,4
2,0.005,1174,1,1.1036656969,94,5
2,0.005,1175,1,1.1781429380,114,4
2,0.005,1176,1,1.0189156304,98,5
2,0.005,1177,1,1.1325486086,110,7
2,0.005,1178,1,0.7700494714,58,7
2,0.005,1179,1,1.0191811446,108,8
2,0.005,1180,1,1.1240880789,114,4
2,0.005,1181,1,1.1341874344,112,5
2,0.005,1182,1,1.0519252051,114,4
2,0.005,1183,1,1.0782932855,114,4
2,0.005,1184,1,0.0624826603,4,6
2,0.005,1185,1,1.0057710857,84,5
2,0.005,1186,1,1.0988242384,84,5
2,0.005,1187,1,0.0732993915,6,9
2,0.005,1188,1,1.1915350608,112,5
2,0.005,1189,1,1.0778374588,92,5
2,0.005,1190,1,1.0312875577,70,4
2,0.005,1191,1,0.7779344344,54,8
2,0.005,1192,1,1.0622160049,112,5
2,0.005,1193,1,1.0788846701,78,5
2,0.005,1194,1,1.0849919919,114,4
2,0.005,1195,1,1.1557243478,116,2
2,0.005,1196,1,1.2039158627,114,4
2,0.005,1197,1,0.9074655357,86,7
2,0.005,1198,1,1.1032883329,98,4
2,0.005,1199,1,0.9926838937,114,4
3,0.005,1000,1,1.1151258527,117,1
3,0.005,1001,1,0.9957578027,114,2
3,0.005,1002,1,1.1253803115,114,2
3,0.005,1003,1,0.8303833115,54,5
3,0.005,1004,1,0.9544335744,36,4
3,0.005,1005,1,1.1964316976,117,1
3,0.005,1006,1,1.0152002497,96,4
3,0.005,1007,1,1.1067673906,111,4
3,0.005,1008,1,1.1982799168,117,1
3,0.005,1009,1,1.1704502908,114,2
3,0.005,1010,1,1.1851789868,114,2
3,0.005,1011,1,0.8225551149,57,4
3,0.005,1012,1,1.0811074081,105,4
3,0.005,1013,1,1.1164054698,117,1
3,0.005,1014,1,1.0622167193,114,2
3,0.005,1015,1,1.1937769443,117,1
3,0.005,1016,1,0.1742649923,3,3
3,0.005,1017,1,1.1050071577,84,4
3,0.005,1018,1,1.2016465851,114,2
3,0.005,1019,1,0.7990376032,36,4
3,0.005,1020,1,1.2143968605,114,2
3,0.005,1021,1,1.0577992371,111,4
3,0.005,1022,1,1.2609532828,117,1
3,0.005,1023,1,1.1611274595,114,2
3,0.005,1024,1,0.9763570471,90,4
3,0.005,1025,1,1.1029436720,114,2
3,0.005,1026,1,1.1759583139,96,4
3,0.005,1027,1,0.6024546763,27,4
3,0.005,1028,1,1.1319280163,111,4
3,0.005,1029,1,1.1472742348,114,2
3,0.005,1030,1,0.0763489456,3,3
3,0.005,1031,1,0.9972562153,84,5
3,0.005,1032,1,1.1906112835,117,1
3,0.005,1033,1,0.9827393485,111,4
3,0.005,1034,1,0.2180498589,3,3
3,0.005,1035,1,1.1788179059,117,1
3,0.005,1036,1,1.1940738154,111,4
3,0.005,1037,1,0.1033851050,3,3
3,0.005,1038,1,1.1433209506,114,2
3,0.005,1039,1,1.0714864642,114,2
3,0.005,1040,1,1.1791264776,117,1
3,0.005,1041,1,1.0886984767,108,5
3,0.005,1042,1,1.1577875494,117,1
3,0.005,1043,1,0.9522195878,90,4
3,0.005,1044,1,0.7722629989,48,5
3,0.005,1045,1,1.0926071068,111,4
3,0.005,1046,1,1.1943503368,114,2
3,0.005,1047,1,1.1905515551,114,2
3,0.005,1048,1,1.1316500999,117,1
3,0.005,1049,1,1.0485215029,87,4
3,0.005,1050,1,1.1854315605,111,4
3,0.005,1051,1,1.1415611163,117,1
3,0.005,1052,1,1.0945094219,117,1
3,0.005,1053,1,1.0172182481,96,4
3,0.005,1054,1,0.1918042037,3,3
3,0.005,1055,1,1.1249065065,84,4
3,0.005,1056,1,1.2633075149,117,1
3,0.005,1057,1,1.0852839533,114,2
3,0.005,1058,1,1.0442409770,90,4
3,0.005,1059,1,1.0983046877,84,4
3,0.005,1060,1,1.1113854785,117,1
3,0.005,1061,1,0.9914997533,84,4
3,0.005,1062,1,1.1764394391,114,2
3,0.005,1063,1,0.2630967245,3,3
3,0.005,1064,1,1.1023009731,114,2
3,0.005,1065,1,0.2098598795,3,3
3,0.005,1066,1,1.0828058864,114,2
3,0.005,1067,1,1.2836996783,114,2
3,0.005,1068,1,1.0948105340,114,2
3,0.005,1069,1,1.1142528460,114,2
3,0.005,1070,1,1.0646842211,117,1
3,0.005,1071,1,1.3038228730,114,2
3,0.005,1072,1,1.0780668886,117,1
3,0.005,1073,1,1.0754321996,114,2
3,0.005,1074,1,1.0543657214,111,4
3,0.005,1075,1,1.2145933914,114,2
3,0.005,1076,1,1.0591246781,114,2
3,0.005,1077,1,1.0019469351,96,4
3,0.005,1078,1,1.2386591212,114,2
3,0.005,1079,1,1.1655100222,117,1
3,0.005,1080,1,1.0350791147,78,5
3,0.005,1081,1,1.0557793041,90,4
3,0.005,1082,1,1.2315020349,111,4
3,0.005,1083,1,1.2196921364,114,2
3,0.005,1084,1,1.1233225536,111,4
3,0.005,1085,1,0.5504519499,21,4
3,0.005,1086,1,1.0911512003,93,4
3,0.005,1087,1,1.2786306975,114,2
3,0.005,1088,1,1.0962115323,111,4
3,0.005,1089,1,1.1063752829,96,4
3,0.005,1090,1,1.1095653656,114,2
3,0.005,1091,1,1.2121218043,114,2
3,0.005,1092,1,1.1208593605,114,2
3,0.005,1093,1,1.0729781646,81,4
3,0.005,1094,1,1.1474432766,114,2
3,0.005,1095,1,1.1092957848,114,2
3,0.005,1096,1,1.1821706377,114,2
3,0.005,1097,1,0.1931219006,3,3
3,0.005,1098,1,1.1653178943,114,2
3,0.005,1099,1,1.1108657369,117,1
3,0.005,1100,1,0.9325718731,78,5
3,0.005,1101,1,1.2237206507,99,4
3,0.005,1102,1,0.9205745029,87,4
3,0.005,1103,1,1.1202244234,111,4
3,0.005,1104,1,1.2343867767,117,1
3,0.005,1105,1,0.1197207467,6,4
3,0.005,1106,1,1.1182612844,117,1
3,0.005,1107,1,1.0835539900,84,4
3,0.005,1108,1,1.1647555489,105,4
3,0.005,1109,1,1.2313566282,114,2
3,0.005,1110,1,1.0881157303,96,4
3,0.005,1111,1,1.1671008958,111,4
3,0.005,1112,1,1.0306440929,81,5
3,0.005,1113,1,1.2166736090,117,1
3,0.005,1114,1,1.1130239394,114,2
3,0.005,1115,1,1.0583324148,114,2
3,0.005,1116,1,1.1155599289,114,2
3,0.005,1117,1,0.9531769845,81,4
3,0.005,1118,1,1.1079164976,84,4
3,0.005,1119,1,1.2448079314,114,2
3,0.005,1120,1,1.0290225611,111,4
3,0.005,1121,1,0.9826349052,84,5
3,0.005,1122,1,1.1906710420,114,2
3,0.005,1123,1,1.2002940732,117,1
3,0.005,1124,1,1.0224586706,108,5
3,0.005,1125,1,1.1274754738,84,4
3,0.005,1126,1,1.1132944218,114,2
3,0.005,1127,1,1.0763131778,117,1
3,0.005,1128,1,1.1215019319,114,2
3,0.005,1129,1,1.0645599438,111,4
3,0.005,1130,1,1.1800406470,117,1
3,0.005,1131,1,0.6734545379,45,4
3,0.005,1132,1,1.0102082028,48,4
3,0.005,1133,1,1.1438873127,114,2
3,0.005,1134,1,1.0185023152,96,4
3,0.005,1135,1,0.9797649538,90,4
3,0.005,1136,1,1.2050953969,111,4
3,0.005,1137,1,1.1167594352,114,2
3,0.005,1138,1,1.1933722409,114,2
3,0.005,1139,1,1.0389404808,111,4
3,0.005,1140,1,1.1107481010,111,4
3,0.005,1141,1,1.1033847803,114,2
3,0.005,1142,1,1.1655390968,114,2
3,0.005,1143,1,1.1206023718,93,4
3,0.005,1144,1,1.0591608341,93,4
3,0.005,1145,1,1.1292122891,117,1
3,0.005,1146,1,1.1184258152,111,4
3,0.005,1147,1,1.0584294691,114,2
3,0.005,1148,1,1.1702855522,114,2
3,0.005,1149,1,1.1681093145,117,1
3,0.005,1150,1,1.2076421703,111,4
3,0.005,1151,1,1.2201223426,114,2
3,0.005,1152,1,1.1634048964,114,2
3,0.005,1153,1,1.2485345471,117,1
3,0.005,1154,1,1.0224705559,111,4
3,0.005,1155,1,1.2178432887,114,2
3,0.005,1156,1,1.0226989230,84,4
3,0.005,1157,1,1.0274217969,84,4
3,0.005,1158,1,0.9911288938,108,5
3,0.005,1159,1,1.1954721139,114,2
3,0.005,1160,1,1.0705169804,117,1
3,0.005,1161,1,1.0511620181,111,4
3,0.005,1162,1,0.9939824284,108,5
3,0.005,1163,1,1.0960382174,84,4
3,0.005,1164,1,0.6660656705,24,4
3,0.005,1165,1,1.0425441258,117,1
3,0.005,1166,1,1.2051096608,111,4
3,0.005,1167,1,1.1431934389,114,2
3,0.005,1168,1,0.7239845751,48,5
3,0.005,1169,1,1.0541527018,114,2
3,0.005,1170,1,1.1540375978,117,1
3,0.005,1171,1,1.0993647722,117,1
3,0.005,1172,1,1.1768649601,114,2
3,0.005,1173,1,1.0760936967,117,1
3,0.005,1174,1,1.0267640220,81,5
3,0.005,1175,1,0.7957514194,45,4
3,0.005,1176,1,1.0666088633,114,2
3,0.005,1177,1,1.1355867766,111,4
3,0.005,1178,1,0.9537983718,84,4
3,0.005,1179,1,1.0208725250,108,5
3,0.005,1180,1,1.0436303745,93,4
3,0.005,1181,1,1.1373313681,114,2
3,0.005,1182,1,1.0034126586,93,4
3,0.005,1183,1,1.0346916289,87,4
3,0.005,1184,1,1.0312960282,99,4
3,0.005,1185,1,1.0904915444,114,2
3,0.005,1186,1,1.2366978863,114,2
3,0.005,1187,1,0.9713566004,81,5
3,0.005,1188,1,1.1986905660,114,2
3,0.005,1189,1,1.1160487123,114,2
3,0.005,1190,1,0.8747972925,45,4
3,0.005,1191,1,0.9708930877,81,5
3,0.005,1192,1,1.0629685088,114,2
3,0.005,1193,1,1.1878274377,114,2
3,0.005,1194,1,0.9763586402,84,4
3,0.005,1195,1,1.1544366888,114,2
3,0.005,1196,1,1.1973143999,111,4
3,0.005,1197,1,1.0174579647,111,4
3,0.005,1198,1,1.1131038071,117,1
3,0.005,1199,1,0.9088957497,90,4
4,0.005,1000,1,1.1150933704,116,1
4,0.005,1001,1,0.9926091344,112,2
4,0.005,1002,1,1.1066469701,100,2
4,0.005,1003,1,1.1184987207,112,2
4,0.005,1004,1,1.2304198076,116,1
4,0.005,1005,1,1.1960024930,116,1
4,0.005,1006,1,1.0733706465,116,1
4,0.005,1007,1,1.1180617462,116,1
4,0.005,1008,1,1.1982418222,116,1
4,0.005,1009,1,1.1683522531,112,2
4,0.005,1010,1,1.1840007677,112,2
4,0.005,1011,1,1.0489862190,116,1
4,0.005,1012,1,1.1080303826,116,1
4,0.005,1013,1,1.1163739809,116,1
4,0.005,1014,1,1.0563951588,100,2
4,0.005,1015,1,1.1937417866,116,1
4,0.005,1016,1,1.1295487650,116,1
4,0.005,1017,1,1.1763169002,116,1
4,0.005,1018,1,1.1996723392,112,2
4,0.005,1019,1,1.1806063993,116,1
4,0.005,1020,1,1.2134046321,112,2
4,0.005,1021,1,1.0683643263,116,1
4,0.005,1022,1,1.2609107821,116,1
4,0.005,1023,1,1.1576194383,112,2
4,0.005,1024,1,1.0634869923,116,1
4,0.005,1025,1,1.1017958384,112,2
4,0.005,1026,1,1.2293765987,116,1
4,0.005,1027,1,1.2752427999,116,1
4,0.005,1028,1,1.1403008685,116,1
4,0.005,1029,1,1.1394786115,100,2
4,0.005,1030,1,1.0509758583,116,1
4,0.005,1031,1,1.1138166923,112,2
4,0.005,1032,1,1.1905750794,116,1
4,0.005,1033,1,0.9840582663,116,1
4,0.005,1034,1,1.0985427440,116,1
4,0.005,1035,1,1.1784102939,116,1
4,0.005,1036,1,1.2043563959,116,1
4,0.005,1037,1,1.2823494738,116,1
4,0.005,1038,1,1.1407726439,112,2
4,0.005,1039,1,1.0675904844,112,2
4,0.005,1040,1,1.1786794591,116,1
4,0.005,1041,1,1.1032253256,112,2
4,0.005,1042,1,1.1577548619,116,1
4,0.005,1043,1,1.0243897896,116,1
4,0.005,1044,1,1.0660158159,112,2
4,0.005,1045,1,1.1047527017,116,1
4,0.005,1046,1,1.1932579845,112,2
4,0.005,1047,1,1.1863237423,112,2
4,0.005,1048,1,1.1316370173,116,1
4,0.005,1049,1,1.0988189451,116,1
4,0.005,1050,1,1.1931056760,116,1
4,0.005,1051,1,1.1412116378,116,1
4,0.005,1052,1,1.0941227195,116,1
4,0.005,1053,1,1.0799442070,116,1
4,0.005,1054,1,1.2435941953,116,1
4,0.005,1055,1,1.2061632216,116,1
4,0.005,1056,1,1.2629181757,116,1
4,0.005,1057,1,1.0826486745,112,2
4,0.005,1058,1,1.1142703077,116,1
4,0.005,1059,1,1.2115744936,116,1
4,0.005,1060,1,1.1109846311,116,1
4,0.005,1061,1,1.1346951207,116,1
4,0.005,1062,1,1.1731746821,112,2
4,0.005,1063,1,1.2567274714,116,1
4,0.005,1064,1,1.1011173966,112,2
4,0.005,1065,1,1.0220622149,116,1
4,0.005,1066,1,1.0818248398,112,2
4,0.005,1067,1,1.2811218642,112,2
4,0.005,1068,1,1.0446519078,96,2
4,0.005,1069,1,1.1106947710,112,2
4,0.005,1070,1,1.0646565435,116,1
4,0.005,1071,1,1.3024591553,112,2
4,0.005,1072,1,1.0780372881,116,1
4,0.005,1073,1,1.0302412309,92,2
4,0.005,1074,1,1.0687800728,116,1
4,0.005,1075,1,1.2107111269,112,2
4,0.005,1076,1,1.0425024278,100,2
4,0.005,1077,1,1.0325668687,116,1
4,0.005,1078,1,1.2342219312,112,2
4,0.005,1079,1,1.1654758452,116,1
4,0.005,1080,1,1.1696422747,112,2
4,0.005,1081,1,1.1291389902,116,1
4,0.005,1082,1,1.2477220528,116,1
4,0.005,1083,1,1.2192700023,112,2
4,0.005,1084,1,1.1366313784,116,1
4,0.005,1085,1,1.1412808662,116,1
4,0.005,1086,1,1.1470304503,116,1
4,0.005,1087,1,1.2761287800,112,2
4,0.005,1088,1,1.1089148066,116,1
4,0.005,1089,1,1.1478081687,116,1
4,0.005,1090,1,1.0759008011,100,2
4,0.005,1091,1,1.2089309722,112,2
4,0.005,1092,1,1.0715230069,92,2
4,0.005,1093,1,1.2042685298,116,1
4,0.005,1094,1,1.1445719550,112,2
4,0.005,1095,1,1.0825166993,92,2
4,0.005,1096,1,1.1809788681,112,2
4,0.005,1097,1,1.0483361690,116,1
4,0.005,1098,1,1.0910228219,92,2
4,0.005,1099,1,1.1108353285,116,1
4,0.005,1100,1,1.0772213127,112,2
4,0.005,1101,1,1.2582830084,116,1
4,0.005,1102,1,1.0139190130,116,1
4,0.005,1103,1,1.1272586945,116,1
4,0.005,1104,1,1.2339252326,116,1
4,0.005,1105,1,1.0327710871,116,1
4,0.005,1106,1,1.1179109022,116,1
4,0.005,1107,1,1.1478720816,116,1
4,0.005,1108,1,1.1941090986,116,1
4,0.005,1109,1,1.2272106337,112,2
4,0.005,1110,1,1.1405620768,116,1
4,0.005,1111,1,1.1781135193,116,1
4,0.005,1112,1,1.1588028244,112,2
4,0.005,1113,1,1.2166604093,116,1
4,0.005,1114,1,1.1096414101,112,2
4,0.005,1115,1,1.0557012844,112,2
4,0.005,1116,1,1.1143144908,112,2
4,0.005,1117,1,1.0381159967,116,1
4,0.005,1118,1,1.2406965782,116,1
4,0.005,1119,1,1.2424134129,112,2
4,0.005,1120,1,1.0382929889,116,1
4,0.005,1121,1,1.0889968395,112,2
4,0.005,1122,1,1.1863876269,112,2
4,0.005,1123,1,1.1999204243,116,1
4,0.005,1124,1,1.0377764883,112,2
4,0.005,1125,1,1.2189503770,116,1
4,0.005,1126,1,1.1098899132,112,2
4,0.005,1127,1,1.0758882704,116,1
4,0.005,1128,1,1.1179358812,112,2
4,0.005,1129,1,1.0794401916,116,1
4,0.005,1130,1,1.1796211248,116,1
4,0.005,1131,1,1.1234139425,116,1
4,0.005,1132,1,1.2132263329,116,1
4,0.005,1133,1,1.1402602013,112,2
4,0.005,1134,1,1.0621800712,116,1
4,0.005,1135,1,1.0788221791,116,1
4,0.005,1136,1,1.2211644545,116,1
4,0.005,1137,1,1.0764080071,100,2
4,0.005,1138,1,1.1419383171,92,2
4,0.005,1139,1,1.0440705316,116,1
4,0.005,1140,1,1.1223896639,116,1
4,0.005,1141,1,1.1023326298,112,2
4,0.005,1142,1,1.1624180638,112,2
4,0.005,1143,1,1.2109357339,116,1
4,0.005,1144,1,1.1498697624,116,1
4,0.005,1145,1,1.1291806231,116,1
4,0.005,1146,1,1.1340640878,116,1
4,0.005,1147,1,1.0563572896,112,2
4,0.005,1148,1,1.1663850252,112,2
4,0.005,1149,1,1.1680735837,116,1
4,0.005,1150,1,1.2188014763,116,1
4,0.005,1151,1,1.2179409591,112,2
4,0.005,1152,1,1.1593298558,112,2
4,0.005,1153,1,1.2484945819,116,1
4,0.005,1154,1,1.0345503970,116,1
4,0.005,1155,1,1.2146654174,112,2
4,0.005,1156,1,1.0976153838,116,1
4,0.005,1157,1,1.1401569538,116,1
4,0.005,1158,1,1.0054663586,112,2
4,0.005,1159,1,1.1929250329,112,2
4,0.005,1160,1,1.0704890041,116,1
4,0.005,1161,1,1.0600265893,116,1
4,0.005,1162,1,1.0061819415,112,2
4,0.005,1163,1,1.2214356370,116,1
4,0.005,1164,1,1.2849523591,116,1
4,0.005,1165,1,1.0421571840,116,1
4,0.005,1166,1,1.2202816448,116,1
4,0.005,1167,1,1.1410579489,112,2
4,0.005,1168,1,1.1074728632,112,2
4,0.005,1169,1,1.0520600036,112,2
4,0.005,1170,1,1.1540049733,116,1
4,0.005,1171,1,1.0989753441,116,1
4,0.005,1172,1,1.1730001856,112,2
4,0.005,1173,1,1.0757439449,116,1
4,0.005,1174,1,1.1745711017,112,2
4,0.005,1175,1,1.1833188188,116,1
4,0.005,1176,1,1.0632404209,112,2
4,0.005,1177,1,1.1459424756,116,1
4,0.005,1178,1,1.0779618728,116,1
4,0.005,1179,1,1.0367904865,112,2
4,0.005,1180,1,1.1296742504,116,1
4,0.005,1181,1,1.1357555168,112,2
4,0.005,1182,1,1.0566511060,116,1
4,0.005,1183,1,1.0829676915,116,1
4,0.005,1184,1,1.0713879502,116,1
4,0.005,1185,1,1.0871580721,112,2
4,0.005,1186,1,1.1540676897,92,2
4,0.005,1187,1,1.1186095023,112,2
4,0.005,1188,1,1.1948996601,112,2
4,0.005,1189,1,1.1144680049,112,2
4,0.005,1190,1,1.1481170421,116,1
4,0.005,1191,1,1.1021606089,112,2
4,0.005,1192,1,1.0626600293,112,2
4,0.005,1193,1,1.1405669604,92,2
4,0.005,1194,1,1.0897123295,116,1
4,0.005,1195,1,1.1188764759,92,2
4,0.005,1196,1,1.2078559987,116,1
4,0.005,1197,1,1.0320961428,116,1
4,0.005,1198,1,1.1130726140,116,1
4,0.005,1199,1,0.9980746921,116,1
5,0.005,1000,1,1.1150324368,115,1
5,0.005,1001,1,0.9888248577,110,2
5,0.005,1002,1,1.0840984761,90,2
5,0.005,1003,1,1.1140073551,110,2
5,0.005,1004,1,1.2296415064,115,1
5,0.005,1005,1,1.1954449201,115,1
5,0.005,1006,1,1.0721454856,115,1
5,0.005,1007,1,1.1167473011,115,1
5,0.005,1008,1,1.1981668855,115,1
5,0.005,1009,1,1.1659585634,110,2
5,0.005,1010,1,1.1824971622,110,2
5,0.005,1011,1,1.0478139167,115,1
5,0.005,1012,1,1.1067982843,115,1
5,0.005,1013,1,1.1163147886,115,1
5,0.005,1014,1,1.0474271298,90,2
5,0.005,1015,1,1.1936708256,115,1
5,0.005,1016,1,1.1282373280,115,1
5,0.005,1017,1,1.1754624845,115,1
5,0.005,1018,1,1.1973075351,110,2
5,0.005,1019,1,1.1797295986,115,1
5,0.005,1020,1,1.2121591886,110,2
5,0.005,1021,1,1.0671070409,115,1
5,0.005,1022,1,1.2608266033,115,1
5,0.005,1023,1,1.1533935324,110,2
5,0.005,1024,1,1.0622317836,115,1
5,0.005,1025,1,1.1005824359,110,2
5,0.005,1026,1,1.2282376097,115,1
5,0.005,1027,1,1.2738115166,115,1
5,0.005,1028,1,1.1394920320,115,1
5,0.005,1029,1,1.1282478635,90,2
5,0.005,1030,1,1.0509210366,115,1
5,0.005,1031,1,1.1094606448,110,2
5,0.005,1032,1,1.1905021800,115,1
5,0.005,1033,1,0.9840108932,115,1
5,0.005,1034,1,1.0973012763,115,1
5,0.005,1035,1,1.1778791891,115,1
5,0.005,1036,1,1.2029513316,115,1
5,0.005,1037,1,1.2808043199,115,1
5,0.005,1038,1,1.1378021767,110,2
5,0.005,1039,1,1.0102817342,95,2
5,0.005,1040,1,1.1781012072,115,1
5,0.005,1041,1,1.0992255025,110,2
5,0.005,1042,1,1.1576938857,115,1
5,0.005,1043,1,1.0231592387,115,1
5,0.005,1044,1,1.0618380822,110,2
5,0.005,1045,1,1.1034208554,115,1
5,0.005,1046,1,1.1918581155,110,2
5,0.005,1047,1,1.1812524682,110,2
5,0.005,1048,1,1.1316164134,115,1
5,0.005,1049,1,1.0981106531,115,1
5,0.005,1050,1,1.1921950027,115,1
5,0.005,1051,1,1.1407858057,115,1
5,0.005,1052,1,1.0936504771,115,1
5,0.005,1053,1,1.0786336264,115,1
5,0.005,1054,1,1.2421800045,115,1
5,0.005,1055,1,1.2050685663,115,1
5,0.005,1056,1,1.2624202411,115,1
5,0.005,1057,1,1.0796475712,110,2
5,0.005,1058,1,1.1129301045,115,1
5,0.005,1059,1,1.2102560842,115,1
5,0.005,1060,1,1.1104677894,115,1
5,0.005,1061,1,1.1332839956,115,1
5,0.005,1062,1,1.1695828777,110,2
5,0.005,1063,1,1.2552960686,115,1
5,0.005,1064,1,1.0995873839,110,2
5,0.005,1065,1,1.0207653639,115,1
5,0.005,1066,1,1.0746668670,90,2
5,0.005,1067,1,1.2781302268,110,2
5,0.005,1068,1,1.0221987610,90,2
5,0.005,1069,1,1.1064473995,110,2
5,0.005,1070,1,1.0646039588,115,1
5,0.005,1071,1,1.3007749023,110,2
5,0.005,1072,1,1.0779788167,115,1
5,0.005,1073,1,1.0110795812,85,2
5,0.005,1074,1,1.0675085861,115,1
5,0.005,1075,1,1.2062754425,110,2
5,0.005,1076,1,1.0253796313,90,2
5,0.005,1077,1,1.0318768397,115,1
5,0.005,1078,1,1.2288502524,110,2
5,0.005,1079,1,1.1654067545,115,1
5,0.005,1080,1,1.1654705938,110,2
5,0.005,1081,1,1.1277993314,115,1
5,0.005,1082,1,1.2462655282,115,1
5,0.005,1083,1,1.2185847812,110,2
5,0.005,1084,1,1.1356311633,115,1
5,0.005,1085,1,1.1404238188,115,1
5,0.005,1086,1,1.1461263469,115,1
5,0.005,1087,1,1.2732814154,110,2
5,0.005,1088,1,1.1079416072,115,1
5,0.005,1089,1,1.1468118631,115,1
5,0.005,1090,1,1.0404482989,90,2
5,0.005,1091,1,1.2051336433,110,2
5,0.005,1092,1,1.0498348888,85,2
5,0.005,1093,1,1.2028315301,115,1
5,0.005,1094,1,1.1412693296,110,2
5,0.005,1095,1,1.0688242024,85,2
5,0.005,1096,1,1.1621328431,90,2
5,0.005,1097,1,1.0475718528,115,1
5,0.005,1098,1,1.0562275357,85,2
5,0.005,1099,1,1.1107737178,115,1
5,0.005,1100,1,1.0725095797,110,2
5,0.005,1101,1,1.2573464857,115,1
5,0.005,1102,1,1.0127094505,115,1
5,0.005,1103,1,1.1262710877,115,1
5,0.005,1104,1,1.2333250010,115,1
5,0.005,1105,1,1.0315423464,115,1
5,0.005,1106,1,1.1174668161,115,1
5,0.005,1107,1,1.1470641823,115,1
5,0.005,1108,1,1.1929854682,115,1
5,0.005,1109,1,1.2223118876,110,2
5,0.005,1110,1,1.1393043232,115,1
5,0.005,1111,1,1.1767105252,115,1
5,0.005,1112,1,1.1542251932,110,2
5,0.005,1113,1,1.2166382091,115,1
5,0.005,1114,1,1.0393827153,90,2
5,0.005,1115,1,1.0134769255,90,2
5,0.005,1116,1,1.1126875847,110,2
5,0.005,1117,1,1.0373664080,115,1
5,0.005,1118,1,1.2392411564,115,1
5,0.005,1119,1,1.2397294895,110,2
5,0.005,1120,1,1.0370619647,115,1
5,0.005,1121,1,1.0845448107,110,2
5,0.005,1122,1,1.1812047393,110,2
5,0.005,1123,1,1.1994368740,115,1
5,0.005,1124,1,1.0332634212,110,2
5,0.005,1125,1,1.2180328534,115,1
5,0.005,1126,1,1.1061024397,110,2
5,0.005,1127,1,1.0753425176,115,1
5,0.005,1128,1,1.1138104582,110,2
5,0.005,1129,1,1.0781312700,115,1
5,0.005,1130,1,1.1790869328,115,1
5,0.005,1131,1,1.1220501658,115,1
5,0.005,1132,1,1.2123203137,115,1
5,0.005,1133,1,1.1362125910,110,2
5,0.005,1134,1,1.0609201326,115,1
5,0.005,1135,1,1.0775066383,115,1
5,0.005,1136,1,1.2197325319,115,1
5,0.005,1137,1,1.0360703171,90,2
5,0.005,1138,1,1.1162635546,85,2
5,0.005,1139,1,1.0433458241,115,1
5,0.005,1140,1,1.1210366663,115,1
5,0.005,1141,1,1.1009881014,110,2
5,0.005,1142,1,1.1588030977,110,2
5,0.005,1143,1,1.2094729903,115,1
5,0.005,1144,1,1.1484774136,115,1
5,0.005,1145,1,1.1291173098,115,1
5,0.005,1146,1,1.1327023015,115,1
5,0.005,1147,1,1.0540167046,110,2
5,0.005,1148,1,1.1617561277,110,2
5,0.005,1149,1,1.1680071298,115,1
5,0.005,1150,1,1.2173648369,115,1
5,0.005,1151,1,1.2153526211,110,2
5,0.005,1152,1,1.1545516478,110,2
5,0.005,1153,1,1.2484146953,115,1
5,0.005,1154,1,1.0333509778,115,1
5,0.005,1155,1,1.2110810973,110,2
5,0.005,1156,1,1.0965545505,115,1
5,0.005,1157,1,1.1387981000,115,1
5,0.005,1158,1,1.0013942327,110,2
5,0.005,1159,1,1.1500451777,95,2
5,0.005,1160,1,1.0704331351,115,1
5,0.005,1161,1,1.0590512560,115,1
5,0.005,1162,1,1.0026415461,110,2
5,0.005,1163,1,1.2200231443,115,1
5,0.005,1164,1,1.2835451528,115,1
5,0.005,1165,1,1.0416604302,115,1
5,0.005,1166,1,1.2187802726,115,1
5,0.005,1167,1,1.1385111807,110,2
5,0.005,1168,1,1.1029156312,110,2
5,0.005,1169,1,1.0496451942,110,2
5,0.005,1170,1,1.1539392590,115,1
5,0.005,1171,1,1.0984723889,115,1
5,0.005,1172,1,1.1684742260,110,2
5,0.005,1173,1,1.0753175793,115,1
5,0.005,1174,1,1.1694910495,110,2
5,0.005,1175,1,1.1819505071,115,1
5,0.005,1176,1,1.0593120110,110,2
5,0.005,1177,1,1.1451221651,115,1
5,0.005,1178,1,1.0766983175,115,1
5,0.005,1179,1,1.0321848019,110,2
5,0.005,1180,1,1.1283540431,115,1
5,0.005,1181,1,1.1339161837,110,2
5,0.005,1182,1,1.0558138462,115,1
5,0.005,1183,1,1.0822158746,115,1
5,0.005,1184,1,1.0703159828,115,1
5,0.005,1185,1,1.0485100859,95,2
5,0.005,1186,1,1.1165573897,85,2
5,0.005,1187,1,1.1139259310,110,2
5,0.005,1188,1,1.1904702100,110,2
5,0.005,1189,1,1.1126628711,110,2
5,0.005,1190,1,1.1471248266,115,1
5,0.005,1191,1,1.0982171765,110,2
5,0.005,1192,1,1.0621621212,110,2
5,0.005,1193,1,1.1169966205,85,2
5,0.005,1194,1,1.0884686538,115,1
5,0.005,1195,1,1.0997592495,85,2
5,0.005,1196,1,1.2066707117,115,1
5,0.005,1197,1,1.0308419026,115,1
5,0.005,1198,1,1.1130108969,115,1
5,0.005,1199,1,0.9968748200,115,1
7,0.005,1000,1,1.1148163688,113,1
7,0.005,1001,1,0.9796467058,106,2
7,0.005,1002,1,1.0478559552,78,2
7,0.005,1003,1,1.1036156269,106,2
7,0.005,1004,1,1.2278861119,113,1
7,0.005,1005,1,1.1939818124,113,1
7,0.005,1006,1,1.0690242106,113,1
7,0.005,1007,1,1.1133718343,113,1
7,0.005,1008,1,1.1978748023,113,1
7,0.005,1009,1,1.1602064867,106,2
7,0.005,1010,1,1.1787769474,106,2
7,0.005,1011,1,1.0450462624,113,1
7,0.005,1012,1,1.1038807238,113,1
7,0.005,1013,1,1.1161048029,113,1
7,0.005,1014,1,1.0305287891,78,2
7,0.005,1015,1,1.1933895812,113,1
7,0.005,1016,1,1.1248668058,113,1
7,0.005,1017,1,1.1734544076,113,1
7,0.005,1018,1,1.1914125208,106,2
7,0.005,1019,1,1.1776496383,113,1
7,0.005,1020,1,1.2089902440,106,2
7,0.005,1021,1,1.0641019705,113,1
7,0.005,1022,1,1.2604998678,113,1
7,0.005,1023,1,1.1437099621,106,2
7,0.005,1024,1,1.0590241269,113,1
7,0.005,1025,1,1.0976864616,106,2
7,0.005,1026,1,1.2255818931,113,1
7,0.005,1027,1,1.2701059999,113,1
7,0.005,1028,1,1.1376826471,113,1
7,0.005,1029,1,1.1086599332,78,2
7,0.005,1030,1,1.0507032863,113,1
7,0.005,1031,1,1.0995262589,106,2
7,0.005,1032,1,1.1902161556,113,1
7,0.005,1033,1,0.9838225382,113,1
7,0.005,1034,1,1.0942231953,113,1
7,0.005,1035,1,1.1764744196,113,1
7,0.005,1036,1,1.1995338248,113,1
7,0.005,1037,1,1.2768068238,113,1
7,0.005,1038,1,1.1307088255,106,2
7,0.005,1039,1,0.9229637407,78,2
7,0.005,1040,1,1.1766056918,113,1
7,0.005,1041,1,1.0899426417,106,2
7,0.005,1042,1,1.1574902870,113,1
7,0.005,1043,1,1.0200064374,113,1
7,0.005,1044,1,1.0524722018,106,2
7,0.005,1045,1,1.0999984218,113,1
7,0.005,1046,1,1.1882410937,106,2
7,0.005,1047,1,1.1692517865,106,2
7,0.005,1048,1,1.1315305275,113,1
7,0.005,1049,1,1.0964172891,113,1
7,0.005,1050,1,1.1900248903,113,1
7,0.005,1051,1,1.1397699869,113,1
7,0.005,1052,1,1.0925223940,113,1
7,0.005,1053,1,1.0752753708,113,1
7,0.005,1054,1,1.2385239651,113,1
7,0.005,1055,1,1.2025222912,113,1
7,0.005,1056,1,1.2611643309,113,1
7,0.005,1057,1,1.0724141154,106,2
7,0.005,1058,1,1.1094875443,113,1
7,0.005,1059,1,1.2069196411,113,1
7,0.005,1060,1,1.1091250612,113,1
7,0.005,1061,1,1.1296581874,113,1
7,0.005,1062,1,1.1613172023,106,2
7,0.005,1063,1,1.2515914300,113,1
7,0.005,1064,1,1.0956425593,106,2
7,0.005,1065,1,1.0174502696,113,1
7,0.005,1066,1,1.0643686558,78,2
7,0.005,1067,1,1.2710491435,106,2
7,0.005,1068,1,0.9686563694,78,2
7,0.005,1069,1,1.0966952484,106,2
7,0.005,1070,1,1.0644136829,113,1
7,0.005,1071,1,1.2965311556,106,2
7,0.005,1072,1,1.0777481681,113,1
7,0.005,1073,1,0.9634402736,71,2
7,0.005,1074,1,1.0643051950,113,1
7,0.005,1075,1,1.1963407312,106,2
7,0.005,1076,1,0.9982385966,78,2
7,0.005,1077,1,1.0302352402,113,1
7,0.005,1078,1,1.2160478784,106,2
7,0.005,1079,1,1.1651366002,113,1
7,0.005,1080,1,1.1555007761,106,2
7,0.005,1081,1,1.1246132482,113,1
7,0.005,1082,1,1.2425035860,113,1
7,0.005,1083,1,1.2163357956,106,2
7,0.005,1084,1,1.1333372736,113,1
7,0.005,1085,1,1.1383763662,113,1
7,0.005,1086,1,1.1438899904,113,1
7,0.005,1087,1,1.2666083372,106,2
7,0.005,1088,1,1.1056425431,113,1
7,0.005,1089,1,1.1444882040,113,1
7,0.005,1090,1,0.9851131985,78,2
7,0.005,1091,1,1.1959661723,106,2
7,0.005,1092,1,0.9956347057,71,2
7,0.005,1093,1,1.1991724020,113,1
7,0.005,1094,1,1.1335363768,106,2
7,0.005,1095,1,1.0336809691,71,2
7,0.005,1096,1,1.1422109506,78,2
7,0.005,1097,1,1.0457396232,113,1
7,0.005,1098,1,0.9726393044,71,2
7,0.005,1099,1,1.1105316824,113,1
7,0.005,1100,1,1.0612311221,106,2
7,0.005,1101,1,1.2552015761,113,1
7,0.005,1102,1,1.0096277478,113,1
7,0.005,1103,1,1.1239865415,113,1
7,0.005,1104,1,1.2317645283,113,1
7,0.005,1105,1,1.0284847447,113,1
7,0.005,1106,1,1.1163494547,113,1
7,0.005,1107,1,1.1451742519,113,1
7,0.005,1108,1,1.1902674037,113,1
7,0.005,1109,1,1.2105858510,106,2
7,0.005,1110,1,1.1363479945,113,1
7,0.005,1111,1,1.1731368498,113,1
7,0.005,1112,1,1.1439520848,106,2
7,0.005,1113,1,1.2165446640,113,1
7,0.005,1114,1,0.9855397185,78,2
7,0.005,1115,1,0.9793469471,78,2
7,0.005,1116,1,1.1084286826,106,2
7,0.005,1117,1,1.0355405528,113,1
7,0.005,1118,1,1.2356426276,113,1
7,0.005,1119,1,1.2334635789,106,2
7,0.005,1120,1,1.0340537426,113,1
7,0.005,1121,1,1.0740929692,106,2
7,0.005,1122,1,1.1688152329,106,2
7,0.005,1123,1,1.1981825188,113,1
7,0.005,1124,1,1.0227534994,106,2
7,0.005,1125,1,1.2157959318,113,1
7,0.005,1126,1,1.0973868548,106,2
7,0.005,1127,1,1.0739395032,113,1
7,0.005,1128,1,1.1046841510,106,2
7,0.005,1129,1,1.0747706643,113,1
7,0.005,1130,1,1.1777549296,113,1
7,0.005,1131,1,1.1185403413,113,1
7,0.005,1132,1,1.2102077643,113,1
7,0.005,1133,1,1.1268618362,106,2
7,0.005,1134,1,1.0577406642,113,1
7,0.005,1135,1,1.0741308983,113,1
7,0.005,1136,1,1.2161133117,113,1
7,0.005,1137,1,0.9750247594,78,2
7,0.005,1138,1,1.0505797039,71,2
7,0.005,1139,1,1.0415702737,113,1
7,0.005,1140,1,1.1177300140,113,1
7,0.005,1141,1,1.0975429789,106,2
7,0.005,1142,1,1.1502906552,106,2
7,0.005,1143,1,1.2057155777,113,1
7,0.005,1144,1,1.1448978456,113,1
7,0.005,1145,1,1.1288688829,113,1
7,0.005,1146,1,1.1291969540,113,1
7,0.005,1147,1,1.0484270727,106,2
7,0.005,1148,1,1.1508906422,106,2
7,0.005,1149,1,1.1677757560,113,1
7,0.005,1150,1,1.2136635570,113,1
7,0.005,1151,1,1.2090281618,106,2
7,0.005,1152,1,1.1436941408,106,2
7,0.005,1153,1,1.2481021930,113,1
7,0.005,1154,1,1.0304214775,113,1
7,0.005,1155,1,1.2027063546,106,2
7,0.005,1156,1,1.0939954008,113,1
7,0.005,1157,1,1.1353807417,113,1
7,0.005,1158,1,0.9920496590,106,2
7,0.005,1159,1,1.0815722677,78,2
7,0.005,1160,1,1.0702128874,113,1
7,0.005,1161,1,1.0567204365,113,1
7,0.005,1162,1,0.9947915765,106,2
7,0.005,1163,1,1.2165448129,113,1
7,0.005,1164,1,1.2802206268,113,1
7,0.005,1165,1,1.0403779443,113,1
7,0.005,1166,1,1.2149412353,113,1
7,0.005,1167,1,1.1319921934,106,2
7,0.005,1168,1,1.0919709496,106,2
7,0.005,1169,1,1.0436863206,106,2
7,0.005,1170,1,1.1536815788,113,1
7,0.005,1171,1,1.0971667449,113,1
7,0.005,1172,1,1.1579062282,106,2
7,0.005,1173,1,1.0742989039,113,1
7,0.005,1174,1,1.1577014448,106,2
7,0.005,1175,1,1.1784571300,113,1
7,0.005,1176,1,1.0500508704,106,2
7,0.005,1177,1,1.1431326109,113,1
7,0.005,1178,1,1.0734718152,113,1
7,0.005,1179,1,1.0213204792,106,2
7,0.005,1180,1,1.1249563865,113,1
7,0.005,1181,1,1.1292942739,106,2
7,0.005,1182,1,1.0537408804,113,1
7,0.005,1183,1,1.0805375452,113,1
7,0.005,1184,1,1.0676579834,113,1
7,0.005,1185,1,0.9911077011,78,2
7,0.005,1186,1,1.0287892751,71,2
7,0.005,1187,1,1.1024854090,106,2
7,0.005,1188,1,1.1801603611,106,2
7,0.005,1189,1,1.1080370739,106,2
7,0.005,1190,1,1.1448763380,113,1
7,0.005,1191,1,1.0891209793,106,2
7,0.005,1192,1,1.0607013875,106,2
7,0.005,1193,1,1.0557143135,71,2
7,0.005,1194,1,1.0854411060,113,1
7,0.005,1195,1,1.0499641200,71,2
7,0.005,1196,1,1.2037593652,113,1
7,0.005,1197,1,1.0276951827,113,1
7,0.005,1198,1,1.1127690541,113,1
7,0.005,1199,1,0.9940824292,113,1
10,0.005,1000,1,1.1143222625,110,1
10,0.005,1001,1,0.9626719526,100,2
10,0.005,1002,1,0.9735433151,60,2
10,0.005,1003,1,1.0856660698,100,2
10,0.005,1004,1,1.2249959184,110,1
10,0.005,1005,1,1.1911814111,110,1
10,0.005,1006,1,1.0632023313,110,1
10,0.005,1007,1,1.1067978672,110,1
10,0.005,1008,1,1.1970782565,110,1
10,0.005,1009,1,1.1498133108,100,2
10,0.005,1010,1,1.1717496257,100,2
10,0.005,1011,1,1.0402203677,110,1
10,0.005,1012,1,1.0988161728,110,1
10,0.005,1013,1,1.1156335139,110,1
10,0.005,1014,1,0.9911549602,60,2
10,0.005,1015,1,1.1925309108,110,1
10,0.005,1016,1,1.1182303237,110,1
10,0.005,1017,1,1.1700222847,110,1
10,0.005,1018,1,1.1802289494,100,2
10,0.005,1019,1,1.1737226927,110,1
10,0.005,1020,1,1.2028028335,100,2
10,0.005,1021,1,1.0587200052,110,1
10,0.005,1022,1,1.2595199055,110,1
10,0.005,1023,1,0.9619664701,70,2
10,0.005,1024,1,1.0528757392,110,1
10,0.005,1025,1,1.0924632807,100,2
10,0.005,1026,1,1.2207553182,110,1
10,0.005,1027,1,1.2627799031,110,1
10,0.005,1028,1,1.1346336217,110,1
10,0.005,1029,1,1.0643086589,60,2
10,0.005,1030,1,1.0500388272,110,1
10,0.005,1031,1,1.0815187451,100,2
10,0.005,1032,1,1.1893447742,110,1
10,0.005,1033,1,0.9832506750,110,1
10,0.005,1034,1,1.0885364763,110,1
10,0.005,1035,1,1.1736991021,110,1
10,0.005,1036,1,1.1932787934,110,1
10,0.005,1037,1,1.2689219607,110,1
10,0.005,1038,1,1.1178233847,100,2
10,0.005,1039,1,0.8005316860,60,2
10,0.005,1040,1,1.1738143234,110,1
10,0.005,1041,1,1.0733165188,100,2
10,0.005,1042,1,1.1570704656,110,1
10,0.005,1043,1,1.0138553452,110,1
10,0.005,1044,1,1.0367478745,100,2
10,0.005,1045,1,1.0932574721,110,1
10,0.005,1046,1,1.1813215895,100,2
10,0.005,1047,1,1.1478732923,100,2
10,0.005,1048,1,1.1313115477,110,1
10,0.005,1049,1,1.0936122466,110,1
10,0.005,1050,1,1.1860045388,110,1
10,0.005,1051,1,1.1381505944,110,1
10,0.005,1052,1,1.0906900368,110,1
10,0.005,1053,1,1.0687294810,110,1
10,0.005,1054,1,1.2312613288,110,1
10,0.005,1055,1,1.1981313656,110,1
10,0.005,1056,1,1.2590013869,110,1
10,0.005,1057,1,1.0591187994,100,2
10,0.005,1058,1,1.1027375614,110,1
10,0.005,1059,1,1.2006858037,110,1
10,0.005,1060,1,1.1065932304,110,1
10,0.005,1061,1,1.1225110366,110,1
10,0.005,1062,1,1.1468266742,100,2
10,0.005,1063,1,1.2442083961,110,1
10,0.005,1064,1,1.0876244993,100,2
10,0.005,1065,1,1.0109899663,110,1
10,0.005,1066,1,1.0407774431,60,2
10,0.005,1067,1,1.2583686134,100,2
10,0.005,1068,1,0.8662435988,60,2
10,0.005,1069,1,0.9403535731,70,2
10,0.005,1070,1,1.0639697592,110,1
10,0.005,1071,1,1.2332060317,70,2
10,0.005,1072,1,1.0770777265,110,1
10,0.005,1073,1,0.8605220778,50,2
10,0.005,1074,1,1.0581834735,110,1
10,0.005,1075,1,1.1790726709,100,2
10,0.005,1076,1,0.9417414183,60,2
10,0.005,1077,1,1.0275164534,110,1
10,0.005,1078,1,1.1472189809,90,2
10,0.005,1079,1,1.1643121328,110,1
10,0.005,1080,1,1.1374007430,100,2
10,0.005,1081,1,1.1189571809,110,1
10,0.005,1082,1,1.2350878630,110,1
10,0.005,1083,1,1.2106171486,100,2
10,0.005,1084,1,1.1294374016,110,1
10,0.005,1085,1,1.1346325288,110,1
10,0.005,1086,1,1.1398352887,110,1
10,0.005,1087,1,1.2547083505,100,2
10,0.005,1088,1,1.1017940234,110,1
10,0.005,1089,1,1.1405119471,110,1
10,0.005,1090,1,0.8732633331,60,2
10,0.005,1091,1,1.1788224370,100,2
10,0.005,1092,1,0.8794007716,50,2
10,0.005,1093,1,1.1924232424,110,1
10,0.005,1094,1,1.0980606436,90,2
10,0.005,1095,1,0.9581081376,50,2
10,0.005,1096,1,1.0996188046,60,2
10,0.005,1097,1,1.0424991334,110,1
10,0.005,1098,1,0.8079807184,50,2
10,0.005,1099,1,1.1097997909,110,1
10,0.005,1100,1,1.0415181396,100,2
10,0.005,1101,1,1.2513887603,110,1
10,0.005,1102,1,1.0037244558,110,1
10,0.005,1103,1,1.1200084622,110,1
10,0.005,1104,1,1.2288370119,110,1
10,0.005,1105,1,1.0227601236,110,1
10,0.005,1106,1,1.1143995219,110,1
10,0.005,1107,1,1.1418977823,110,1
10,0.005,1108,1,1.1852573333,110,1
10,0.005,1109,1,1.1482651588,90,2
10,0.005,1110,1,1.1311389960,110,1
10,0.005,1111,1,1.1665129895,110,1
10,0.005,1112,1,1.1258193133,100,2
10,0.005,1113,1,1.2162962702,110,1
10,0.005,1114,1,0.8828397237,60,2
10,0.005,1115,1,0.9087628211,60,2
10,0.005,1116,1,1.1002454826,100,2
10,0.005,1117,1,1.0322484643,110,1
10,0.005,1118,1,1.2289306431,110,1
10,0.005,1119,1,1.2224807172,100,2
10,0.005,1120,1,1.0285297985,110,1
10,0.005,1121,1,1.0558239783,100,2
10,0.005,1122,1,1.1468826659,100,2
10,0.005,1123,1,1.1958288121,110,1
10,0.005,1124,1,0.8762029895,70,2
10,0.005,1125,1,1.2116248770,110,1
10,0.005,1126,1,1.0820742691,100,2
10,0.005,1127,1,1.0713322603,110,1
10,0.005,1128,1,1.0887419692,100,2
10,0.005,1129,1,1.0681562992,110,1
10,0.005,1130,1,1.1754821982,110,1
10,0.005,1131,1,1.1116243949,110,1
10,0.005,1132,1,1.2065833136,110,1
10,0.005,1133,1,1.1104414059,100,2
10,0.005,1134,1,1.0516697269,110,1
10,0.005,1135,1,1.0674938969,110,1
10,0.005,1136,1,1.2091857614,110,1
10,0.005,1137,1,0.8570266097,60,2
10,0.005,1138,1,0.9122106562,50,2
10,0.005,1139,1,1.0385039647,110,1
10,0.005,1140,1,1.1116406922,110,1
10,0.005,1141,1,1.0912555272,100,2
10,0.005,1142,1,1.0380134745,70,2
10,0.005,1143,1,1.1984347030,110,1
10,0.005,1144,1,1.1378419764,110,1
10,0.005,1145,1,1.1281139734,110,1
10,0.005,1146,1,1.1222843696,110,1
10,0.005,1147,1,1.0383381585,100,2
10,0.005,1148,1,1.1326669235,100,2
10,0.005,1149,1,1.1672678418,110,1
10,0.005,1150,1,1.2064144181,110,1
10,0.005,1151,1,1.1969265953,100,2
10,0.005,1152,1,1.0853847725,90,2
10,0.005,1153,1,1.2472456897,110,1
10,0.005,1154,1,1.0250211560,110,1
10,0.005,1155,1,1.1878526084,100,2
10,0.005,1156,1,1.0896028229,110,1
10,0.005,1157,1,1.1289185704,110,1
10,0.005,1158,1,0.9764012973,100,2
10,0.005,1159,1,0.9738360566,60,2
10,0.005,1160,1,1.0695426047,110,1
10,0.005,1161,1,1.0527990726,110,1
10,0.005,1162,1,0.9815771741,100,2
10,0.005,1163,1,1.2101324525,110,1
10,0.005,1164,1,1.2744665268,110,1
10,0.005,1165,1,1.0380031530,110,1
10,0.005,1166,1,1.2075849738,110,1
10,0.005,1167,1,1.1192143703,100,2
10,0.005,1168,1,1.0725429192,100,2
10,0.005,1169,1,1.0323206221,100,2
10,0.005,1170,1,1.1529096973,110,1
10,0.005,1171,1,1.0947543053,110,1
10,0.005,1172,1,1.1386414962,100,2
10,0.005,1173,1,1.0726566578,110,1
10,0.005,1174,1,1.1363589426,100,2
10,0.005,1175,1,1.1719619249,110,1
10,0.005,1176,1,1.0329211400,100,2
10,0.005,1177,1,1.1394356776,110,1
10,0.005,1178,1,1.0672828334,110,1
10,0.005,1179,1,1.0017444981,100,2
10,0.005,1180,1,1.1182516222,110,1
10,0.005,1181,1,1.1201596325,100,2
10,0.005,1182,1,1.0500075272,110,1
10,0.005,1183,1,1.0777127772,110,1
10,0.005,1184,1,1.0628467711,110,1
10,0.005,1185,1,0.9032016044,60,2
10,0.005,1186,1,0.8630623784,50,2
10,0.005,1187,1,1.0813561263,100,2
10,0.005,1188,1,1.1620790216,100,2
10,0.005,1189,1,1.0988186895,100,2
10,0.005,1190,1,1.1410398781,110,1
10,0.005,1191,1,1.0729259349,100,2
10,0.005,1192,1,1.0573458942,100,2
10,0.005,1193,1,0.9202297383,50,2
10,0.005,1194,1,1.0798160938,110,1
10,0.005,1195,1,0.9478408283,50,2
10,0.005,1196,1,1.1985035330,110,1
10,0.005,1197,1,1.0217680408,110,1
10,0.005,1198,1,1.1121052252,110,1
10,0.005,1199,1,0.9892113857,110,1
15,0.005,1000,1,1.1128253738,105,1
15,0.005,1001,1,0.8566081613,75,2
15,0.005,1002,1,0.8929658595,45,2
15,0.005,1003,1,1.0502567095,90,2
15,0.005,1004,1,1.2192886899,105,1
15,0.005,1005,1,1.1847822323,105,1
15,0.005,1006,1,1.0517585975,105,1
15,0.005,1007,1,1.0932869877,105,1
15,0.005,1008,1,1.1948387371,105,1
15,0.005,1009,1,1.0805167369,60,2
15,0.005,1010,1,1.1581289617,90,2
15,0.005,1011,1,1.0305708156,105,1
15,0.005,1012,1,1.0890538649,105,1
15,0.005,1013,1,1.1141769137,105,1
15,0.005,1014,1,0.8501890789,30,2
15,0.005,1015,1,1.1897332212,105,1
15,0.005,1016,1,1.1043646467,105,1
15,0.005,1017,1,1.1629754876,105,1
15,0.005,1018,1,0.9777471058,45,2
15,0.005,1019,1,1.1653698783,105,1
15,0.005,1020,1,1.1888881545,90,2
15,0.005,1021,1,1.0478782753,105,1
15,0.005,1022,1,1.2563952540,105,1
15,0.005,1023,1,0.7427627165,45,2
15,0.005,1024,1,1.0400650668,105,1
15,0.005,1025,1,1.0823174169,90,2
15,0.005,1026,1,1.2107152989,105,1
15,0.005,1027,1,1.2473207584,105,1
15,0.005,1028,1,1.1286718380,105,1
15,0.005,1029,1,1.0026080023,45,2
15,0.005,1030,1,1.0478734192,105,1
15,0.005,1031,1,1.0442979980,90,2
15,0.005,1032,1,1.1865223087,105,1
15,0.005,1033,1,0.9814090471,105,1
15,0.005,1034,1,1.0775741444,105,1
15,0.005,1035,1,1.1675590087,105,1
15,0.005,1036,1,1.1803934165,105,1
15,0.005,1037,1,1.2518766081,105,1
15,0.005,1038,1,0.9711611751,60,2
15,0.005,1039,1,0.6714713341,45,2
15,0.005,1040,1,1.1672957594,105,1
15,0.005,1041,1,1.0396250018,90,2
15,0.005,1042,1,1.1558656512,105,1
15,0.005,1043,1,1.0007557745,105,1
15,0.005,1044,1,1.0062122417,90,2
15,0.005,1045,1,1.0786875371,105,1
15,0.005,1046,1,1.1659148371,90,2
15,0.005,1047,1,1.1040604181,90,2
15,0.005,1048,1,1.1306187844,105,1
15,0.005,1049,1,1.0880294431,105,1
15,0.005,1050,1,1.1775383699,105,1
15,0.005,1051,1,1.1350159937,105,1
15,0.005,1052,1,1.0873711728,105,1
15,0.005,1053,1,1.0553178500,105,1
15,0.005,1054,1,1.2155553534,105,1
15,0.005,1055,1,1.1894901831,105,1
15,0.005,1056,1,1.2544486418,105,1
15,0.005,1057,1,0.7994405266,45,2
15,0.005,1058,1,1.0885645523,105,1
15,0.005,1059,1,1.1884990178,105,1
15,0.005,1060,1,1.1008025988,105,1
15,0.005,1061,1,1.1069647769,105,1
15,0.005,1062,1,1.1170927270,90,2
15,0.005,1063,1,1.2280209169,105,1
15,0.005,1064,1,1.0700400149,90,2
15,0.005,1065,1,0.9973987268,105,1
15,0.005,1066,1,0.9620283650,30,2
15,0.005,1067,1,1.0723267089,45,2
15,0.005,1068,1,0.6022637561,30,2
15,0.005,1069,1,0.7537104299,45,2
15,0.005,1070,1,1.0626160559,105,1
15,0.005,1071,1,1.1250339253,45,2
15,0.005,1072,1,1.0752301267,105,1
15,0.005,1073,1,0.6969352554,30,2
15,0.005,1074,1,1.0455476567,105,1
15,0.005,1075,1,0.9062200258,45,2
15,0.005,1076,1,0.8715416047,45,2
15,0.005,1077,1,1.0219714476,105,1
15,0.005,1078,1,0.9424567010,60,2
15,0.005,1079,1,1.1616372690,105,1
15,0.005,1080,1,1.1002008503,90,2
15,0.005,1081,1,1.1077168635,105,1
15,0.005,1082,1,1.2191183579,105,1
15,0.005,1083,1,1.1948361334,90,2
15,0.005,1084,1,1.1217882069,105,1
15,0.005,1085,1,1.1267671789,105,1
15,0.005,1086,1,1.1311153489,105,1
15,0.005,1087,1,1.2302997826,90,2
15,0.005,1088,1,1.0942646735,105,1
15,0.005,1089,1,1.1325547176,105,1
15,0.005,1090,1,0.5702641167,30,2
15,0.005,1091,1,1.0643240405,75,2
15,0.005,1092,1,0.7013670812,30,2
15,0.005,1093,1,1.1792896074,105,1
15,0.005,1094,1,0.9873716496,60,2
15,0.005,1095,1,0.8438479118,30,2
15,0.005,1096,1,1.0416123022,45,2
15,0.005,1097,1,1.0355397477,105,1
15,0.005,1098,1,0.5848922972,30,2
15,0.005,1099,1,1.1075600167,105,1
15,0.005,1100,1,1.0024351442,90,2
15,0.005,1101,1,1.2436249524,105,1
15,0.005,1102,1,0.9915678026,105,1
15,0.005,1103,1,1.1119461700,105,1
15,0.005,1104,1,1.2224268144,105,1
15,0.005,1105,1,1.0111450688,105,1
15,0.005,1106,1,1.1102633696,105,1
15,0.005,1107,1,1.1352628440,105,1
15,0.005,1108,1,1.1745685375,105,1
15,0.005,1109,1,0.9610675541,60,2
15,0.005,1110,1,1.1207897966,105,1
15,0.005,1111,1,1.1536101993,105,1
15,0.005,1112,1,1.0890513974,90,2
15,0.005,1113,1,1.2155342084,105,1
15,0.005,1114,1,0.7689335051,45,2
15,0.005,1115,1,0.8213711289,45,2
15,0.005,1116,1,0.9747928959,45,2
15,0.005,1117,1,1.0250556386,105,1
15,0.005,1118,1,1.2149516086,105,1
15,0.005,1119,1,1.2007711391,90,2
15,0.005,1120,1,1.0172152515,105,1
15,0.005,1121,1,1.0193815376,90,2
15,0.005,1122,1,1.0138173848,75,2
15,0.005,1123,1,1.1905838156,105,1
15,0.005,1124,1,0.6992181535,45,2
15,0.005,1125,1,1.2023927622,105,1
15,0.005,1126,1,1.0035782015,75,2
15,0.005,1127,1,1.0654714399,105,1
15,0.005,1128,1,1.0569172477,90,2
15,0.005,1129,1,1.0539027288,105,1
15,0.005,1130,1,1.1704970597,105,1
15,0.005,1131,1,1.0965550109,105,1
15,0.005,1132,1,1.1993718070,105,1
15,0.005,1133,1,0.9349483600,60,2
15,0.005,1134,1,1.0392226326,105,1
15,0.005,1135,1,1.0531196939,105,1
15,0.005,1136,1,1.1949506518,105,1
15,0.005,1137,1,0.5513315836,30,2
15,0.005,1138,1,0.7053330212,30,2
15,0.005,1139,1,1.0322216921,105,1
15,0.005,1140,1,1.0991530003,105,1
15,0.005,1141,1,1.0162190855,60,2
15,0.005,1142,1,0.8851533987,45,2
15,0.005,1143,1,1.1835979317,105,1
15,0.005,1144,1,1.1224780746,105,1
15,0.005,1145,1,1.1256772451,105,1
15,0.005,1146,1,1.1072222743,105,1
15,0.005,1147,1,0.9075142716,45,2
15,0.005,1148,1,0.8599267033,45,2
15,0.005,1149,1,1.1656880330,105,1
15,0.005,1150,1,1.1913220369,105,1
15,0.005,1151,1,1.1710851147,90,2
15,0.005,1152,1,0.9127938440,60,2
15,0.005,1153,1,1.2448012415,105,1
15,0.005,1154,1,1.0139142120,105,1
15,0.005,1155,1,1.1577058806,90,2
15,0.005,1156,1,1.0810301108,105,1
15,0.005,1157,1,1.1163521985,105,1
15,0.005,1158,1,0.9471887155,90,2
15,0.005,1159,1,0.8423407438,45,2
15,0.005,1160,1,1.0673707315,105,1
15,0.005,1161,1,1.0450005992,105,1
15,0.005,1162,1,0.9563737035,90,2
15,0.005,1163,1,1.1967579598,105,1
15,0.005,1164,1,1.2633366153,105,1
15,0.005,1165,1,1.0328311456,105,1
15,0.005,1166,1,1.1922193595,105,1
15,0.005,1167,1,1.0914559593,90,2
15,0.005,1168,1,0.9561362473,75,2
15,0.005,1169,1,1.0075825977,90,2
15,0.005,1170,1,1.1505507223,105,1
15,0.005,1171,1,1.0893333856,105,1
15,0.005,1172,1,0.7534542329,45,2
15,0.005,1173,1,1.0695588943,105,1
15,0.005,1174,1,1.0923996254,90,2
15,0.005,1175,1,1.1592012238,105,1
15,0.005,1176,1,0.9972000992,90,2
15,0.005,1177,1,1.1314506049,105,1
15,0.005,1178,1,1.0545886096,105,1
15,0.005,1179,1,0.9610588849,90,2
15,0.005,1180,1,1.1037045443,105,1
15,0.005,1181,1,1.0603690070,75,2
15,0.005,1182,1,1.0419789639,105,1
15,0.005,1183,1,1.0721669598,105,1
15,0.005,1184,1,1.0528643479,105,1
15,0.005,1185,1,0.7987069469,45,2
15,0.005,1186,1,0.6456283963,30,2
15,0.005,1187,1,1.0382158569,90,2
15,0.005,1188,1,1.1269704644,90,2
15,0.005,1189,1,1.0783779527,90,2
15,0.005,1190,1,1.1335115314,105,1
15,0.005,1191,1,1.0399060350,90,2
15,0.005,1192,1,0.9995556160,60,2
15,0.005,1193,1,0.7044877616,30,2
15,0.005,1194,1,1.0680923961,105,1
15,0.005,1195,1,0.8205947062,30,2
15,0.005,1196,1,1.1875762398,105,1
15,0.005,1197,1,1.0102979767,105,1
15,0.005,1198,1,1.1103881851,105,1
15,0.005,1199,1,0.9798903716,105,1
20,0.005,1000,1,1.1106017251,100,1
20,0.005,1001,1,0.7741223168,60,2
20,0.005,1002,1,0.7185977114,20,2
20,0.005,1003,1,1.0073742839,80,2
20,0.005,1004,1,1.2127599679,100,1
20,0.005,1005,1,1.1764046626,100,1
20,0.005,1006,1,1.0383902415,100,1
20,0.005,1007,1,1.0773233057,100,1
20,0.005,1008,1,1.1916555595,100,1
20,0.005,1009,1,1.0142524207,40,2
20,0.005,1010,1,1.1424197359,80,2
20,0.005,1011,1,1.0193610574,100,1
20,0.005,1012,1,1.0781015593,100,1
20,0.005,1013,1,1.1120200397,100,1
20,0.005,1014,1,0.7396190632,20,2
20,0.005,1015,1,1.1851092631,100,1
20,0.005,1016,1,1.0881649845,100,1
20,0.005,1017,1,1.1546512573,100,1
20,0.005,1018,1,0.7115560468,20,2
20,0.005,1019,1,1.1553602616,100,1
20,0.005,1020,1,1.1707537950,80,2
20,0.005,1021,1,1.0352924005,100,1
20,0.005,1022,1,1.2513792545,100,1
20,0.005,1023,1,0.3829957886,20,2
20,0.005,1024,1,1.0252216194,100,1
20,0.005,1025,1,1.0703744008,80,2
20,0.005,1026,1,1.1986967122,100,1
20,0.005,1027,1,1.2293765414,100,1
20,0.005,1028,1,1.1219500840,100,1
20,0.005,1029,1,0.7977729791,20,2
20,0.005,1030,1,1.0442981992,100,1
20,0.005,1031,1,0.9973100839,80,2
20,0.005,1032,1,1.1818627973,100,1
20,0.005,1033,1,0.9785021506,100,1
20,0.005,1034,1,1.0652970742,100,1
20,0.005,1035,1,1.1593611150,100,1
20,0.005,1036,1,1.1650124846,100,1
20,0.005,1037,1,1.2313519206,100,1
20,0.005,1038,1,0.8268215452,40,2
20,0.005,1039,1,0.3686971350,20,2
20,0.005,1040,1,1.1585932391,100,1
20,0.005,1041,1,0.9977153759,80,2
20,0.005,1042,1,1.1542946224,100,1
20,0.005,1043,1,0.9853155049,100,1
20,0.005,1044,1,0.9692408465,80,2
20,0.005,1045,1,1.0616612477,100,1
20,0.005,1046,1,1.1457027388,80,2
20,0.005,1047,1,1.0498427408,80,2
20,0.005,1048,1,1.1293097239,100,1
20,0.005,1049,1,1.0815093791,100,1
20,0.005,1050,1,1.1674690534,100,1
20,0.005,1051,1,1.1312959484,100,1
20,0.005,1052,1,1.0836098269,100,1
20,0.005,1053,1,1.0403323625,100,1
20,0.005,1054,1,1.1967498833,100,1
20,0.005,1055,1,1.1796652610,100,1
20,0.005,1056,1,1.2490335259,100,1
20,0.005,1057,1,0.4808281658,20,2
20,0.005,1058,1,1.0722311385,100,1
20,0.005,1059,1,1.1741900872,100,1
20,0.005,1060,1,1.0931865088,100,1
20,0.005,1061,1,1.0882721121,100,1
20,0.005,1062,1,1.0788548665,80,2
20,0.005,1063,1,1.2083605548,100,1
20,0.005,1064,1,1.0475850687,80,2
20,0.005,1065,1,0.9816282574,100,1
20,0.005,1066,1,0.8893388148,20,2
20,0.005,1067,1,0.8003319345,20,2
20,0.005,1068,1,0.1776242464,0,1
20,0.005,1069,1,0.4284913845,20,2
20,0.005,1070,1,1.0606687011,100,1
20,0.005,1071,1,0.8755591583,20,2
20,0.005,1072,1,1.0724655422,100,1
20,0.005,1073,1,0.2243622993,0,1
20,0.005,1074,1,1.0311959251,100,1
20,0.005,1075,1,0.6279897477,20,2
20,0.005,1076,1,0.6472190428,20,2
20,0.005,1077,1,1.0154714739,100,1
20,0.005,1078,1,0.7380876585,40,2
20,0.005,1079,1,1.1572295395,100,1
20,0.005,1080,1,1.0536591589,80,2
20,0.005,1081,1,1.0948212210,100,1
20,0.005,1082,1,1.2004875091,100,1
20,0.005,1083,1,1.1714551601,80,2
20,0.005,1084,1,1.1131111346,100,1
20,0.005,1085,1,1.1174421892,100,1
20,0.005,1086,1,1.1205207228,100,1
20,0.005,1087,1,1.1993192016,80,2
20,0.005,1088,1,1.0856943978,100,1
20,0.005,1089,1,1.1234358087,100,1
20,0.005,1090,1,0.4050150138,20,2
20,0.005,1091,1,0.7600608226,40,2
20,0.005,1092,1,0.2253286725,0,1
20,0.005,1093,1,1.1642006003,100,1
20,0.005,1094,1,0.8537786114,40,2
20,0.005,1095,1,0.2262441871,0,1
20,0.005,1096,1,0.8528064618,20,2
20,0.005,1097,1,1.0270014145,100,1
20,0.005,1098,1,0.2238780104,0,1
20,0.005,1099,1,1.1040217762,100,1
20,0.005,1100,1,0.9548585501,80,2
20,0.005,1101,1,1.2345699289,100,1
20,0.005,1102,1,0.9779802541,100,1
20,0.005,1103,1,1.1025423398,100,1
20,0.005,1104,1,1.2144663605,100,1
20,0.005,1105,1,0.9978244907,100,1
20,0.005,1106,1,1.1051268604,100,1
20,0.005,1107,1,1.1275851537,100,1
20,0.005,1108,1,1.1614575618,100,1
20,0.005,1109,1,0.7733879096,40,2
20,0.005,1110,1,1.1088456421,100,1
20,0.005,1111,1,1.1388487513,100,1
20,0.005,1112,1,1.0431096127,80,2
20,0.005,1113,1,1.2141722366,100,1
20,0.005,1114,1,0.4623810510,20,2
20,0.005,1115,1,0.5599340396,20,2
20,0.005,1116,1,0.8122435118,20,2
20,0.005,1117,1,1.0160981843,100,1
20,0.005,1118,1,1.1980528203,100,1
20,0.005,1119,1,1.1743707702,80,2
20,0.005,1120,1,1.0038403923,100,1
20,0.005,1121,1,0.9751754306,80,2
20,0.005,1122,1,0.7212605596,40,2
20,0.005,1123,1,1.1836900030,100,1
20,0.005,1124,1,0.3918351449,20,2
20,0.005,1125,1,1.1907575360,100,1
20,0.005,1126,1,0.8166926673,40,2
20,0.005,1127,1,1.0578770019,100,1
20,0.005,1128,1,1.0175629110,80,2
20,0.005,1129,1,1.0369642999,100,1
20,0.005,1130,1,1.1642747223,100,1
20,0.005,1131,1,1.0780392005,100,1
20,0.005,1132,1,1.1912409988,100,1
20,0.005,1133,1,0.7829780955,40,2
20,0.005,1134,1,1.0247317193,100,1
20,0.005,1135,1,1.0359874962,100,1
20,0.005,1136,1,1.1781359673,100,1
20,0.005,1137,1,0.1751910880,0,1
20,0.005,1138,1,0.2318060338,0,1
20,0.005,1139,1,1.0248732483,100,1
20,0.005,1140,1,1.0842974696,100,1
20,0.005,1141,1,0.9254931142,40,2
20,0.005,1142,1,0.5958392929,20,2
20,0.005,1143,1,1.1657760803,100,1
20,0.005,1144,1,1.1041561400,100,1
20,0.005,1145,1,1.1216867019,100,1
20,0.005,1146,1,1.0888636093,100,1
20,0.005,1147,1,0.8835458408,40,2
20,0.005,1148,1,0.6029208911,20,2
20,0.005,1149,1,1.1633413605,100,1
20,0.005,1150,1,1.1731123384,100,1
20,0.005,1151,1,1.1379003798,80,2
20,0.005,1152,1,0.7373407523,40,2
20,0.005,1153,1,1.2411773554,100,1
20,0.005,1154,1,1.0005267470,100,1
20,0.005,1155,1,1.1203408726,80,2
20,0.005,1156,1,1.0714891254,100,1
20,0.005,1157,1,1.1019434258,100,1
20,0.005,1158,1,0.9132570234,80,2
20,0.005,1159,1,0.4608119046,20,2
20,0.005,1160,1,1.0637948267,100,1
20,0.005,1161,1,1.0359532495,100,1
20,0.005,1162,1,0.9260265936,80,2
20,0.005,1163,1,1.1806773939,100,1
20,0.005,1164,1,1.2506485263,100,1
20,0.005,1165,1,1.0260646647,100,1
20,0.005,1166,1,1.1744420972,100,1
20,0.005,1167,1,1.0561642933,80,2
20,0.005,1168,1,0.8564168013,60,2
20,0.005,1169,1,0.9750862975,80,2
20,0.005,1170,1,1.1468333473,100,1
20,0.005,1171,1,1.0821378674,100,1
20,0.005,1172,1,0.3864381570,20,2
20,0.005,1173,1,1.0659619850,100,1
20,0.005,1174,1,1.0375605088,80,2
20,0.005,1175,1,1.1442135283,100,1
20,0.005,1176,1,0.9523649889,80,2
20,0.005,1177,1,1.1216950744,100,1
20,0.005,1178,1,1.0402509917,100,1
20,0.005,1179,1,0.9100382983,80,2
20,0.005,1180,1,1.0861649830,100,1
20,0.005,1181,1,0.9119802918,40,2
20,0.005,1182,1,1.0321341953,100,1
20,0.005,1183,1,1.0658648834,100,1
20,0.005,1184,1,1.0410328533,100,1
20,0.005,1185,1,0.5284830178,20,2
20,0.005,1186,1,0.2236084036,0,1
20,0.005,1187,1,0.9845118995,80,2
20,0.005,1188,1,1.0856858401,80,2
20,0.005,1189,1,1.0517193237,80,2
20,0.005,1190,1,1.1249634147,100,1
20,0.005,1191,1,0.9984808794,80,2
20,0.005,1192,1,0.9286916517,40,2
20,0.005,1193,1,0.2238517863,0,1
20,0.005,1194,1,1.0537104153,100,1
20,0.005,1195,1,0.2297806633,0,1
20,0.005,1196,1,1.1746505238,100,1
20,0.005,1197,1,0.9972333119,100,1
20,0.005,1198,1,1.1081323804,100,1
20,0.005,1199,1,0.9693280713,100,1
30,0.005,1000,1,1.1037832585,90,1
30,0.005,1001,1,0.5477444144,30,2
30,0.005,1002,1,0.1965857184,0,1
30,0.005,1003,1,0.6353219570,30,2
30,0.005,1004,1,1.1975861243,90,1
30,0.005,1005,1,1.1552710171,90,1
30,0.005,1006,1,1.0062749520,90,1
30,0.005,1007,1,1.0390209478,90,1
30,0.005,1008,1,1.1819197790,90,1
30,0.005,1009,1,0.0577494984,0,1
30,0.005,1010,1,1.1047398193,60,2
30,0.005,1011,1,0.9924884179,90,1
30,0.005,1012,1,1.0529194610,90,1
30,0.005,1013,1,1.1054001500,90,1
30,0.005,1014,1,0.2763398156,0,1
30,0.005,1015,1,1.1710621959,90,1
30,0.005,1016,1,1.0487663565,90,1
30,0.005,1017,1,1.1344386132,90,1
30,0.005,1018,1,0.0488212996,0,1
30,0.005,1019,1,1.1308861555,90,1
30,0.005,1020,1,1.1203259567,60,2
30,0.005,1021,1,1.0053957796,90,1
30,0.005,1022,1,1.2370619267,90,1
30,0.005,1023,1,0.1424315193,0,1
30,0.005,1024,1,0.9909014352,90,1
30,0.005,1025,1,1.0400600527,60,2
30,0.005,1026,1,1.1686096559,90,1
30,0.005,1027,1,1.1869080381,90,1
30,0.005,1028,1,1.1065068482,90,1
30,0.005,1029,1,0.1729362675,0,1
30,0.005,1030,1,1.0328934713,90,1
30,0.005,1031,1,0.5618788723,30,2
30,0.005,1032,1,1.1670507163,90,1
30,0.005,1033,1,0.9700038488,90,1
30,0.005,1034,1,1.0371249742,90,1
30,0.005,1035,1,1.1378398778,90,1
30,0.005,1036,1,1.1276861499,90,1
30,0.005,1037,1,1.1825579030,90,1
30,0.005,1038,1,0.0472999044,0,1
30,0.005,1039,1,0.1450843902,0,1
30,0.005,1040,1,1.1358138946,90,1
30,0.005,1041,1,0.8857456909,60,2
30,0.005,1042,1,1.1497302957,90,1
30,0.005,1043,1,0.9497946097,90,1
30,0.005,1044,1,0.6533501310,30,2
30,0.005,1045,1,1.0202549610,90,1
30,0.005,1046,1,1.0869181185,60,2
30,0.005,1047,1,0.9104378410,60,2
30,0.005,1048,1,1.1246187557,90,1
30,0.005,1049,1,1.0659856885,90,1
30,0.005,1050,1,1.1429400508,90,1
30,0.005,1051,1,1.1220619708,90,1
30,0.005,1052,1,1.0750334266,90,1
30,0.005,1053,1,1.0056866547,90,1
30,0.005,1054,1,1.1500306537,90,1
30,0.005,1055,1,1.1563092818,90,1
30,0.005,1056,1,1.2363017203,90,1
30,0.005,1057,1,0.0568658627,0,1
30,0.005,1058,1,1.0344485351,90,1
30,0.005,1059,1,1.1395987971,90,1
30,0.005,1060,1,1.0733502136,90,1
30,0.005,1061,1,1.0428555399,90,1
30,0.005,1062,1,0.9721081640,60,2
30,0.005,1063,1,1.1596359720,90,1
30,0.005,1064,1,0.9864065549,60,2
30,0.005,1065,1,0.9460135529,90,1
30,0.005,1066,1,0.1746153613,0,1
30,0.005,1067,1,0.0614196383,0,1
30,0.005,1068,1,0.3016133179,0,1
30,0.005,1069,1,0.0749836637,0,1
30,0.005,1070,1,1.0545737818,90,1
30,0.005,1071,1,0.0487491008,0,1
30,0.005,1072,1,1.0642406195,90,1
30,0.005,1073,1,0.3439310369,0,1
30,0.005,1074,1,0.9982220884,90,1
30,0.005,1075,1,0.0637549148,0,1
30,0.005,1076,1,0.1719809974,0,1
30,0.005,1077,1,0.9998535794,90,1
30,0.005,1078,1,0.1176018425,0,1
30,0.005,1079,1,1.1437196966,90,1
30,0.005,1080,1,0.9297468205,60,2
30,0.005,1081,1,1.0646018086,90,1
30,0.005,1082,1,1.1567128254,90,1
30,0.005,1083,1,0.9176082164,30,2
30,0.005,1084,1,1.0927972828,90,1
30,0.005,1085,1,1.0949136382,90,1
30,0.005,1086,1,1.0947737571,90,1
30,0.005,1087,1,1.1137528847,60,2
30,0.005,1088,1,1.0656613462,90,1
30,0.005,1089,1,1.1020282769,90,1
30,0.005,1090,1,0.1837632675,0,1
30,0.005,1091,1,0.0497210345,0,1
30,0.005,1092,1,0.3477201499,0,1
30,0.005,1093,1,1.1291655734,90,1
30,0.005,1094,1,0.1019447775,0,1
30,0.005,1095,1,0.3482241501,0,1
30,0.005,1096,1,0.1839191494,0,1
30,0.005,1097,1,1.0056587982,90,1
30,0.005,1098,1,0.3430620388,0,1
30,0.005,1099,1,1.0934759732,90,1
30,0.005,1100,1,0.8354405884,60,2
30,0.005,1101,1,1.2126347285,90,1
30,0.005,1102,1,0.9464109880,90,1
30,0.005,1103,1,1.0797603547,90,1
30,0.005,1104,1,1.1949366291,90,1
30,0.005,1105,1,0.9686501841,90,1
30,0.005,1106,1,1.0922608457,90,1
30,0.005,1107,1,1.1094761846,90,1
30,0.005,1108,1,1.1281282776,90,1
30,0.005,1109,1,0.1050520446,0,1
30,0.005,1110,1,1.0804307172,90,1
30,0.005,1111,1,1.1045684469,90,1
30,0.005,1112,1,0.9214405458,60,2
30,0.005,1113,1,1.2098635210,90,1
30,0.005,1114,1,0.1664058146,0,1
30,0.005,1115,1,0.1603979797,0,1
30,0.005,1116,1,0.0630914426,0,1
30,0.005,1117,1,0.9933031847,90,1
30,0.005,1118,1,1.1565704049,90,1
30,0.005,1119,1,1.1031879067,60,2
30,0.005,1120,1,0.9714895671,90,1
30,0.005,1121,1,0.8641358777,60,2
30,0.005,1122,1,0.0480601894,0,1
30,0.005,1123,1,1.1653465567,90,1
30,0.005,1124,1,0.0570126399,0,1
30,0.005,1125,1,1.1606842231,90,1
30,0.005,1126,1,0.0702259722,0,1
30,0.005,1127,1,1.0384713421,90,1
30,0.005,1128,1,0.9136293319,60,2
30,0.005,1129,1,0.9968994253,90,1
30,0.005,1130,1,1.1485422153,90,1
30,0.005,1131,1,1.0331235940,90,1
30,0.005,1132,1,1.1727898173,90,1
30,0.005,1133,1,0.0474866234,0,1
30,0.005,1134,1,0.9921623393,90,1
30,0.005,1135,1,0.9950079759,90,1
30,0.005,1136,1,1.1391996853,90,1
30,0.005,1137,1,0.2981131734,0,1
30,0.005,1138,1,0.3602516144,0,1
30,0.005,1139,1,1.0078012415,90,1
30,0.005,1140,1,1.0482251262,90,1
30,0.005,1141,1,0.0874199943,0,1
30,0.005,1142,1,0.0505932343,0,1
30,0.005,1143,1,1.1216289587,90,1
30,0.005,1144,1,1.0601028612,90,1
30,0.005,1145,1,1.1096317551,90,1
30,0.005,1146,1,1.0460506701,90,1
30,0.005,1147,1,0.0443911204,0,1
30,0.005,1148,1,0.0437914334,0,1
30,0.005,1149,1,1.1559569666,90,1
30,0.005,1150,1,1.1287243748,90,1
30,0.005,1151,1,0.8457078743,30,2
30,0.005,1152,1,0.0963883683,0,1
30,0.005,1153,1,1.2299513807,90,1
30,0.005,1154,1,0.9677213518,90,1
30,0.005,1155,1,0.0164568585,0,1
30,0.005,1156,1,1.0498757373,90,1
30,0.005,1157,1,1.0681285669,90,1
30,0.005,1158,1,0.8296882125,60,2
30,0.005,1159,1,0.1368070941,0,1
30,0.005,1160,1,1.0524365891,90,1
30,0.005,1161,1,1.0142697853,90,1
30,0.005,1162,1,0.8465371760,60,2
30,0.005,1163,1,1.1414558923,90,1
30,0.005,1164,1,1.2206038626,90,1
30,0.005,1165,1,1.0087437484,90,1
30,0.005,1166,1,1.1331887928,90,1
30,0.005,1167,1,0.7350074576,30,2
30,0.005,1168,1,0.5511770433,30,2
30,0.005,1169,1,0.8838131136,60,2
30,0.005,1170,1,1.1357808579,90,1
30,0.005,1171,1,1.0631424264,90,1
30,0.005,1172,1,0.0560379345,0,1
30,0.005,1173,1,1.0576380672,90,1
30,0.005,1174,1,0.8946557034,60,2
30,0.005,1175,1,1.1086029097,90,1
30,0.005,1176,1,0.8354956303,60,2
30,0.005,1177,1,1.0978601993,90,1
30,0.005,1178,1,1.0069358764,90,1
30,0.005,1179,1,0.7789510481,60,2
30,0.005,1180,1,1.0443567897,90,1
30,0.005,1181,1,0.0638331065,0,1
30,0.005,1182,1,1.0075143857,90,1
30,0.005,1183,1,1.0509388267,90,1
30,0.005,1184,1,1.0126438938,90,1
30,0.005,1185,1,0.1522095374,0,1
30,0.005,1186,1,0.3426277663,0,1
30,0.005,1187,1,0.8488826582,60,2
30,0.005,1188,1,0.9818598850,60,2
30,0.005,1189,1,0.9774415059,60,2
30,0.005,1190,1,1.1047501091,90,1
30,0.005,1191,1,0.8872662976,60,2
30,0.005,1192,1,0.0841923270,0,1
30,0.005,1193,1,0.3432299130,0,1
30,0.005,1194,1,1.0178503349,90,1
30,0.005,1195,1,0.3563415265,0,1
30,0.005,1196,1,1.1433119279,90,1
30,0.005,1197,1,0.9664346469,90,1
30,0.005,1198,1,1.1015939863,90,1
30,0.005,1199,1,0.9450026939,90,1
40,0.005,1000,1,1.0935286831,80,1
40,0.005,1001,1,0.0509765010,0,1
40,0.005,1002,1,0.2685951752,0,1
40,0.005,1003,1,0.0364256122,0,1
40,0.005,1004,1,1.1788948887,80,1
40,0.005,1005,1,1.1287396082,80,1
40,0.005,1006,1,0.9658334932,80,1
40,0.005,1007,1,0.9924827207,80,1
40,0.005,1008,1,1.1678367844,80,1
40,0.005,1009,1,0.0937160864,0,1
40,0.005,1010,0,0.0055421467,0,1
40,0.005,1011,1,0.9587799756,80,1
40,0.005,1012,1,1.0227307266,80,1
40,0.005,1013,1,1.0957821610,80,1
40,0.005,1014,1,0.3809156224,0,1
40,0.005,1015,1,1.1517945204,80,1
40,0.005,1016,1,0.9994345002,80,1
40,0.005,1017,1,1.1087457909,80,1
40,0.005,1018,1,0.0681040881,0,1
40,0.005,1019,1,1.1000715929,80,1
40,0.005,1020,1,1.0434013108,40,2
40,0.005,1021,1,0.9685116923,80,1
40,0.005,1022,1,1.2169466572,80,1
40,0.005,1023,1,0.2113115309,0,1
40,0.005,1024,1,0.9489567762,80,1
40,0.005,1025,1,0.9982329886,40,2
40,0.005,1026,1,1.1294496427,80,1
40,0.005,1027,1,1.1356087917,80,1
40,0.005,1028,1,1.0877076138,80,1
40,0.005,1029,1,0.2225101475,0,1
40,0.005,1030,1,1.0160105584,80,1
40,0.005,1031,1,0.0393008077,0,1
40,0.005,1032,1,1.1450737861,80,1
40,0.005,1033,1,0.9587645266,80,1
40,0.005,1034,1,1.0030126150,80,1
40,0.005,1035,1,1.1099160351,80,1
40,0.005,1036,1,1.0810592350,80,1
40,0.005,1037,1,1.1240348423,80,1
40,0.005,1038,1,0.0758862962,0,1
40,0.005,1039,1,0.1874927727,0,1
40,0.005,1040,1,1.1062946581,80,1
40,0.005,1041,1,0.7203284731,40,2
40,0.005,1042,1,1.1434554905,80,1
40,0.005,1043,1,0.9075354050,80,1
40,0.005,1044,1,0.0257078717,0,1
40,0.005,1045,1,0.9694870855,80,1
40,0.005,1046,0,0.0097339994,0,1
40,0.005,1047,1,0.7136733794,40,2
40,0.005,1048,1,1.1166878100,80,1
40,0.005,1049,1,1.0464235228,80,1
40,0.005,1050,1,1.1121182035,80,1
40,0.005,1051,1,1.1101339805,80,1
40,0.005,1052,1,1.0648780011,80,1
40,0.005,1053,1,0.9645861160,80,1
40,0.005,1054,1,1.0911459433,80,1
40,0.005,1055,1,1.1267590746,80,1
40,0.005,1056,1,1.2206614324,80,1
40,0.005,1057,1,0.0897951520,0,1
40,0.005,1058,1,0.9884100980,80,1
40,0.005,1059,1,1.0960473458,80,1
40,0.005,1060,1,1.0470679840,80,1
40,0.005,1061,1,0.9859566829,80,1
40,0.005,1062,1,0.8157161485,40,2
40,0.005,1063,1,1.0992406116,80,1
40,0.005,1064,1,0.8967503279,40,2
40,0.005,1065,1,0.9037360144,80,1
40,0.005,1066,1,0.2297052147,0,1
40,0.005,1067,1,0.0972295700,0,1
40,0.005,1068,1,0.4130805960,0,1
40,0.005,1069,1,0.1146837343,0,1
40,0.005,1070,1,1.0455439316,80,1
40,0.005,1071,1,0.0675596909,0,1
40,0.005,1072,1,1.0520478986,80,1
40,0.005,1073,1,0.4402712415,0,1
40,0.005,1074,1,0.9587766014,80,1
40,0.005,1075,1,0.0989267359,0,1
40,0.005,1076,1,0.2208248373,0,1
40,0.005,1077,1,0.9799670898,80,1
40,0.005,1078,1,0.1907467784,0,1
40,0.005,1079,1,1.1253943289,80,1
40,0.005,1080,0,0.0053520385,0,1
40,0.005,1081,1,1.0276857046,80,1
40,0.005,1082,1,1.1043666171,80,1
40,0.005,1083,1,0.0368638168,0,1
40,0.005,1084,1,1.0677079508,80,1
40,0.005,1085,1,1.0666653612,80,1
40,0.005,1086,1,1.0626477170,80,1
40,0.005,1087,1,0.0115532705,0,1
40,0.005,1088,1,1.0407445942,80,1
40,0.005,1089,1,1.0753889535,80,1
40,0.005,1090,1,0.2357157866,0,1
40,0.005,1091,1,0.0800453323,0,1
40,0.005,1092,1,0.4483504808,0,1
40,0.005,1093,1,1.0869266115,80,1
40,0.005,1094,1,0.1591408817,0,1
40,0.005,1095,1,0.4472436867,0,1
40,0.005,1096,1,0.2521752404,0,1
40,0.005,1097,1,0.9780665805,80,1
40,0.005,1098,1,0.4392401652,0,1
40,0.005,1099,1,1.0785027376,80,1
40,0.005,1100,0,0.0057721232,0,1
40,0.005,1101,1,1.1848431316,80,1
40,0.005,1102,1,0.9082190438,80,1
40,0.005,1103,1,1.0505044381,80,1
40,0.005,1104,1,1.1706188764,80,1
40,0.005,1105,1,0.9354670769,80,1
40,0.005,1106,1,1.0752206475,80,1
40,0.005,1107,1,1.0874226887,80,1
40,0.005,1108,1,1.0848236205,80,1
40,0.005,1109,1,0.1640423082,0,1
40,0.005,1110,1,1.0448512516,80,1
40,0.005,1111,1,1.0629586014,80,1
40,0.005,1112,1,0.7455822401,40,2
40,0.005,1113,1,1.2028632249,80,1
40,0.005,1114,1,0.2162637361,0,1
40,0.005,1115,1,0.2064545701,0,1
40,0.005,1116,1,0.0991953360,0,1
40,0.005,1117,1,0.9632235983,80,1
40,0.005,1118,1,1.1044823669,80,1
40,0.005,1119,1,0.9915245563,40,2
40,0.005,1120,1,0.9312339970,80,1
40,0.005,1121,0,0.0059728006,0,1
40,0.005,1122,1,0.0780517857,0,1
40,0.005,1123,1,1.1403356552,80,1
40,0.005,1124,1,0.0794351102,0,1
40,0.005,1125,1,1.1206213576,80,1
40,0.005,1126,1,0.1224061693,0,1
40,0.005,1127,1,1.0133844086,80,1
40,0.005,1128,1,0.7671949461,40,2
40,0.005,1129,1,0.9489512594,80,1
40,0.005,1130,1,1.1278625095,80,1
40,0.005,1131,1,0.9779553276,80,1
40,0.005,1132,1,1.1510029125,80,1
40,0.005,1133,1,0.0816574345,0,1
40,0.005,1134,1,0.9534089633,80,1
40,0.005,1135,1,0.9451164542,80,1
40,0.005,1136,1,1.0927011466,80,1
40,0.005,1137,1,0.4089188652,0,1
40,0.005,1138,1,0.4662702290,0,1
40,0.005,1139,1,0.9873049672,80,1
40,0.005,1140,1,1.0030764784,80,1
40,0.005,1141,1,0.1386123761,0,1
40,0.005,1142,1,0.0684146017,0,1
40,0.005,1143,1,1.0658521270,80,1
40,0.005,1144,1,1.0048545266,80,1
40,0.005,1145,1,1.0930397588,80,1
40,0.005,1146,1,0.9941366260,80,1
40,0.005,1147,1,0.0687964547,0,1
40,0.005,1148,1,0.0610197701,0,1
40,0.005,1149,1,1.1447317887,80,1
40,0.005,1150,1,1.0738880759,80,1
40,0.005,1151,1,0.0322611909,0,1
40,0.005,1152,1,0.1547769481,0,1
40,0.005,1153,1,1.2135398937,80,1
40,0.005,1154,1,0.9262947428,80,1
40,0.005,1155,1,0.0398411770,0,1
40,0.005,1156,1,1.0242154373,80,1
40,0.005,1157,1,1.0270232789,80,1
40,0.005,1158,1,0.7198415328,40,2
40,0.005,1159,1,0.1756246990,0,1
40,0.005,1160,1,1.0359606226,80,1
40,0.005,1161,1,0.9865970063,80,1
40,0.005,1162,1,0.7347785813,40,2
40,0.005,1163,1,1.0925387711,80,1
40,0.005,1164,1,1.1827880166,80,1
40,0.005,1165,1,0.9873671154,80,1
40,0.005,1166,1,1.0836968910,80,1
40,0.005,1167,1,0.0254363347,0,1
40,0.005,1168,1,0.0587195570,0,1
40,0.005,1169,1,0.7479502244,40,2
40,0.005,1170,1,1.1202035493,80,1
40,0.005,1171,1,1.0381708432,80,1
40,0.005,1172,1,0.0842588918,0,1
40,0.005,1173,1,1.0476546883,80,1
40,0.005,1174,0,0.0076600985,0,1
40,0.005,1175,1,1.0649400510,80,1
40,0.005,1176,1,0.6724409199,40,2
40,0.005,1177,1,1.0681986877,80,1
40,0.005,1178,1,0.9667238471,80,1
40,0.005,1179,1,0.5983103393,40,2
40,0.005,1180,1,0.9937111160,80,1
40,0.005,1181,1,0.1119194271,0,1
40,0.005,1182,1,0.9756640030,80,1
40,0.005,1183,1,1.0319862655,80,1
40,0.005,1184,1,0.9778853124,80,1
40,0.005,1185,1,0.1977248067,0,1
40,0.005,1186,1,0.4405189323,0,1
40,0.005,1187,1,0.6651430348,40,2
40,0.005,1188,1,0.8392481319,40,2
40,0.005,1189,0,0.0057728775,0,1
40,0.005,1190,1,1.0790363898,80,1
40,0.005,1191,1,0.7213726586,40,2
40,0.005,1192,1,0.1334689371,0,1
40,0.005,1193,1,0.4398553704,0,1
40,0.005,1194,1,0.9721735790,80,1
40,0.005,1195,1,0.4600517506,0,1
40,0.005,1196,1,1.1041449113,80,1
40,0.005,1197,1,0.9282727146,80,1
40,0.005,1198,1,1.0924214266,80,1
40,0.005,1199,1,0.9154363100,80,1
60,0.005,1000,1,1.0609628933,60,1
60,0.005,1001,1,0.0873580888,0,1
60,0.005,1002,1,0.3908240302,0,1
60,0.005,1003,1,0.0931489352,0,1
60,0.005,1004,1,1.1258207527,60,1
60,0.005,1005,1,1.0578799623,60,1
60,0.005,1006,1,0.8573457348,60,1
60,0.005,1007,1,0.8760125753,60,1
60,0.005,1008,1,1.1236779041,60,1
60,0.005,1009,1,0.1574861497,0,1
60,0.005,1010,1,0.0117577029,0,1
60,0.005,1011,1,0.8667532092,60,1
60,0.005,1012,1,0.9412530422,60,1
60,0.005,1013,1,1.0659872780,60,1
60,0.005,1014,1,0.5494897892,0,1
60,0.005,1015,1,1.0951323960,60,1
60,0.005,1016,1,0.8714282944,60,1
60,0.005,1017,1,1.0373664915,60,1
60,0.005,1018,1,0.0980344352,0,1
60,0.005,1019,1,1.0143265858,60,1
60,0.005,1020,0,0.0000000000,0,1
60,0.005,1021,1,0.8689050292,60,1
60,0.005,1022,1,1.1553298934,60,1
60,0.005,1023,1,0.3282464338,0,1
60,0.005,1024,1,0.8415702633,60,1
60,0.005,1025,0,0.0000000000,0,1
60,0.005,1026,1,1.0171396808,60,1
60,0.005,1027,1,1.0061966013,60,1
60,0.005,1028,1,1.0351817015,60,1
60,0.005,1029,1,0.2951513701,0,1
60,0.005,1030,1,0.9654516761,60,1
60,0.005,1031,1,0.0942303122,0,1
60,0.005,1032,1,1.0791850912,60,1
60,0.005,1033,1,0.9245371206,60,1
60,0.005,1034,1,0.9126687070,60,1
60,0.005,1035,1,1.0327386553,60,1
60,0.005,1036,1,0.9572189841,60,1
60,0.005,1037,1,0.9800779325,60,1
60,0.005,1038,1,0.1254217503,0,1
60,0.005,1039,1,0.2502132441,0,1
60,0.005,1040,1,1.0261928484,60,1
60,0.005,1041,1,0.0164407317,0,1
60,0.005,1042,1,1.1235447751,60,1
60,0.005,1043,1,0.8034022410,60,1
60,0.005,1044,1,0.0584994648,0,1
60,0.005,1045,1,0.8398947587,60,1
60,0.005,1046,1,0.0288260133,0,1
60,0.005,1047,0,0.0011625111,0,1
60,0.005,1048,1,1.0894065628,60,1
60,0.005,1049,1,0.9915829557,60,1
60,0.005,1050,1,1.0263814070,60,1
60,0.005,1051,1,1.0750981376,60,1
60,0.005,1052,1,1.0379950994,60,1
60,0.005,1053,1,0.8614614777,60,1
60,0.005,1054,1,0.9381325339,60,1
60,0.005,1055,1,1.0421407583,60,1
60,0.005,1056,1,1.1779812606,60,1
60,0.005,1057,1,0.1526022250,0,1
60,0.005,1058,1,0.8706331985,60,1
60,0.005,1059,1,0.9798728269,60,1
60,0.005,1060,1,0.9730660004,60,1
60,0.005,1061,1,0.8396855597,60,1
60,0.005,1062,0,0.0000000000,0,1
60,0.005,1063,1,0.9468772956,60,1
60,0.005,1064,0,0.0000000000,0,1
60,0.005,1065,1,0.7993392209,60,1
60,0.005,1066,1,0.3139822249,0,1
60,0.005,1067,1,0.1651353802,0,1
60,0.005,1068,1,0.5914545134,0,1
60,0.005,1069,1,0.1891919428,0,1
60,0.005,1070,1,1.0162536138,60,1
60,0.005,1071,1,0.0991962409,0,1
60,0.005,1072,1,1.0124195909,60,1
60,0.005,1073,1,0.5807910899,0,1
60,0.005,1074,1,0.8605225545,60,1
60,0.005,1075,1,0.1648760574,0,1
60,0.005,1076,1,0.2917521902,0,1
60,0.005,1077,1,0.9241007034,60,1
60,0.005,1078,1,0.3249721573,0,1
60,0.005,1079,1,1.0711935237,60,1
60,0.005,1080,1,0.0109531109,0,1
60,0.005,1081,1,0.9292901189,60,1
60,0.005,1082,1,0.9753191152,60,1
60,0.005,1083,1,0.0871824972,0,1
60,0.005,1084,1,0.9969990709,60,1
60,0.005,1085,1,0.9883396911,60,1
60,0.005,1086,1,0.9762903309,60,1
60,0.005,1087,1,0.0254665457,0,1
60,0.005,1088,1,0.9701850071,60,1
60,0.005,1089,1,1.0003274576,60,1
60,0.005,1090,1,0.3110546774,0,1
60,0.005,1091,1,0.1339671661,0,1
60,0.005,1092,1,0.5992579859,0,1
60,0.005,1093,1,0.9781585558,60,1
60,0.005,1094,1,0.2578495378,0,1
60,0.005,1095,1,0.5933231923,0,1
60,0.005,1096,1,0.3691454173,0,1
60,0.005,1097,1,0.8994336338,60,1
60,0.005,1098,1,0.5792600466,0,1
60,0.005,1099,1,1.0347046967,60,1
60,0.005,1100,1,0.0187612460,0,1
60,0.005,1101,1,1.1071827195,60,1
60,0.005,1102,1,0.8110887705,60,1
60,0.005,1103,1,0.9662531021,60,1
60,0.005,1104,1,1.1049554038,60,1
60,0.005,1105,1,0.8538909794,60,1
60,0.005,1106,1,1.0260395496,60,1
60,0.005,1107,1,1.0281314446,60,1
60,0.005,1108,1,0.9631692218,60,1
60,0.005,1109,1,0.2662889094,0,1
60,0.005,1110,1,0.9466025912,60,1
60,0.005,1111,1,0.9555873532,60,1
60,0.005,1112,0,0.0082431497,0,1
60,0.005,1113,1,1.1791414923,60,1
60,0.005,1114,1,0.2912996939,0,1
60,0.005,1115,1,0.2740257447,0,1
60,0.005,1116,1,0.1679229422,0,1
60,0.005,1117,1,0.8773594473,60,1
60,0.005,1118,1,0.9688742529,60,1
60,0.005,1119,0,0.0025737494,0,1
60,0.005,1120,1,0.8244658973,60,1
60,0.005,1121,1,0.0219250183,0,1
60,0.005,1122,1,0.1324580078,0,1
60,0.005,1123,1,1.0668641157,60,1
60,0.005,1124,1,0.1179598450,0,1
60,0.005,1125,1,1.0072250725,60,1
60,0.005,1126,1,0.2252767023,0,1
60,0.005,1127,1,0.9443671058,60,1
60,0.005,1128,0,0.0000000000,0,1
60,0.005,1129,1,0.8313052156,60,1
60,0.005,1130,1,1.0692772965,60,1
60,0.005,1131,1,0.8400463418,60,1
60,0.005,1132,1,1.0939150177,60,1
60,0.005,1133,1,0.1496140958,0,1
60,0.005,1134,1,0.8571801258,60,1
60,0.005,1135,1,0.8187020186,60,1
60,0.005,1136,1,0.9775370511,60,1
60,0.005,1137,1,0.5870468688,0,1
60,0.005,1138,1,0.6250571054,0,1
60,0.005,1139,1,0.9324032599,60,1
60,0.005,1140,1,0.8836285257,60,1
60,0.005,1141,1,0.2294114651,0,1
60,0.005,1142,1,0.0947333921,0,1
60,0.005,1143,1,0.9196269802,60,1
60,0.005,1144,1,0.8617943805,60,1
60,0.005,1145,1,1.0445056078,60,1
60,0.005,1146,1,0.8632359680,60,1
60,0.005,1147,1,0.1219676452,0,1
60,0.005,1148,1,0.0885238156,0,1
60,0.005,1149,1,1.1086259317,60,1
60,0.005,1150,1,0.9347384329,60,1
60,0.005,1151,1,0.0779660326,0,1
60,0.005,1152,1,0.2623051592,0,1
60,0.005,1153,1,1.1607241700,60,1
60,0.005,1154,1,0.8151328092,60,1
60,0.005,1155,1,0.0929427678,0,1
60,0.005,1156,1,0.9563228990,60,1
60,0.005,1157,1,0.9224578786,60,1
60,0.005,1158,0,0.0076695571,0,1
60,0.005,1159,1,0.2335214224,0,1
60,0.005,1160,1,0.9867589725,60,1
60,0.005,1161,1,0.9075383310,60,1
60,0.005,1162,1,0.0131080040,0,1
60,0.005,1163,1,0.9649954570,60,1
60,0.005,1164,1,1.0783949288,60,1
60,0.005,1165,1,0.9314995681,60,1
60,0.005,1166,1,0.9601895567,60,1
60,0.005,1167,1,0.0647983701,0,1
60,0.005,1168,1,0.0983725512,0,1
60,0.005,1169,0,0.0000000000,0,1
60,0.005,1170,1,1.0750058825,60,1
60,0.005,1171,1,0.9678545215,60,1
60,0.005,1172,1,0.1347947856,0,1
60,0.005,1173,1,1.0204788682,60,1
60,0.005,1174,1,0.0202733425,0,1
60,0.005,1175,1,0.9503082494,60,1
60,0.005,1176,1,0.0125463653,0,1
60,0.005,1177,1,0.9880570427,60,1
60,0.005,1178,1,0.8646850882,60,1
60,0.005,1179,0,0.0000000000,0,1
60,0.005,1180,1,0.8663794787,60,1
60,0.005,1181,1,0.2075777732,0,1
60,0.005,1182,1,0.8866356289,60,1
60,0.005,1183,1,0.9767295987,60,1
60,0.005,1184,1,0.8853596412,60,1
60,0.005,1185,1,0.2659716083,0,1
60,0.005,1186,1,0.5880942606,0,1
60,0.005,1187,0,0.0000000000,0,1
60,0.005,1188,0,0.0000000000,0,1
60,0.005,1189,1,0.0161848806,0,1
60,0.005,1190,1,1.0037166165,60,1
60,0.005,1191,0,0.0000000000,0,1
60,0.005,1192,1,0.2207406153,0,1
60,0.005,1193,1,0.5819999295,0,1
60,0.005,1194,1,0.8512662457,60,1
60,0.005,1195,1,0.6151146346,0,1
60,0.005,1196,1,0.9965595018,60,1
60,0.005,1197,1,0.8287240695,60,1
60,0.005,1198,1,1.0634746606,60,1
60,0.005,1199,1,0.8358577343,60,1
1,0.01,1000,1,1.1068639368,112,11
1,0.01,1001,1,0.9908089478,112,11
1,0.01,1002,1,0.6321987952,16,10
1,0.01,1003,1,1.1119535724,111,13
1,0.01,1004,1,0.9409668942,36,13
1,0.01,1005,1,1.1845819513,111,13
1,0.01,1006,1,1.0409539959,93,11
1,0.01,1007,1,1.0720158053,90,11
1,0.01,1008,1,0.7733613622,45,13
1,0.01,1009,1,1.1636770963,112,11
1,0.01,1010,1,1.1751432937,111,13
1,0.01,1011,1,0.9954757724,95,8
1,0.01,1012,1,0.8136758275,54,14
1,0.01,1013,1,1.1057104630,110,14
1,0.01,1014,1,1.0568454146,113,10
1,0.01,1015,1,1.1877405227,112,11
1,0.01,1016,1,1.1267107735,114,8
1,0.01,1017,1,1.0976883221,83,13
1,0.01,1018,1,1.1982218082,112,11
1,0.01,1019,1,1.1750470398,113,10
1,0.01,1020,1,1.2037090205,111,13
1,0.01,1021,1,1.0419932972,95,11
1,0.01,1022,1,1.2562742832,113,10
1,0.01,1023,1,1.1523831093,96,10
1,0.01,1024,1,0.8914360512,75,14
1,0.01,1025,1,1.1008312033,112,11
1,0.01,1026,1,0.1085349739,5,15
1,0.01,1027,1,0.9447577146,56,10
1,0.01,1028,1,1.1265882899,109,16
1,0.01,1029,1,1.1460179969,114,8
1,0.01,1030,1,1.0136339465,87,8
1,0.01,1031,1,0.1494553677,5,14
1,0.01,1032,1,1.1817072552,111,13
1,0.01,1033,1,0.9833224536,112,11
1,0.01,1034,1,0.3841076894,4,13
1,0.01,1035,1,0.5557030050,25,11
1,0.01,1036,1,1.1990870234,112,11
1,0.01,1037,1,0.1934034358,10,10
1,0.01,1038,1,1.0840491610,92,13
1,0.01,1039,1,0.3309022880,5,16
1,0.01,1040,1,1.1744182879,113,10
1,0.01,1041,1,1.0855284432,108,17
1,0.01,1042,1,0.0835135317,4,12
1,0.01,1043,1,0.0794389796,5,16
1,0.01,1044,1,0.1807571116,5,15
1,0.01,1045,1,1.0976810438,112,11
1,0.01,1046,1,1.1920059913,114,8
1,0.01,1047,1,0.1611715791,15,19
1,0.01,1048,1,1.1289144443,113,10
1,0.01,1049,1,0.8823088980,45,13
1,0.01,1050,1,1.1857201147,111,13
1,0.01,1051,1,1.1368698996,113,10
1,0.01,1052,1,1.0872400509,113,10
1,0.01,1053,1,1.0772313301,114,8
1,0.01,1054,1,0.7488004888,3,10
1,0.01,1055,1,1.1199412891,94,11
1,0.01,1056,1,1.2556296178,113,10
1,0.01,1057,1,1.0803353414,111,13
1,0.01,1058,1,1.1068596587,113,10
1,0.01,1059,1,0.1878097445,6,14
1,0.01,1060,1,0.7629708137,3,10
1,0.01,1061,1,0.2501036152,14,14
1,0.01,1062,1,1.1255601565,96,11
1,0.01,1063,1,1.2536228242,114,8
1,0.01,1064,1,1.0926422460,111,13
1,0.01,1065,1,0.3765005481,22,10
1,0.01,1066,1,1.0805996500,114,8
1,0.01,1067,1,1.2705864059,110,14
1,0.01,1068,1,0.7671632439,3,10
1,0.01,1069,1,1.0269416935,89,10
1,0.01,1070,1,1.0572724551,112,11
1,0.01,1071,1,1.2922835715,111,13
1,0.01,1072,1,1.0703780487,111,13
1,0.01,1073,1,0.6730839165,32,11
1,0.01,1074,1,1.0530388051,110,14
1,0.01,1075,1,1.1939496518,109,16
1,0.01,1076,1,0.3182634181,5,14
1,0.01,1077,1,1.0303645517,114,8
1,0.01,1078,1,1.2220331283,110,14
1,0.01,1079,1,1.1564652822,112,11
1,0.01,1080,1,0.0446057509,8,23
1,0.01,1081,1,0.8862160933,59,13
1,0.01,1082,1,1.2285364821,110,14
1,0.01,1083,1,1.2187524669,113,10
1,0.01,1084,1,1.1150452444,109,16
1,0.01,1085,1,1.0993998935,96,10
1,0.01,1086,1,0.8622756866,49,16
1,0.01,1087,1,1.2593046717,108,17
1,0.01,1088,1,1.0805910607,107,19
1,0.01,1089,1,1.1083210515,97,11
1,0.01,1090,1,1.0389663627,91,10
1,0.01,1091,1,0.9688289837,64,13
1,0.01,1092,1,0.1267523975,6,13
1,0.01,1093,1,1.1121856612,73,11
1,0.01,1094,1,1.1301439839,109,16
1,0.01,1095,1,1.0683358116,101,10
1,0.01,1096,1,1.1759735469,113,10
1,0.01,1097,1,0.5131280178,23,10
1,0.01,1098,1,1.1341989530,99,10
1,0.01,1099,1,1.0326615191,87,8
1,0.01,1100,1,0.7896076506,57,14
1,0.01,1101,1,1.2529978000,113,10
1,0.01,1102,1,0.9511631259,93,11
1,0.01,1103,1,1.1204233400,111,13
1,0.01,1104,1,1.2305298289,112,11
1,0.01,1105,1,0.0878448975,5,13
1,0.01,1106,1,1.1143745409,113,10
1,0.01,1107,1,1.0747531519,93,11
1,0.01,1108,1,1.1103712635,86,11
1,0.01,1109,1,0.0650658371,6,18
1,0.01,1110,1,1.0919409306,96,11
1,0.01,1111,1,1.1609381844,93,11
1,0.01,1112,1,0.0650410169,6,18
1,0.01,1113,1,1.2073207047,112,11
1,0.01,1114,1,1.1099265885,113,10
1,0.01,1115,1,0.7328446057,46,13
1,0.01,1116,1,1.1093733572,112,11
1,0.01,1117,1,0.9818559570,88,11
1,0.01,1118,1,1.1754039625,94,11
1,0.01,1119,1,1.2437409444,113,10
1,0.01,1120,1,1.0338230350,112,11
1,0.01,1121,1,1.0073574977,91,13
1,0.01,1122,1,1.0185947425,78,16
1,0.01,1123,1,1.0621454695,78,11
1,0.01,1124,1,1.0221707491,109,16
1,0.01,1125,1,0.2261942069,4,13
1,0.01,1126,1,1.0955209943,109,16
1,0.01,1127,1,1.0727075250,114,8
1,0.01,1128,1,1.0634424126,97,11
1,0.01,1129,1,1.0535169832,108,17
1,0.01,1130,1,1.1723702788,113,10
1,0.01,1131,1,0.6198567457,41,13
1,0.01,1132,1,1.1767000531,97,10
1,0.01,1133,1,1.1228900642,109,16
1,0.01,1134,1,1.0592972486,114,8
1,0.01,1135,1,0.0418132143,7,21
1,0.01,1136,1,0.5183926130,21,16
1,0.01,1137,1,0.0840288215,4,12
1,0.01,1138,1,0.6894783352,15,10
1,0.01,1139,1,1.0415736979,112,11
1,0.01,1140,1,1.1110732835,111,13
1,0.01,1141,1,0.2814059611,4,12
1,0.01,1142,1,1.0930009004,89,10
1,0.01,1143,1,0.1425062881,5,15
1,0.01,1144,1,0.1095960816,5,15
1,0.01,1145,1,1.1213114304,112,11
1,0.01,1146,1,1.1151929514,110,14
1,0.01,1147,1,0.9913334691,93,11
1,0.01,1148,1,1.1458334190,108,17
1,0.01,1149,1,0.0847382199,3,9
1,0.01,1150,1,1.2133640836,112,11
1,0.01,1151,1,1.1794245836,103,10
1,0.01,1152,1,1.0617679895,89,14
1,0.01,1153,1,1.2472861027,113,10
1,0.01,1154,1,1.0094079580,107,19
1,0.01,1155,1,1.2028060234,109,16
1,0.01,1156,1,0.7870790610,46,14
1,0.01,1157,1,1.0272808358,85,13
1,0.01,1158,1,0.9879102900,108,17
1,0.01,1159,1,1.1952947950,114,8
1,0.01,1160,1,1.0652362395,112,11
1,0.01,1161,1,1.0510507750,111,13
1,0.01,1162,1,0.9912390586,108,17
1,0.01,1163,1,1.1064832506,87,13
1,0.01,1164,1,0.1608632062,4,13
1,0.01,1165,1,0.8013667394,33,10
1,0.01,1166,1,1.1978953744,109,16
1,0.01,1167,1,1.1397955149,112,11
1,0.01,1168,1,0.0631317275,7,20
1,0.01,1169,1,0.0503794637,6,18
1,0.01,1170,1,1.1484420981,113,10
1,0.01,1171,1,1.0921122397,113,10
1,0.01,1172,1,0.2245248099,5,15
1,0.01,1173,1,1.0730935434,112,11
1,0.01,1174,1,0.6780101062,44,17
1,0.01,1175,1,0.8024774273,4,13
1,0.01,1176,1,0.8785426836,38,10
1,0.01,1177,1,1.1273328453,108,17
1,0.01,1178,1,0.0549591933,7,20
1,0.01,1179,1,0.9744724933,98,20
1,0.01,1180,1,1.0246644591,90,13
1,0.01,1181,1,1.1335358252,112,11
1,0.01,1182,1,0.5539373282,27,11
1,0.01,1183,1,1.0386378530,91,13
1,0.01,1184,1,0.0604122315,4,12
1,0.01,1185,1,0.0750164475,3,9
1,0.01,1186,1,1.1048065766,86,11
1,0.01,1187,1,0.6138386646,38,16
1,0.01,1188,1,1.1669803532,107,19
1,0.01,1189,1,1.1150146512,114,8
1,0.01,1190,1,1.0887220123,89,11
1,0.01,1191,1,0.0552370407,5,15
1,0.01,1192,1,1.0620018767,112,11
1,0.01,1193,1,1.0981186864,83,10
1,0.01,1194,1,0.1997152965,5,15
1,0.01,1195,1,1.0932888208,87,10
1,0.01,1196,1,1.2015126881,112,11
1,0.01,1197,1,0.7392436673,61,16
1,0.01,1198,1,1.1077267418,113,10
1,0.01,1199,1,0.8854364970,85,13
2,0.01,1000,1,1.1070171025,112,5
2,0.01,1001,1,0.9913626643,112,5
2,0.01,1002,1,1.1253011076,114,4
2,0.01,1003,1,1.0417111829,84,7
2,0.01,1004,1,0.9006372628,32,7
2,0.01,1005,1,1.1916224826,114,4
2,0.01,1006,1,1.0476948483,96,5
2,0.01,1007,1,1.0797586629,92,5
2,0.01,1008,1,1.1947563177,114,4
2,0.01,1009,1,1.1651508589,112,5
2,0.01,1010,1,1.1722280437,110,7
2,0.01,1011,1,0.9659368642,86,5
2,0.01,1012,1,0.6571520717,38,8
2,0.01,1013,1,1.1095498370,112,5
2,0.01,1014,1,1.0287896809,94,7
2,0.01,1015,1,1.1880255503,112,5
2,0.01,1016,1,1.0035855766,64,5
2,0.01,1017,1,1.0875116040,80,7
2,0.01,1018,1,1.1985880672,112,5
2,0.01,1019,1,0.6766584248,28,7
2,0.01,1020,1,1.2004171696,110,7
2,0.01,1021,1,1.0630250177,112,5
2,0.01,1022,1,1.2581323634,114,4
2,0.01,1023,1,1.1623498888,114,4
2,0.01,1024,1,0.8495607214,68,8
2,0.01,1025,1,1.1010888590,112,5
2,0.01,1026,1,1.1580786649,92,7
2,0.01,1027,1,0.4903402184,22,7
2,0.01,1028,1,1.1293331691,110,7
2,0.01,1029,1,1.1448028012,112,5
2,0.01,1030,1,0.9996933412,80,5
2,0.01,1031,1,0.8294209493,50,7
2,0.01,1032,1,1.1872950119,114,4
2,0.01,1033,1,0.9835046485,112,5
2,0.01,1034,1,1.0575183291,96,5
2,0.01,1035,1,1.1234651282,98,5
2,0.01,1036,1,1.2006259077,112,5
2,0.01,1037,1,0.1262831759,4,6
2,0.01,1038,1,1.0734376184,90,7
2,0.01,1039,1,0.9234038012,82,8
2,0.01,1040,1,1.1759000178,114,4
2,0.01,1041,1,1.0870217876,108,8
2,0.01,1042,1,0.0712423475,4,6
2,0.01,1043,1,0.9552280983,86,8
2,0.01,1044,1,0.9494689338,86,7
2,0.01,1045,1,1.0992255164,112,5
2,0.01,1046,1,1.1331517835,94,5
2,0.01,1047,1,1.1878210643,114,4
2,0.01,1048,1,1.1300217402,114,4
2,0.01,1049,1,0.9204827806,52,7
2,0.01,1050,1,1.1834431439,110,7
2,0.01,1051,1,1.1383392492,114,4
2,0.01,1052,1,1.0898874766,114,4
2,0.01,1053,1,1.0370326686,88,5
2,0.01,1054,1,1.1358518999,84,5
2,0.01,1055,1,1.1338199016,96,5
2,0.01,1056,1,1.2584677195,114,4
2,0.01,1057,1,1.0858611611,114,4
2,0.01,1058,1,1.0327976669,86,7
2,0.01,1059,1,1.2034498991,112,5
2,0.01,1060,1,0.2140187149,4,6
2,0.01,1061,1,0.2096265667,6,8
2,0.01,1062,1,1.1708039079,112,5
2,0.01,1063,1,1.2243385260,96,5
2,0.01,1064,1,1.0897295178,110,7
2,0.01,1065,1,0.3115410460,4,6
2,0.01,1066,1,0.9542789487,36,5
2,0.01,1067,1,1.2302952357,90,8
2,0.01,1068,1,0.2041954532,4,6
2,0.01,1069,1,1.1138770380,114,4
2,0.01,1070,1,1.0573767726,112,5
2,0.01,1071,1,1.2888847709,110,7
2,0.01,1072,1,1.0752087349,114,4
2,0.01,1073,1,1.0128323823,88,5
2,0.01,1074,1,1.0481517083,108,8
2,0.01,1075,1,1.1980500334,110,7
2,0.01,1076,1,0.3046769742,6,8
2,0.01,1077,1,1.0147177757,96,5
2,0.01,1078,1,1.2148231808,108,8
2,0.01,1079,1,1.1565828295,112,5
2,0.01,1080,1,0.0924549482,8,11
2,0.01,1081,1,0.8658216424,56,7
2,0.01,1082,1,1.1778357838,96,8
2,0.01,1083,1,1.2192616237,114,4
2,0.01,1084,1,1.1192657930,110,7
2,0.01,1085,1,1.1371249494,114,4
2,0.01,1086,1,1.0768266366,90,7
2,0.01,1087,1,1.2612689805,108,8
2,0.01,1088,1,1.0922730956,110,7
2,0.01,1089,1,1.1430175472,112,5
2,0.01,1090,1,1.1104771452,114,4
2,0.01,1091,1,1.0825670477,80,7
2,0.01,1092,1,1.0300424148,88,7
2,0.01,1093,1,1.1549622091,96,5
2,0.01,1094,1,1.1336300958,110,7
2,0.01,1095,1,1.0282655021,82,7
2,0.01,1096,1,0.7368538324,38,7
2,0.01,1097,1,1.0440603638,114,4
2,0.01,1098,1,0.1639310488,4,6
2,0.01,1099,1,1.0052933392,80,5
2,0.01,1100,1,1.0746504883,112,5
2,0.01,1101,1,1.2547755399,114,4
2,0.01,1102,1,0.9575155485,94,5
2,0.01,1103,1,1.1184008951,110,7
2,0.01,1104,1,1.2313553127,112,5
2,0.01,1105,1,0.0930572995,4,6
2,0.01,1106,1,1.1156705526,114,4
2,0.01,1107,1,1.0821972618,94,5
2,0.01,1108,1,1.1214093590,88,5
2,0.01,1109,1,1.1268168138,90,7
2,0.01,1110,1,1.1353371998,112,5
2,0.01,1111,1,1.1639548599,94,5
2,0.01,1112,1,0.3635861952,22,10
2,0.01,1113,1,1.2074974725,112,5
2,0.01,1114,1,1.1125459646,114,4
2,0.01,1115,1,0.9684659830,88,7
2,0.01,1116,1,1.1109693885,112,5
2,0.01,1117,1,1.0084485726,96,5
2,0.01,1118,1,1.1862729344,96,5
2,0.01,1119,1,1.2455511103,114,4
2,0.01,1120,1,1.0352583598,112,5
2,0.01,1121,1,0.9928174783,88,7
2,0.01,1122,1,1.1729305901,110,7
2,0.01,1123,1,1.1911542440,112,5
2,0.01,1124,1,1.0263414892,110,7
2,0.01,1125,1,1.1733573663,96,5
2,0.01,1126,1,1.0991339864,110,7
2,0.01,1127,1,1.0285501593,94,5
2,0.01,1128,1,1.0705621536,96,5
2,0.01,1129,1,1.0551997103,108,8
2,0.01,1130,1,1.1750974498,114,4
2,0.01,1131,1,0.5854629821,38,7
2,0.01,1132,1,0.2613406756,8,7
2,0.01,1133,1,1.1269313253,110,7
2,0.01,1134,1,1.0154872907,86,5
2,0.01,1135,1,0.7429469231,58,11
2,0.01,1136,1,1.2008062017,110,7
2,0.01,1137,1,1.0360050929,92,5
2,0.01,1138,1,1.1938594808,114,4
2,0.01,1139,1,1.0424036260,112,5
2,0.01,1140,1,1.1079819249,110,7
2,0.01,1141,1,1.0994790233,114,4
2,0.01,1142,1,1.0234479770,76,7
2,0.01,1143,1,1.0883247313,88,7
2,0.01,1144,1,1.0392196153,90,7
2,0.01,1145,1,1.1214035932,112,5
2,0.01,1146,1,1.0216692942,86,8
2,0.01,1147,1,1.0532833319,112,5
2,0.01,1148,1,1.1475696130,108,8
2,0.01,1149,1,1.1648534801,114,4
2,0.01,1150,1,1.2150762185,112,5
2,0.01,1151,1,1.2162222237,114,4
2,0.01,1152,1,1.1565864900,112,5
2,0.01,1153,1,1.2478263864,114,4
2,0.01,1154,1,1.0193134346,110,7
2,0.01,1155,1,1.2063535517,110,7
2,0.01,1156,1,0.7508195003,42,8
2,0.01,1157,1,1.0129968496,82,7
2,0.01,1158,1,0.9894543516,108,8
2,0.01,1159,1,1.1326133509,92,5
2,0.01,1160,1,1.0654420868,112,5
2,0.01,1161,1,1.0488105701,110,7
2,0.01,1162,1,0.9925567932,108,8
2,0.01,1163,1,1.0792892830,82,7
2,0.01,1164,1,1.2773782891,112,5
2,0.01,1165,1,1.0382122156,114,4
2,0.01,1166,1,1.2014410463,110,7
2,0.01,1167,1,1.1401030354,112,5
2,0.01,1168,1,1.1088596449,114,4
2,0.01,1169,1,1.0504362060,112,5
2,0.01,1170,1,1.1506894751,114,4
2,0.01,1171,1,1.0946677149,114,4
2,0.01,1172,1,1.1710751726,112,5
2,0.01,1173,1,1.0737477277,112,5
2,0.01,1174,1,1.1715954836,112,5
2,0.01,1175,1,1.0848635181,82,5
2,0.01,1176,1,1.0665782684,114,4
2,0.01,1177,1,1.1284586871,108,8
2,0.01,1178,1,0.5864133501,42,10
2,0.01,1179,1,1.0191811446,108,8
2,0.01,1180,1,1.0246323314,90,7
2,0.01,1181,1,1.1341874344,112,5
2,0.01,1182,1,0.9729732473,86,5
2,0.01,1183,1,1.0283345879,86,7
2,0.01,1184,1,0.0537231180,6,7
2,0.01,1185,1,0.1058886178,4,6
2,0.01,1186,1,1.1221488194,88,5
2,0.01,1187,1,0.9962285000,86,7
2,0.01,1188,1,1.1808266881,110,7
2,0.01,1189,1,1.0868669815,96,5
2,0.01,1190,1,1.1415790130,112,5
2,0.01,1191,1,1.0994338439,112,5
2,0.01,1192,1,1.0622160049,112,5
2,0.01,1193,1,1.1880571844,114,4
2,0.01,1194,1,0.9611855121,82,7
2,0.01,1195,1,1.1523076771,114,4
2,0.01,1196,1,1.2028443966,112,5
2,0.01,1197,1,0.9285382617,90,7
2,0.01,1198,1,1.1099153173,114,4
2,0.01,1199,1,0.8785368421,84,7
3,0.01,1000,1,1.0976710674,108,5
3,0.01,1001,1,0.9816913251,108,5
3,0.01,1002,1,0.7740610562,24,4
3,0.01,1003,1,1.1131653508,111,4
3,0.01,1004,1,1.0821195719,57,4
3,0.01,1005,1,1.1857756067,111,4
3,0.01,1006,1,0.6231945074,21,5
3,0.01,1007,1,1.1175541315,114,2
3,0.01,1008,1,1.0847438509,84,4
3,0.01,1009,1,1.1704502908,114,2
3,0.01,1010,1,1.1743861267,111,4
3,0.01,1011,1,0.4193093543,3,4
3,0.01,1012,1,0.9239054057,69,5
3,0.01,1013,1,1.1021208668,108,5
3,0.01,1014,1,1.0519711171,111,4
3,0.01,1015,1,1.1812274710,108,5
3,0.01,1016,1,1.1289301341,114,2
3,0.01,1017,1,1.1134040956,87,4
3,0.01,1018,1,1.1914231069,108,5
3,0.01,1019,1,0.9083716195,48,4
3,0.01,1020,1,1.2027465986,111,4
3,0.01,1021,1,1.0678318615,114,2
3,0.01,1022,1,1.2544389868,111,4
3,0.01,1023,1,1.1422376340,87,4
3,0.01,1024,1,0.9454503035,84,5
3,0.01,1025,1,1.1029436720,114,2
3,0.01,1026,1,1.2181716694,111,4
3,0.01,1027,1,0.8394931404,45,4
3,0.01,1028,1,1.1319280163,111,4
3,0.01,1029,1,1.1472742348,114,2
3,0.01,1030,1,1.0493980790,114,2
3,0.01,1031,1,1.1099719301,111,4
3,0.01,1032,1,1.1835152708,111,4
3,0.01,1033,1,0.9840100425,114,2
3,0.01,1034,1,1.0020517471,81,5
3,0.01,1035,1,0.2330627696,6,5
3,0.01,1036,1,1.2053619693,114,2
3,0.01,1037,1,0.0914344896,3,3
3,0.01,1038,1,1.0938289237,96,4
3,0.01,1039,1,0.9405044739,84,5
3,0.01,1040,1,1.1715839940,111,4
3,0.01,1041,1,1.0886984767,108,5
3,0.01,1042,1,0.9578450862,75,5
3,0.01,1043,1,0.9699200967,90,5
3,0.01,1044,1,1.0572407883,111,4
3,0.01,1045,1,1.1043497570,114,2
3,0.01,1046,1,1.1943503368,114,2
3,0.01,1047,1,1.0726182100,87,4
3,0.01,1048,1,1.1277542848,111,4
3,0.01,1049,1,1.0876317776,111,4
3,0.01,1050,1,1.1854315605,111,4
3,0.01,1051,1,1.1131416309,90,4
3,0.01,1052,1,1.0659156547,90,4
3,0.01,1053,1,1.0795217164,114,2
3,0.01,1054,1,0.4575065580,21,5
3,0.01,1055,1,0.7411321151,42,5
3,0.01,1056,1,1.2204045489,87,4
3,0.01,1057,1,1.0820143628,111,4
3,0.01,1058,1,1.0628120529,96,4
3,0.01,1059,1,0.1721568117,6,5
3,0.01,1060,1,1.1079484951,114,2
3,0.01,1061,1,0.5827576714,27,5
3,0.01,1062,1,1.0930916196,87,5
3,0.01,1063,1,1.2560394663,114,2
3,0.01,1064,1,1.0918299945,111,4
3,0.01,1065,1,0.2352645992,15,4
3,0.01,1066,1,1.0828058864,114,2
3,0.01,1067,1,1.2678442572,108,5
3,0.01,1068,1,0.8832849483,66,5
3,0.01,1069,1,1.0113247091,84,4
3,0.01,1070,1,1.0493836794,108,5
3,0.01,1071,1,1.2912643091,111,4
3,0.01,1072,1,1.0719820729,111,4
3,0.01,1073,1,0.6498087145,30,5
3,0.01,1074,1,1.0502443526,108,5
3,0.01,1075,1,1.2021853283,111,4
3,0.01,1076,1,1.0502605800,111,4
3,0.01,1077,1,1.0317608927,114,2
3,0.01,1078,1,1.2165867752,108,5
3,0.01,1079,1,1.1454722795,108,5
3,0.01,1080,1,1.0657168995,87,4
3,0.01,1081,1,1.0769886152,96,4
3,0.01,1082,1,1.2240535142,108,5
3,0.01,1083,1,1.2176135276,111,4
3,0.01,1084,1,1.1233225536,111,4
3,0.01,1085,1,1.0742197237,87,4
3,0.01,1086,1,1.1374286143,111,4
3,0.01,1087,1,1.2633835208,108,5
3,0.01,1088,1,1.0962115323,111,4
3,0.01,1089,1,1.1471629587,114,2
3,0.01,1090,1,1.0454369003,90,4
3,0.01,1091,1,1.1256571588,87,4
3,0.01,1092,1,1.1083839301,111,4
3,0.01,1093,1,1.2054208727,114,2
3,0.01,1094,1,1.1370808427,111,4
3,0.01,1095,1,1.0612754384,99,4
3,0.01,1096,1,1.1703408647,111,4
3,0.01,1097,1,0.3235090618,15,4
3,0.01,1098,1,1.1131619795,90,4
3,0.01,1099,1,1.1068723494,114,2
3,0.01,1100,1,0.9481112503,81,5
3,0.01,1101,1,1.2490831152,111,4
3,0.01,1102,1,0.3384551931,3,4
3,0.01,1103,1,1.1202244234,111,4
3,0.01,1104,1,1.2341058563,114,2
3,0.01,1105,1,0.4428245009,18,4
3,0.01,1106,1,1.1122649284,111,4
3,0.01,1107,1,0.6096676213,27,5
3,0.01,1108,1,1.0495025085,72,5
3,0.01,1109,1,1.1600158780,96,4
3,0.01,1110,1,1.1400088165,114,2
3,0.01,1111,1,1.1792017269,114,2
3,0.01,1112,1,1.0617477376,87,4
3,0.01,1113,1,1.1964987901,108,5
3,0.01,1114,1,1.1069011573,111,4
3,0.01,1115,1,1.0477501939,111,4
3,0.01,1116,1,1.1155599289,114,2
3,0.01,1117,1,1.0387238326,114,2
3,0.01,1118,1,0.2592515676,6,5
3,0.01,1119,1,1.2422556231,111,4
3,0.01,1120,1,1.0392214045,114,2
3,0.01,1121,1,1.0304325607,96,4
3,0.01,1122,1,1.1773400487,111,4
3,0.01,1123,1,0.9238857922,57,5
3,0.01,1124,1,1.0304491661,111,4
3,0.01,1125,1,0.9452377802,54,5
3,0.01,1126,1,1.1027148484,111,4
3,0.01,1127,1,0.9262268052,72,5
3,0.01,1128,1,1.0231959575,87,5
3,0.01,1129,1,1.0570428832,108,5
3,0.01,1130,1,1.1365343524,90,4
3,0.01,1131,1,0.7595653638,54,4
3,0.01,1132,1,1.1612670976,90,4
3,0.01,1133,1,1.1310694537,111,4
3,0.01,1134,1,1.0616451567,114,2
3,0.01,1135,1,0.9775499048,90,5
3,0.01,1136,1,1.2050953969,111,4
3,0.01,1137,1,0.3441401850,3,4
3,0.01,1138,1,0.8224614704,21,4
3,0.01,1139,1,1.0447114992,114,2
3,0.01,1140,1,1.1107481010,111,4
3,0.01,1141,1,1.0019478312,84,4
3,0.01,1142,1,1.0604362444,84,4
3,0.01,1143,1,1.1952459692,111,4
3,0.01,1144,1,1.1006112199,102,4
3,0.01,1145,1,1.1120351417,108,5
3,0.01,1146,1,1.1106531752,108,5
3,0.01,1147,1,1.0584294691,114,2
3,0.01,1148,1,1.1495160026,108,5
3,0.01,1149,1,0.0818415808,3,3
3,0.01,1150,1,1.2198518365,114,2
3,0.01,1151,1,1.1559484141,93,4
3,0.01,1152,1,1.0712020845,90,5
3,0.01,1153,1,1.2462031464,111,4
3,0.01,1154,1,1.0224705559,111,4
3,0.01,1155,1,1.2098650869,111,4
3,0.01,1156,1,0.9305344470,66,5
3,0.01,1157,1,1.0409141441,87,4
3,0.01,1158,1,0.9911288938,108,5
3,0.01,1159,1,0.8066643217,45,5
3,0.01,1160,1,0.9464827817,72,5
3,0.01,1161,1,1.0511620181,111,4
3,0.01,1162,1,0.9939824284,108,5
3,0.01,1163,1,1.1118066011,87,4
3,0.01,1164,1,1.1548636931,78,5
3,0.01,1165,1,0.9927110339,87,4
3,0.01,1166,1,1.2051096608,111,4
3,0.01,1167,1,1.1327552590,108,5
3,0.01,1168,1,1.0103147493,87,4
3,0.01,1169,1,0.9758492441,84,5
3,0.01,1170,1,1.1264059928,90,4
3,0.01,1171,1,1.0887415932,111,4
3,0.01,1172,1,1.0097493316,78,5
3,0.01,1173,1,1.0758970274,114,2
3,0.01,1174,1,1.0449589508,84,5
3,0.01,1175,1,0.9931744907,66,5
3,0.01,1176,1,0.8183078692,27,4
3,0.01,1177,1,1.1297037186,108,5
3,0.01,1178,1,0.9694554365,87,4
3,0.01,1179,1,1.0208725250,108,5
3,0.01,1180,1,1.1152265912,111,4
3,0.01,1181,1,1.1373313681,114,2
3,0.01,1182,1,0.3921362470,6,5
3,0.01,1183,1,1.0404183294,90,4
3,0.01,1184,1,1.0606930336,111,4
3,0.01,1185,1,0.0756697171,3,3
3,0.01,1186,1,1.0135713185,72,5
3,0.01,1187,1,1.0525150781,96,4
3,0.01,1188,1,1.1853761490,111,4
3,0.01,1189,1,1.1160487123,114,2
3,0.01,1190,1,1.0636814859,81,5
3,0.01,1191,1,0.9866887139,84,5
3,0.01,1192,1,1.0629685088,114,2
3,0.01,1193,1,1.1049189608,84,4
3,0.01,1194,1,0.9911515786,87,4
3,0.01,1195,1,1.0996383418,90,4
3,0.01,1196,1,1.2074791614,114,2
3,0.01,1197,1,1.0174579647,111,4
3,0.01,1198,1,1.0934938663,90,4
3,0.01,1199,1,0.9215429184,93,4
4,0.01,1000,1,1.1078371457,112,2
4,0.01,1001,1,0.9926091344,112,2
4,0.01,1002,1,1.1272627809,116,1
4,0.01,1003,1,1.0275702887,80,4
4,0.01,1004,1,0.7864290675,24,4
4,0.01,1005,1,1.1960024930,116,1
4,0.01,1006,1,1.0699661934,112,2
4,0.01,1007,1,1.1156232067,112,2
4,0.01,1008,1,1.1982418222,116,1
4,0.01,1009,1,1.1683522531,112,2
4,0.01,1010,1,1.1659203604,108,4
4,0.01,1011,1,1.0046095374,96,2
4,0.01,1012,1,1.0625230573,96,2
4,0.01,1013,1,1.1101005392,112,2
4,0.01,1014,1,1.0441799627,108,4
4,0.01,1015,1,1.1887677643,112,2
4,0.01,1016,1,1.1268715811,112,2
4,0.01,1017,1,1.0733067967,76,4
4,0.01,1018,1,1.1996723392,112,2
4,0.01,1019,1,0.5176221600,20,4
4,0.01,1020,1,1.1934734816,108,4
4,0.01,1021,1,1.0659381121,112,2
4,0.01,1022,1,1.2609107821,116,1
4,0.01,1023,1,1.1657194540,116,1
4,0.01,1024,1,1.0570306681,112,2
4,0.01,1025,1,1.1017958384,112,2
4,0.01,1026,1,1.1416669488,88,4
4,0.01,1027,1,0.2445534101,12,4
4,0.01,1028,1,1.1257831224,108,4
4,0.01,1029,1,1.1465831447,112,2
4,0.01,1030,1,1.0312329918,96,2
4,0.01,1031,1,0.7777875998,44,4
4,0.01,1032,1,1.1905750794,116,1
4,0.01,1033,1,0.9838838901,112,2
4,0.01,1034,1,1.0941827047,112,2
4,0.01,1035,1,1.1706829259,112,2
4,0.01,1036,1,1.2040271033,112,2
4,0.01,1037,1,0.1354066987,4,3
4,0.01,1038,1,1.0438817523,84,4
4,0.01,1039,1,1.0675904844,112,2
4,0.01,1040,1,1.1786794591,116,1
4,0.01,1041,1,1.1032253256,112,2
4,0.01,1042,1,1.1501380298,112,2
4,0.01,1043,1,1.0204051494,112,2
4,0.01,1044,1,0.9382127767,84,4
4,0.01,1045,1,1.1025056021,112,2
4,0.01,1046,1,1.1932579845,112,2
4,0.01,1047,1,0.9981959703,76,4
4,0.01,1048,1,1.1316370173,116,1
4,0.01,1049,1,1.0273815682,80,4
4,0.01,1050,1,1.1785263224,108,4
4,0.01,1051,1,1.1412116378,116,1
4,0.01,1052,1,1.0941227195,116,1
4,0.01,1053,1,1.0576502949,96,2
4,0.01,1054,1,1.1951407447,96,2
4,0.01,1055,1,1.1986949058,112,2
4,0.01,1056,1,1.2629181757,116,1
4,0.01,1057,1,1.0890406402,116,1
4,0.01,1058,1,0.9956018815,80,4
4,0.01,1059,1,1.2062531153,112,2
4,0.01,1060,1,1.0654721512,96,2
4,0.01,1061,1,1.1289211208,112,2
4,0.01,1062,1,1.1731746821,112,2
4,0.01,1063,1,1.2537025302,112,2
4,0.01,1064,1,1.0833309151,108,4
4,0.01,1065,1,0.2471851142,4,3
4,0.01,1066,1,1.0818248398,112,2
4,0.01,1067,1,1.2811218642,112,2
4,0.01,1068,1,1.0910269323,112,2
4,0.01,1069,1,1.1182367467,116,1
4,0.01,1070,1,1.0579217168,112,2
4,0.01,1071,1,1.2813257781,108,4
4,0.01,1072,1,1.0780372881,116,1
4,0.01,1073,1,1.0399170035,96,2
4,0.01,1074,1,1.0635518284,112,2
4,0.01,1075,1,1.1906741286,108,4
4,0.01,1076,1,0.9810905357,88,4
4,0.01,1077,1,1.0303352636,112,2
4,0.01,1078,1,1.2342219312,112,2
4,0.01,1079,1,1.1572509139,112,2
4,0.01,1080,1,0.9918422076,76,4
4,0.01,1081,1,0.8052947208,48,4
4,0.01,1082,1,1.2406014833,112,2
4,0.01,1083,1,1.2198937709,116,1
4,0.01,1084,1,1.1136386882,108,4
4,0.01,1085,1,0.2118261747,4,3
4,0.01,1086,1,1.0552041386,84,4
4,0.01,1087,1,1.2761287800,112,2
4,0.01,1088,1,1.0871567696,108,4
4,0.01,1089,1,1.1453780324,112,2
4,0.01,1090,1,1.1135888286,116,1
4,0.01,1091,1,1.0707774950,76,4
4,0.01,1092,1,1.0541014730,96,4
4,0.01,1093,1,1.2042974629,112,2
4,0.01,1094,1,1.1275961687,108,4
4,0.01,1095,1,1.0353748520,88,4
4,0.01,1096,1,1.0450642897,80,4
4,0.01,1097,1,0.2261803148,4,3
4,0.01,1098,1,0.7505100702,32,4
4,0.01,1099,1,1.0673058256,96,2
4,0.01,1100,1,1.0772213127,112,2
4,0.01,1101,1,1.2129737299,96,4
4,0.01,1102,1,1.0078877449,112,2
4,0.01,1103,1,1.1141310076,108,4
4,0.01,1104,1,1.2332160240,112,2
4,0.01,1105,1,0.0988356752,4,3
4,0.01,1106,1,1.1179109022,116,1
4,0.01,1107,1,1.1410173614,112,2
4,0.01,1108,1,1.1525017413,96,2
4,0.01,1109,1,1.0918054872,84,4
4,0.01,1110,1,1.1381087900,112,2
4,0.01,1111,1,1.1780475770,112,2
4,0.01,1112,1,0.9985732617,76,4
4,0.01,1113,1,1.2081600696,112,2
4,0.01,1114,1,1.1167404337,116,1
4,0.01,1115,1,0.9685684065,88,4
4,0.01,1116,1,1.1143144908,112,2
4,0.01,1117,1,1.0381031880,112,2
4,0.01,1118,1,1.2347695080,112,2
4,0.01,1119,1,1.2486122584,116,1
4,0.01,1120,1,1.0381603753,112,2
4,0.01,1121,1,0.9718785512,84,4
4,0.01,1122,1,1.1652029261,108,4
4,0.01,1123,1,1.1925915335,112,2
4,0.01,1124,1,1.0198854646,108,4
4,0.01,1125,1,1.2145306601,112,2
4,0.01,1126,1,1.0932522739,108,4
4,0.01,1127,1,1.0713493328,112,2
4,0.01,1128,1,1.1179358812,112,2
4,0.01,1129,1,1.0727966351,112,2
4,0.01,1130,1,1.1796211248,116,1
4,0.01,1131,1,0.5099717771,32,4
4,0.01,1132,1,0.8854198047,32,4
4,0.01,1133,1,1.1192785586,108,4
4,0.01,1134,1,1.0406793929,96,2
4,0.01,1135,1,1.0721033768,112,2
4,0.01,1136,1,1.1933704360,108,4
4,0.01,1137,1,1.1129299483,112,2
4,0.01,1138,1,1.1964082912,116,1
4,0.01,1139,1,1.0441759932,112,2
4,0.01,1140,1,1.1014018598,108,4
4,0.01,1141,1,0.9363276589,72,4
4,0.01,1142,1,0.9860989826,72,4
4,0.01,1143,1,1.0641346147,84,4
4,0.01,1144,1,1.0051131144,84,4
4,0.01,1145,1,1.1218666610,112,2
4,0.01,1146,1,1.1268822642,112,2
4,0.01,1147,1,1.0563572896,112,2
4,0.01,1148,1,1.1663850252,112,2
4,0.01,1149,1,1.1680735837,116,1
4,0.01,1150,1,1.2186121476,112,2
4,0.01,1151,1,1.1092756636,84,4
4,0.01,1152,1,1.1593298558,112,2
4,0.01,1153,1,1.2484945819,116,1
4,0.01,1154,1,1.0134426170,108,4
4,0.01,1155,1,1.2016806922,108,4
4,0.01,1156,1,1.0934881859,112,2
4,0.01,1157,1,0.9823402250,76,4
4,0.01,1158,1,1.0054663586,112,2
4,0.01,1159,1,1.1929250329,112,2
4,0.01,1160,1,1.0659897693,112,2
4,0.01,1161,1,1.0441961857,108,4
4,0.01,1162,1,1.0061819415,112,2
4,0.01,1163,1,1.0436972151,76,4
4,0.01,1164,1,1.2804854733,112,2
4,0.01,1165,1,1.0421571840,116,1
4,0.01,1166,1,1.1935467575,108,4
4,0.01,1167,1,1.1410579489,112,2
4,0.01,1168,1,0.9494263898,76,4
4,0.01,1169,1,1.0520600036,112,2
4,0.01,1170,1,1.1540049733,116,1
4,0.01,1171,1,1.0989753441,116,1
4,0.01,1172,1,1.1730001856,112,2
4,0.01,1173,1,1.0752432322,112,2
4,0.01,1174,1,1.1745711017,112,2
4,0.01,1175,1,1.1445571688,96,2
4,0.01,1176,1,1.0704386338,116,1
4,0.01,1177,1,1.1406588614,112,2
4,0.01,1178,1,0.8994290414,76,4
4,0.01,1179,1,1.0367904865,112,2
4,0.01,1180,1,1.0139661540,88,4
4,0.01,1181,1,1.1357555168,112,2
4,0.01,1182,1,1.0133314652,96,2
4,0.01,1183,1,1.0141430584,80,4
4,0.01,1184,1,0.9890204139,88,4
4,0.01,1185,1,0.1132859121,4,3
4,0.01,1186,1,1.1733002412,96,2
4,0.01,1187,1,0.9855795145,84,4
4,0.01,1188,1,1.1729349289,108,4
4,0.01,1189,1,1.1144680049,112,2
4,0.01,1190,1,1.1434254740,112,2
4,0.01,1191,1,1.1021606089,112,2
4,0.01,1192,1,1.0626600293,112,2
4,0.01,1193,1,1.1906994410,116,1
4,0.01,1194,1,0.9274182790,76,4
4,0.01,1195,1,0.1062644342,4,3
4,0.01,1196,1,1.2057278723,112,2
4,0.01,1197,1,0.9759508780,100,4
4,0.01,1198,1,1.1130726140,116,1
4,0.01,1199,1,0.8560302689,80,4
5,0.01,1000,1,1.1041180307,110,2
5,0.01,1001,1,0.9888248577,110,2
5,0.01,1002,1,1.1271983847,115,1
5,0.01,1003,1,1.1244793345,115,1
5,0.01,1004,1,1.2296415064,115,1
5,0.01,1005,1,1.1954449201,115,1
5,0.01,1006,1,1.0504134462,95,2
5,0.01,1007,1,1.0913376318,95,2
5,0.01,1008,1,1.1981668855,115,1
5,0.01,1009,1,1.1659585634,110,2
5,0.01,1010,1,1.1827145895,115,1
5,0.01,1011,1,0.9701566705,85,2
5,0.01,1012,1,1.0221860139,85,2
5,0.01,1013,1,1.1071375139,110,2
5,0.01,1014,1,1.0600032609,115,1
5,0.01,1015,1,1.1863130929,110,2
5,0.01,1016,1,1.1245352107,110,2
5,0.01,1017,1,1.1754624845,115,1
5,0.01,1018,1,1.1973075351,110,2
5,0.01,1019,1,1.1797295986,115,1
5,0.01,1020,1,1.2119480612,115,1
5,0.01,1021,1,1.0638405669,110,2
5,0.01,1022,1,1.2608266033,115,1
5,0.01,1023,1,1.1656557685,115,1
5,0.01,1024,1,1.0526121439,110,2
5,0.01,1025,1,1.1005824359,110,2
5,0.01,1026,1,1.2282376097,115,1
5,0.01,1027,1,1.2738115166,115,1
5,0.01,1028,1,1.1394920320,115,1
5,0.01,1029,1,1.1456080034,110,2
5,0.01,1030,1,1.0142032475,85,2
5,0.01,1031,1,1.1203140714,115,1
5,0.01,1032,1,1.1905021800,115,1
5,0.01,1033,1,0.9837060050,110,2
5,0.01,1034,1,1.0911400018,110,2
5,0.01,1035,1,1.1663361791,110,2
5,0.01,1036,1,1.2022828757,110,2
5,0.01,1037,1,1.2808043199,115,1
5,0.01,1038,1,1.1437139483,115,1
5,0.01,1039,1,1.0629710690,110,2
5,0.01,1040,1,1.1781012072,115,1
5,0.01,1041,1,1.0992255025,110,2
5,0.01,1042,1,1.1460413145,110,2
5,0.01,1043,1,1.0176044728,110,2
5,0.01,1044,1,1.0710009413,115,1
5,0.01,1045,1,1.1004412949,110,2
5,0.01,1046,1,1.1918581155,110,2
5,0.01,1047,1,1.1923711775,115,1
5,0.01,1048,1,1.1316164134,115,1
5,0.01,1049,1,1.0981106531,115,1
5,0.01,1050,1,1.1921950027,115,1
5,0.01,1051,1,1.1407858057,115,1
5,0.01,1052,1,1.0936504771,115,1
5,0.01,1053,1,1.0364766073,85,2
5,0.01,1054,1,1.1508454279,85,2
5,0.01,1055,1,1.1938697555,110,2
5,0.01,1056,1,1.2624202411,115,1
5,0.01,1057,1,1.0889801734,115,1
5,0.01,1058,1,1.1129301045,115,1
5,0.01,1059,1,1.2028336746,110,2
5,0.01,1060,1,1.0244797081,85,2
5,0.01,1061,1,1.1252598432,110,2
5,0.01,1062,1,1.1695828777,110,2
5,0.01,1063,1,1.2509651593,110,2
5,0.01,1064,1,1.1000305567,115,1
5,0.01,1065,1,1.0207653639,115,1
5,0.01,1066,1,1.0805832608,110,2
5,0.01,1067,1,1.2781302268,110,2
5,0.01,1068,1,1.0408459533,95,2
5,0.01,1069,1,1.1177624693,115,1
5,0.01,1070,1,1.0547235171,110,2
5,0.01,1071,1,1.3011805992,115,1
5,0.01,1072,1,1.0779788167,115,1
5,0.01,1073,1,1.0110795812,85,2
5,0.01,1074,1,1.0602977546,110,2
5,0.01,1075,1,1.2162549778,115,1
5,0.01,1076,1,1.0593022549,115,1
5,0.01,1077,1,1.0288188326,110,2
5,0.01,1078,1,1.2288502524,110,2
5,0.01,1079,1,1.1527701367,110,2
5,0.01,1080,1,1.1745114806,115,1
5,0.01,1081,1,1.1277993314,115,1
5,0.01,1082,1,1.2358547709,110,2
5,0.01,1083,1,1.2198164089,115,1
5,0.01,1084,1,1.1356311633,115,1
5,0.01,1085,1,1.1404238188,115,1
5,0.01,1086,1,1.1461263469,115,1
5,0.01,1087,1,1.2732814154,110,2
5,0.01,1088,1,1.1079416072,115,1
5,0.01,1089,1,1.1433869177,110,2
5,0.01,1090,1,1.1135269634,115,1
5,0.01,1091,1,1.2135962813,115,1
5,0.01,1092,1,1.1222569088,115,1
5,0.01,1093,1,1.2028831028,110,2
5,0.01,1094,1,1.1483968652,115,1
5,0.01,1095,1,1.1085612717,115,1
5,0.01,1096,1,1.1797434622,115,1
5,0.01,1097,1,1.0475718528,115,1
5,0.01,1098,1,1.1674173862,115,1
5,0.01,1099,1,1.0328675611,85,2
5,0.01,1100,1,1.0725095797,110,2
5,0.01,1101,1,1.2573464857,115,1
5,0.01,1102,1,0.9666387703,95,2
5,0.01,1103,1,1.1262710877,115,1
5,0.01,1104,1,1.2319561712,110,2
5,0.01,1105,1,1.0315423464,115,1
5,0.01,1106,1,1.1174668161,115,1
5,0.01,1107,1,1.0931703586,95,2
5,0.01,1108,1,1.1190311651,85,2
5,0.01,1109,1,1.2330688465,115,1
5,0.01,1110,1,1.1360252497,110,2
5,0.01,1111,1,1.1679865228,95,2
5,0.01,1112,1,1.1644522096,115,1
5,0.01,1113,1,1.2036321964,110,2
5,0.01,1114,1,1.1162510725,115,1
5,0.01,1115,1,1.0592076378,115,1
5,0.01,1116,1,1.1126875847,110,2
5,0.01,1117,1,1.0373172199,110,2
5,0.01,1118,1,1.2308463482,110,2
5,0.01,1119,1,1.2485836202,115,1
5,0.01,1120,1,1.0368157891,110,2
5,0.01,1121,1,1.0947736636,115,1
5,0.01,1122,1,1.1925101244,115,1
5,0.01,1123,1,1.1887547927,110,2
5,0.01,1124,1,1.0430972651,115,1
5,0.01,1125,1,1.2116135472,110,2
5,0.01,1126,1,1.1147698642,115,1
5,0.01,1127,1,1.0686186488,110,2
5,0.01,1128,1,1.1138104582,110,2
5,0.01,1129,1,1.0682628930,110,2
5,0.01,1130,1,1.1790869328,115,1
5,0.01,1131,1,1.1220501658,115,1
5,0.01,1132,1,1.2123203137,115,1
5,0.01,1133,1,1.1454286692,115,1
5,0.01,1134,1,1.0199319523,85,2
5,0.01,1135,1,1.0674768768,110,2
5,0.01,1136,1,1.2197325319,115,1
5,0.01,1137,1,1.0572258970,95,2
5,0.01,1138,1,1.1963342520,115,1
5,0.01,1139,1,1.0435089977,110,2
5,0.01,1140,1,1.1210366663,115,1
5,0.01,1141,1,1.1010575025,115,1
5,0.01,1142,1,1.1665871027,115,1
5,0.01,1143,1,1.2094729903,115,1
5,0.01,1144,1,1.1484774136,115,1
5,0.01,1145,1,1.1179458318,110,2
5,0.01,1146,1,1.1219594302,110,2
5,0.01,1147,1,1.0540167046,110,2
5,0.01,1148,1,1.1617561277,110,2
5,0.01,1149,1,1.1680071298,115,1
5,0.01,1150,1,1.2169926171,110,2
5,0.01,1151,1,1.2193477047,115,1
5,0.01,1152,1,1.1545516478,110,2
5,0.01,1153,1,1.2484146953,115,1
5,0.01,1154,1,1.0333509778,115,1
5,0.01,1155,1,1.2204695745,115,1
5,0.01,1156,1,1.0905164574,110,2
5,0.01,1157,1,1.1387981000,115,1
5,0.01,1158,1,1.0013942327,110,2
5,0.01,1159,1,1.1898712033,110,2
5,0.01,1160,1,1.0637880017,110,2
5,0.01,1161,1,1.0590512560,115,1
5,0.01,1162,1,1.0026415461,110,2
5,0.01,1163,1,1.2200231443,115,1
5,0.01,1164,1,1.2772383411,110,2
5,0.01,1165,1,1.0416604302,115,1
5,0.01,1166,1,1.2187802726,115,1
5,0.01,1167,1,1.1385111807,110,2
5,0.01,1168,1,1.1128333401,115,1
5,0.01,1169,1,1.0496451942,110,2
5,0.01,1170,1,1.1539392590,115,1
5,0.01,1171,1,1.0984723889,115,1
5,0.01,1172,1,1.1684742260,110,2
5,0.01,1173,1,1.0743456416,110,2
5,0.01,1174,1,1.1694910495,110,2
5,0.01,1175,1,1.1068891932,85,2
5,0.01,1176,1,1.0699857625,115,1
5,0.01,1177,1,1.1375629958,110,2
5,0.01,1178,1,1.0766983175,115,1
5,0.01,1179,1,1.0321848019,110,2
5,0.01,1180,1,1.1283540431,115,1
5,0.01,1181,1,1.1339161837,110,2
5,0.01,1182,1,0.9780978114,85,2
5,0.01,1183,1,1.0822158746,115,1
5,0.01,1184,1,1.0703159828,115,1
5,0.01,1185,1,1.0919206183,115,1
5,0.01,1186,1,1.1165573897,85,2
5,0.01,1187,1,1.1240618712,115,1
5,0.01,1188,1,1.2001440725,115,1
5,0.01,1189,1,1.1126628711,110,2
5,0.01,1190,1,1.1405953493,110,2
5,0.01,1191,1,1.0982171765,110,2
5,0.01,1192,1,1.0621621212,110,2
5,0.01,1193,1,1.1906261930,115,1
5,0.01,1194,1,1.0884686538,115,1
5,0.01,1195,1,1.1543058110,115,1
5,0.01,1196,1,1.2037987516,110,2
5,0.01,1197,1,1.0308419026,115,1
5,0.01,1198,1,1.1130108969,115,1
5,0.01,1199,1,0.9968748200,115,1
7,0.01,1000,1,1.0953807715,106,2
7,0.01,1001,1,0.9796467058,106,2
7,0.01,1002,1,1.1269443756,113,1
7,0.01,1003,1,1.1220352909,113,1
7,0.01,1004,1,1.2278861119,113,1
7,0.01,1005,1,1.1939818124,113,1
7,0.01,1006,1,1.0218426237,78,2
7,0.01,1007,1,1.0491520059,78,2
7,0.01,1008,1,1.1978748023,113,1
7,0.01,1009,1,1.1602064867,106,2
7,0.01,1010,1,1.1791891360,113,1
7,0.01,1011,1,0.9150513395,71,2
7,0.01,1012,1,0.9552472174,71,2
7,0.01,1013,1,1.0999388524,106,2
7,0.01,1014,1,1.0568631306,113,1
7,0.01,1015,1,1.1800752978,106,2
7,0.01,1016,1,1.1188633075,106,2
7,0.01,1017,1,1.1734544076,113,1
7,0.01,1018,1,1.1914125208,106,2
7,0.01,1019,1,1.1776496383,113,1
7,0.01,1020,1,1.2086479804,113,1
7,0.01,1021,1,1.0239603616,78,2
7,0.01,1022,1,1.2604998678,113,1
7,0.01,1023,1,1.1654353217,113,1
7,0.01,1024,1,1.0419746660,106,2
7,0.01,1025,1,1.0976864616,106,2
7,0.01,1026,1,1.2255818931,113,1
7,0.01,1027,1,1.2701059999,113,1
7,0.01,1028,1,1.1376826471,113,1
7,0.01,1029,1,1.1198279161,85,2
7,0.01,1030,1,0.9857259226,71,2
7,0.01,1031,1,1.1184187823,113,1
7,0.01,1032,1,1.1902161556,113,1
7,0.01,1033,1,0.9831551503,106,2
7,0.01,1034,1,1.0838071834,106,2
7,0.01,1035,1,1.0805877330,85,2
7,0.01,1036,1,1.1978365147,106,2
7,0.01,1037,1,1.2768068238,113,1
7,0.01,1038,1,1.1406306788,113,1
7,0.01,1039,1,0.9619730630,85,2
7,0.01,1040,1,1.1766056918,113,1
7,0.01,1041,1,1.0899426417,106,2
7,0.01,1042,1,1.0392699170,85,2
7,0.01,1043,1,1.0109270321,106,2
7,0.01,1044,1,1.0676518965,113,1
7,0.01,1045,1,1.0957345089,106,2
7,0.01,1046,1,1.1882410937,106,2
7,0.01,1047,1,1.1891054583,113,1
7,0.01,1048,1,1.1315305275,113,1
7,0.01,1049,1,1.0964172891,113,1
7,0.01,1050,1,1.1900248903,113,1
7,0.01,1051,1,1.1397699869,113,1
7,0.01,1052,1,1.0925223940,113,1
7,0.01,1053,1,1.0019595155,71,2
7,0.01,1054,1,1.0770039462,71,2
7,0.01,1055,1,1.0885183708,85,2
7,0.01,1056,1,1.2611643309,113,1
7,0.01,1057,1,1.0887409865,113,1
7,0.01,1058,1,1.1094875443,113,1
7,0.01,1059,1,1.1949548653,106,2
7,0.01,1060,1,0.9545348253,71,2
7,0.01,1061,1,1.1167913727,106,2
7,0.01,1062,1,1.1613172023,106,2
7,0.01,1063,1,1.2441823541,106,2
7,0.01,1064,1,1.0966266839,113,1
7,0.01,1065,1,1.0174502696,113,1
7,0.01,1066,1,1.0691480490,85,2
7,0.01,1067,1,1.2710491435,106,2
7,0.01,1068,1,0.9686563694,78,2
7,0.01,1069,1,1.1165787939,113,1
7,0.01,1070,1,1.0469855418,106,2
7,0.01,1071,1,1.2974561028,113,1
7,0.01,1072,1,1.0777481681,113,1
7,0.01,1073,1,0.9634402736,71,2
7,0.01,1074,1,1.0526941218,106,2
7,0.01,1075,1,1.2129436458,113,1
7,0.01,1076,1,1.0568258643,113,1
7,0.01,1077,1,1.0052261192,85,2
7,0.01,1078,1,1.2160478784,106,2
7,0.01,1079,1,1.1415383517,106,2
7,0.01,1080,1,1.1707246558,113,1
7,0.01,1081,1,1.1246132482,113,1
7,0.01,1082,1,1.2248821662,106,2
7,0.01,1083,1,1.2195120186,113,1
7,0.01,1084,1,1.1333372736,113,1
7,0.01,1085,1,1.1383763662,113,1
7,0.01,1086,1,1.1438899904,113,1
7,0.01,1087,1,1.2666083372,106,2
7,0.01,1088,1,1.1056425431,113,1
7,0.01,1089,1,1.1385504133,106,2
7,0.01,1090,1,1.1132840995,113,1
7,0.01,1091,1,1.2109086308,113,1
7,0.01,1092,1,1.1189556022,113,1
7,0.01,1093,1,1.1993113881,106,2
7,0.01,1094,1,1.1451761178,113,1
7,0.01,1095,1,1.1055352379,113,1
7,0.01,1096,1,1.1762843434,113,1
7,0.01,1097,1,1.0457396232,113,1
7,0.01,1098,1,1.1652154160,113,1
7,0.01,1099,1,0.9748650300,71,2
7,0.01,1100,1,1.0612311221,106,2
7,0.01,1101,1,1.2552015761,113,1
7,0.01,1102,1,0.9120974261,78,2
7,0.01,1103,1,1.1239865415,113,1
7,0.01,1104,1,1.2283803814,106,2
7,0.01,1105,1,1.0284847447,113,1
7,0.01,1106,1,1.1163494547,113,1
7,0.01,1107,1,1.0240105549,78,2
7,0.01,1108,1,1.0622364330,71,2
7,0.01,1109,1,1.2293618213,113,1
7,0.01,1110,1,1.1311008979,106,2
7,0.01,1111,1,1.1470285668,78,2
7,0.01,1112,1,1.1608726577,113,1
7,0.01,1113,1,1.1926652101,106,2
7,0.01,1114,1,1.1150361565,113,1
7,0.01,1115,1,1.0561753936,113,1
7,0.01,1116,1,1.1084286826,106,2
7,0.01,1117,1,1.0353867568,106,2
7,0.01,1118,1,1.1212109423,78,2
7,0.01,1119,1,1.2484686813,113,1
7,0.01,1120,1,1.0334151523,106,2
7,0.01,1121,1,1.0920719978,113,1
7,0.01,1122,1,1.1888436242,113,1
7,0.01,1123,1,1.1796815115,106,2
7,0.01,1124,1,1.0397910351,113,1
7,0.01,1125,1,1.2043850673,106,2
7,0.01,1126,1,1.1114481995,113,1
7,0.01,1127,1,1.0617629368,106,2
7,0.01,1128,1,1.1046841510,106,2
7,0.01,1129,1,1.0576049476,106,2
7,0.01,1130,1,1.1777549296,113,1
7,0.01,1131,1,1.1185403413,113,1
7,0.01,1132,1,1.2102077643,113,1
7,0.01,1133,1,1.1418374216,113,1
7,0.01,1134,1,0.9846308406,71,2
7,0.01,1135,1,1.0562262124,106,2
7,0.01,1136,1,1.2161133117,113,1
7,0.01,1137,1,0.9750247594,78,2
7,0.01,1138,1,1.1960453180,113,1
7,0.01,1139,1,1.0418433829,106,2
7,0.01,1140,1,1.1177300140,113,1
7,0.01,1141,1,1.0980223308,113,1
7,0.01,1142,1,1.1630707984,113,1
7,0.01,1143,1,1.2057155777,113,1
7,0.01,1144,1,1.1448978456,113,1
7,0.01,1145,1,1.1083996862,106,2
7,0.01,1146,1,1.1107136506,106,2
7,0.01,1147,1,1.0484270727,106,2
7,0.01,1148,1,1.1508906422,106,2
7,0.01,1149,1,1.1677757560,113,1
7,0.01,1150,1,1.2126944733,106,2
7,0.01,1151,1,1.2158857562,113,1
7,0.01,1152,1,1.1436941408,106,2
7,0.01,1153,1,1.2481021930,113,1
7,0.01,1154,1,1.0304214775,113,1
7,0.01,1155,1,1.2187733950,113,1
7,0.01,1156,1,1.0833137612,106,2
7,0.01,1157,1,1.1353807417,113,1
7,0.01,1158,1,0.9920496590,106,2
7,0.01,1159,1,1.1127435937,85,2
7,0.01,1160,1,1.0582047932,106,2
7,0.01,1161,1,1.0567204365,113,1
7,0.01,1162,1,0.9947915765,106,2
7,0.01,1163,1,1.2165448129,113,1
7,0.01,1164,1,1.2693074374,106,2
7,0.01,1165,1,1.0403779443,113,1
7,0.01,1166,1,1.2149412353,113,1
7,0.01,1167,1,1.1319921934,106,2
7,0.01,1168,1,1.1096130354,113,1
7,0.01,1169,1,1.0436863206,106,2
7,0.01,1170,1,1.1536815788,113,1
7,0.01,1171,1,1.0971667449,113,1
7,0.01,1172,1,1.1579062282,106,2
7,0.01,1173,1,1.0719062140,106,2
7,0.01,1174,1,1.1577014448,106,2
7,0.01,1175,1,1.0420893154,71,2
7,0.01,1176,1,1.0688464557,113,1
7,0.01,1177,1,1.1302896535,106,2
7,0.01,1178,1,1.0734718152,113,1
7,0.01,1179,1,1.0213204792,106,2
7,0.01,1180,1,1.1249563865,113,1
7,0.01,1181,1,1.1292942739,106,2
7,0.01,1182,1,0.9197483651,71,2
7,0.01,1183,1,1.0805375452,113,1
7,0.01,1184,1,1.0676579834,113,1
7,0.01,1185,1,1.0886360247,113,1
7,0.01,1186,1,1.0287892751,71,2
7,0.01,1187,1,1.1206519431,113,1
7,0.01,1188,1,1.1964104247,113,1
7,0.01,1189,1,1.1080370739,106,2
7,0.01,1190,1,1.1341259749,106,2
7,0.01,1191,1,1.0891209793,106,2
7,0.01,1192,1,1.0607013875,106,2
7,0.01,1193,1,1.1903403225,113,1
7,0.01,1194,1,1.0854411060,113,1
7,0.01,1195,1,1.1522456611,113,1
7,0.01,1196,1,1.1991211996,106,2
7,0.01,1197,1,1.0276951827,113,1
7,0.01,1198,1,1.1127690541,113,1
7,0.01,1199,1,0.9940824292,113,1
10,0.01,1000,1,1.0798169664,100,2
10,0.01,1001,1,0.9626719526,100,2
10,0.01,1002,1,1.1261773025,110,1
10,0.01,1003,1,1.1178426339,110,1
10,0.01,1004,1,1.2249959184,110,1
10,0.01,1005,1,1.1911814111,110,1
10,0.01,1006,1,0.9756737790,60,2
10,0.01,1007,1,0.9823666447,60,2
10,0.01,1008,1,1.1970782565,110,1
10,0.01,1009,1,1.1498133108,100,2
10,0.01,1010,1,1.1724748132,110,1
10,0.01,1011,1,0.8049991375,50,2
10,0.01,1012,1,0.8169910027,50,2
10,0.01,1013,1,1.0865591616,100,2
10,0.01,1014,1,1.0508431979,110,1
10,0.01,1015,1,1.1678282790,100,2
10,0.01,1016,1,1.1085401291,100,2
10,0.01,1017,1,1.1700222847,110,1
10,0.01,1018,1,1.1802289494,100,2
10,0.01,1019,1,1.1737226927,110,1
10,0.01,1020,1,1.2024603974,110,1
10,0.01,1021,1,0.9887993199,60,2
10,0.01,1022,1,1.2595199055,110,1
10,0.01,1023,1,1.1649716716,110,1
10,0.01,1024,1,1.0228064186,100,2
10,0.01,1025,1,1.0924632807,100,2
10,0.01,1026,1,1.2207553182,110,1
10,0.01,1027,1,1.2627799031,110,1
10,0.01,1028,1,1.1346336217,110,1
10,0.01,1029,1,1.0643086589,60,2
10,0.01,1030,1,0.9277130888,50,2
10,0.01,1031,1,1.1150796884,110,1
10,0.01,1032,1,1.1893447742,110,1
10,0.01,1033,1,0.9816023186,100,2
10,0.01,1034,1,1.0704258707,100,2
10,0.01,1035,1,1.0071579488,70,2
10,0.01,1036,1,1.1892475954,100,2
10,0.01,1037,1,1.2689219607,110,1
10,0.01,1038,1,1.1348453593,110,1
10,0.01,1039,1,0.8718572071,70,2
10,0.01,1040,1,1.1738143234,110,1
10,0.01,1041,1,1.0733165188,100,2
10,0.01,1042,1,0.9428710411,70,2
10,0.01,1043,1,0.9989066708,100,2
10,0.01,1044,1,1.0610803193,110,1
10,0.01,1045,1,1.0873648060,100,2
10,0.01,1046,1,1.1813215895,100,2
10,0.01,1047,1,1.1832592064,110,1
10,0.01,1048,1,1.1313115477,110,1
10,0.01,1049,1,1.0936122466,110,1
10,0.01,1050,1,1.1860045388,110,1
10,0.01,1051,1,1.1381505944,110,1
10,0.01,1052,1,1.0906900368,110,1
10,0.01,1053,1,0.9345818846,50,2
10,0.01,1054,1,0.9226654383,50,2
10,0.01,1055,1,0.9986609394,70,2
10,0.01,1056,1,1.2590013869,110,1
10,0.01,1057,1,1.0880228307,110,1
10,0.01,1058,1,1.1027375614,110,1
10,0.01,1059,1,1.1310143207,80,2
10,0.01,1060,1,0.8055235815,50,2
10,0.01,1061,1,1.0435138149,80,2
10,0.01,1062,1,1.1468266742,100,2
10,0.01,1063,1,1.2312804538,100,2
10,0.01,1064,1,1.0899122773,110,1
10,0.01,1065,1,1.0109899663,110,1
10,0.01,1066,1,1.0407774431,60,2
10,0.01,1067,1,1.2583686134,100,2
10,0.01,1068,1,0.8662435988,60,2
10,0.01,1069,1,1.1146355246,110,1
10,0.01,1070,1,1.0326828505,100,2
10,0.01,1071,1,1.2906282342,110,1
10,0.01,1072,1,1.0770777265,110,1
10,0.01,1073,1,0.8605220778,50,2
10,0.01,1074,1,1.0391549665,100,2
10,0.01,1075,1,1.2069386522,110,1
10,0.01,1076,1,1.0524117454,110,1
10,0.01,1077,1,0.9819848662,70,2
10,0.01,1078,1,1.1939210451,100,2
10,0.01,1079,1,1.1204627061,100,2
10,0.01,1080,1,1.1632601558,110,1
10,0.01,1081,1,1.1189571809,110,1
10,0.01,1082,1,1.2058990836,100,2
10,0.01,1083,1,1.2185848519,110,1
10,0.01,1084,1,1.1294374016,110,1
10,0.01,1085,1,1.1346325288,110,1
10,0.01,1086,1,1.1398352887,110,1
10,0.01,1087,1,1.2547083505,100,2
10,0.01,1088,1,1.1017940234,110,1
10,0.01,1089,1,1.1297654402,100,2
10,0.01,1090,1,1.1125456976,110,1
10,0.01,1091,1,1.2061286922,110,1
10,0.01,1092,1,1.1126720356,110,1
10,0.01,1093,1,1.1922910110,100,2
10,0.01,1094,1,1.1392962580,110,1
10,0.01,1095,1,1.1000042025,110,1
10,0.01,1096,1,1.1698068419,110,1
10,0.01,1097,1,1.0424991334,110,1
10,0.01,1098,1,1.1613830247,110,1
10,0.01,1099,1,0.8502526421,50,2
10,0.01,1100,1,1.0415181396,100,2
10,0.01,1101,1,1.2513887603,110,1
10,0.01,1102,1,0.8379069274,60,2
10,0.01,1103,1,1.1200084622,110,1
10,0.01,1104,1,1.2208545002,100,2
10,0.01,1105,1,1.0227601236,110,1
10,0.01,1106,1,1.1143995219,110,1
10,0.01,1107,1,0.9260583529,60,2
10,0.01,1108,1,0.9389550951,50,2
10,0.01,1109,1,1.2220147197,110,1
10,0.01,1110,1,1.1222494848,100,2
10,0.01,1111,1,1.1098882488,60,2
10,0.01,1112,1,1.1540338186,110,1
10,0.01,1113,1,1.1729606573,100,2
10,0.01,1114,1,1.1129755593,110,1
10,0.01,1115,1,1.0503631326,110,1
10,0.01,1116,1,1.1002454826,100,2
10,0.01,1117,1,1.0316767984,100,2
10,0.01,1118,1,1.0180205938,60,2
10,0.01,1119,1,1.2482132154,110,1
10,0.01,1120,1,1.0267625569,100,2
10,0.01,1121,1,1.0872576174,110,1
10,0.01,1122,1,1.1817593875,110,1
10,0.01,1123,1,1.1632981798,100,2
10,0.01,1124,1,1.0333295221,110,1
10,0.01,1125,1,1.1905340045,100,2
10,0.01,1126,1,1.1051010540,110,1
10,0.01,1127,1,1.0485591616,100,2
10,0.01,1128,1,1.0887419692,100,2
10,0.01,1129,1,1.0397119276,100,2
10,0.01,1130,1,1.1754821982,110,1
10,0.01,1131,1,1.1116243949,110,1
10,0.01,1132,1,1.2065833136,110,1
10,0.01,1133,1,1.1347664022,110,1
10,0.01,1134,1,0.9476604614,60,2
10,0.01,1135,1,1.0353819070,100,2
10,0.01,1136,1,1.2091857614,110,1
10,0.01,1137,1,0.8570266097,60,2
10,0.01,1138,1,1.1952370730,110,1
10,0.01,1139,1,1.0387892071,100,2
10,0.01,1140,1,1.1116406922,110,1
10,0.01,1141,1,1.0927218868,110,1
10,0.01,1142,1,1.1561253951,110,1
10,0.01,1143,1,1.1984347030,110,1
10,0.01,1144,1,1.1378419764,110,1
10,0.01,1145,1,1.0909883893,100,2
10,0.01,1146,1,1.0911464231,100,2
10,0.01,1147,1,1.0383381585,100,2
10,0.01,1148,1,1.1326669235,100,2
10,0.01,1149,1,1.1672678418,110,1
10,0.01,1150,1,1.2039685438,100,2
10,0.01,1151,1,1.2092719731,110,1
10,0.01,1152,1,1.1244014851,100,2
10,0.01,1153,1,1.2472456897,110,1
10,0.01,1154,1,1.0250211560,110,1
10,0.01,1155,1,1.2159540761,110,1
10,0.01,1156,1,1.0699656968,100,2
10,0.01,1157,1,1.1289185704,110,1
10,0.01,1158,1,0.9764012973,100,2
10,0.01,1159,1,1.0375475477,70,2
10,0.01,1160,1,1.0474329347,100,2
10,0.01,1161,1,1.0527990726,110,1
10,0.01,1162,1,0.9815771741,100,2
10,0.01,1163,1,1.2101324525,110,1
10,0.01,1164,1,1.2543950622,100,2
10,0.01,1165,1,1.0380031530,110,1
10,0.01,1166,1,1.2075849738,110,1
10,0.01,1167,1,1.1192143703,100,2
10,0.01,1168,1,1.1034451544,110,1
10,0.01,1169,1,1.0323206221,100,2
10,0.01,1170,1,1.1529096973,110,1
10,0.01,1171,1,1.0947543053,110,1
10,0.01,1172,1,1.1386414962,100,2
10,0.01,1173,1,1.0670416668,100,2
10,0.01,1174,1,1.1363589426,100,2
10,0.01,1175,1,0.9061095878,50,2
10,0.01,1176,1,1.0668447888,110,1
10,0.01,1177,1,1.1174742985,100,2
10,0.01,1178,1,1.0672828334,110,1
10,0.01,1179,1,1.0017444981,100,2
10,0.01,1180,1,1.1182516222,110,1
10,0.01,1181,1,1.1201596325,100,2
10,0.01,1182,1,0.7988837921,50,2
10,0.01,1183,1,1.0777127772,110,1
10,0.01,1184,1,1.0628467711,110,1
10,0.01,1185,1,1.0821661647,110,1
10,0.01,1186,1,0.8630623784,50,2
10,0.01,1187,1,1.1139273237,110,1
10,0.01,1188,1,1.1891010739,110,1
10,0.01,1189,1,1.0988186895,100,2
10,0.01,1190,1,1.1230469972,100,2
10,0.01,1191,1,1.0729259349,100,2
10,0.01,1192,1,1.0573458942,100,2
10,0.01,1193,1,1.1894761995,110,1
10,0.01,1194,1,1.0798160938,110,1
10,0.01,1195,1,1.1485004202,110,1
10,0.01,1196,1,1.1904434285,100,2
10,0.01,1197,1,1.0217680408,110,1
10,0.01,1198,1,1.1121052252,110,1
10,0.01,1199,1,0.9892113857,110,1
15,0.01,1000,1,1.0485409547,90,2
15,0.01,1001,1,0.9286243701,90,2
15,0.01,1002,1,1.1237261829,105,1
15,0.01,1003,1,1.1094042810,105,1
15,0.01,1004,1,1.2192886899,105,1
15,0.01,1005,1,1.1847822323,105,1
15,0.01,1006,1,0.9134671320,45,2
15,0.01,1007,1,0.9039622168,45,2
15,0.01,1008,1,1.1948387371,105,1
15,0.01,1009,1,1.1089335034,75,2
15,0.01,1010,1,1.1588891104,105,1
15,0.01,1011,1,0.6460226393,30,2
15,0.01,1012,1,0.6102829946,30,2
15,0.01,1013,1,0.8008281078,45,2
15,0.01,1014,1,1.0388370357,105,1
15,0.01,1015,1,1.1403243749,90,2
15,0.01,1016,1,1.0119102485,60,2
15,0.01,1017,1,1.1629754876,105,1
15,0.01,1018,1,1.0567108661,60,2
15,0.01,1019,1,1.1653698783,105,1
15,0.01,1020,1,1.1898648013,105,1
15,0.01,1021,1,0.9041564152,30,2
15,0.01,1022,1,1.2563952540,105,1
15,0.01,1023,1,1.1634704610,105,1
15,0.01,1024,1,0.9847400579,90,2
15,0.01,1025,1,1.0823174169,90,2
15,0.01,1026,1,1.2107152989,105,1
15,0.01,1027,1,1.2473207584,105,1
15,0.01,1028,1,1.1286718380,105,1
15,0.01,1029,1,1.0026080023,45,2
15,0.01,1030,1,0.8432000145,30,2
15,0.01,1031,1,1.1076535375,105,1
15,0.01,1032,1,1.1865223087,105,1
15,0.01,1033,1,0.9771619372,90,2
15,0.01,1034,1,0.9167811948,60,2
15,0.01,1035,1,0.8375767690,45,2
15,0.01,1036,1,1.1705985417,90,2
15,0.01,1037,1,1.2518766081,105,1
15,0.01,1038,1,1.1230683440,105,1
15,0.01,1039,1,0.6714713341,45,2
15,0.01,1040,1,1.1672957594,105,1
15,0.01,1041,1,1.0396250018,90,2
15,0.01,1042,1,0.7263102417,45,2
15,0.01,1043,1,0.9746546515,90,2
15,0.01,1044,1,1.0468609522,105,1
15,0.01,1045,1,1.0708619657,90,2
15,0.01,1046,1,1.1659148371,90,2
15,0.01,1047,1,1.1713432583,105,1
15,0.01,1048,1,1.1306187844,105,1
15,0.01,1049,1,1.0880294431,105,1
15,0.01,1050,1,1.1775383699,105,1
15,0.01,1051,1,1.1350159937,105,1
15,0.01,1052,1,1.0873711728,105,1
15,0.01,1053,1,0.8527664974,30,2
15,0.01,1054,1,0.6895809140,30,2
15,0.01,1055,1,0.8039605740,45,2
15,0.01,1056,1,1.2544486418,105,1
15,0.01,1057,1,1.0857112111,105,1
15,0.01,1058,1,1.0885645523,105,1
15,0.01,1059,1,0.9597238567,45,2
15,0.01,1060,1,0.5809988700,30,2
15,0.01,1061,1,0.8484156942,45,2
15,0.01,1062,1,1.1170927270,90,2
15,0.01,1063,1,1.2037103074,90,2
15,0.01,1064,1,1.0753376419,105,1
15,0.01,1065,1,0.9973987268,105,1
15,0.01,1066,1,1.0054931935,45,2
15,0.01,1067,1,1.1456388890,60,2
15,0.01,1068,1,0.6022637561,30,2
15,0.01,1069,1,1.1108283205,105,1
15,0.01,1070,1,1.0028615518,90,2
15,0.01,1071,1,1.2762878915,105,1
15,0.01,1072,1,1.0752301267,105,1
15,0.01,1073,1,0.6969352554,30,2
15,0.01,1074,1,1.0114460299,90,2
15,0.01,1075,1,1.1944068452,105,1
15,0.01,1076,1,1.0432317817,105,1
15,0.01,1077,1,0.9266423172,45,2
15,0.01,1078,1,0.9424567010,60,2
15,0.01,1079,1,0.8674804978,60,2
15,0.01,1080,1,1.1469962635,105,1
15,0.01,1081,1,1.1077168635,105,1
15,0.01,1082,1,1.0323205469,60,2
15,0.01,1083,1,1.2155872739,105,1
15,0.01,1084,1,1.1217882069,105,1
15,0.01,1085,1,1.1267671789,105,1
15,0.01,1086,1,1.1311153489,105,1
15,0.01,1087,1,1.2302997826,90,2
15,0.01,1088,1,1.0942646735,105,1
15,0.01,1089,1,1.1124950082,90,2
15,0.01,1090,1,1.1101991867,105,1
15,0.01,1091,1,1.1964080596,105,1
15,0.01,1092,1,1.0999073946,105,1
15,0.01,1093,1,1.1768278373,90,2
15,0.01,1094,1,1.1269969378,105,1
15,0.01,1095,1,1.0884556537,105,1
15,0.01,1096,1,1.1572922219,105,1
15,0.01,1097,1,1.0355397477,105,1
15,0.01,1098,1,1.1538468540,105,1
15,0.01,1099,1,0.6677634033,30,2
15,0.01,1100,1,1.0024351442,90,2
15,0.01,1101,1,1.2436249524,105,1
15,0.01,1102,1,0.6586173728,30,2
15,0.01,1103,1,1.1119461700,105,1
15,0.01,1104,1,1.1346435564,60,2
15,0.01,1105,1,1.0111450688,105,1
15,0.01,1106,1,1.1102633696,105,1
15,0.01,1107,1,0.8202260670,45,2
15,0.01,1108,1,0.7520918589,30,2
15,0.01,1109,1,1.2059776560,105,1
15,0.01,1110,1,1.1043161589,90,2
15,0.01,1111,1,0.9795589233,30,2
15,0.01,1112,1,1.1405392151,105,1
15,0.01,1113,1,0.9471728470,60,2
15,0.01,1114,1,1.1084872126,105,1
15,0.01,1115,1,1.0383871677,105,1
15,0.01,1116,1,1.0231550465,60,2
15,0.01,1117,1,1.0232939431,90,2
15,0.01,1118,1,0.7234204641,30,2
15,0.01,1119,1,1.2473850554,105,1
15,0.01,1120,1,1.0120681740,90,2
15,0.01,1121,1,1.0773780170,105,1
15,0.01,1122,1,1.1675061973,105,1
15,0.01,1123,1,1.1293798231,90,2
15,0.01,1124,1,1.0198083908,105,1
15,0.01,1125,1,1.1603533081,90,2
15,0.01,1126,1,1.0926302149,105,1
15,0.01,1127,1,1.0199756041,90,2
15,0.01,1128,1,1.0569172477,90,2
15,0.01,1129,1,0.8578821566,60,2
15,0.01,1130,1,1.1704970597,105,1
15,0.01,1131,1,1.0965550109,105,1
15,0.01,1132,1,1.1993718070,105,1
15,0.01,1133,1,1.1195223515,105,1
15,0.01,1134,1,0.8071813908,30,2
15,0.01,1135,1,0.9928277652,90,2
15,0.01,1136,1,1.1949506518,105,1
15,0.01,1137,1,0.5513315836,30,2
15,0.01,1138,1,1.1930269522,105,1
15,0.01,1139,1,1.0318657083,90,2
15,0.01,1140,1,1.0991530003,105,1
15,0.01,1141,1,1.0820064928,105,1
15,0.01,1142,1,1.1410080683,105,1
15,0.01,1143,1,1.1835979317,105,1
15,0.01,1144,1,1.1224780746,105,1
15,0.01,1145,1,1.0550159476,90,2
15,0.01,1146,1,0.8974135302,60,2
15,0.01,1147,1,0.9522254121,60,2
15,0.01,1148,1,0.9562791828,60,2
15,0.01,1149,1,1.1656880330,105,1
15,0.01,1150,1,1.1841376214,90,2
15,0.01,1151,1,1.1955745533,105,1
15,0.01,1152,1,0.9127938440,60,2
15,0.01,1153,1,1.2448012415,105,1
15,0.01,1154,1,1.0139142120,105,1
15,0.01,1155,1,1.2104634985,105,1
15,0.01,1156,1,1.0422656951,90,2
15,0.01,1157,1,1.1163521985,105,1
15,0.01,1158,1,0.9471887155,90,2
15,0.01,1159,1,0.8423407438,45,2
15,0.01,1160,1,0.9061222523,60,2
15,0.01,1161,1,1.0450005992,105,1
15,0.01,1162,1,0.9563737035,90,2
15,0.01,1163,1,1.1967579598,105,1
15,0.01,1164,1,1.2223146619,90,2
15,0.01,1165,1,1.0328311456,105,1
15,0.01,1166,1,1.1922193595,105,1
15,0.01,1167,1,1.0914559593,90,2
15,0.01,1168,1,1.0907197323,105,1
15,0.01,1169,1,1.0075825977,90,2
15,0.01,1170,1,1.1505507223,105,1
15,0.01,1171,1,1.0893333856,105,1
15,0.01,1172,1,0.8997807792,60,2
15,0.01,1173,1,0.9679127868,45,2
15,0.01,1174,1,1.0923996254,90,2
15,0.01,1175,1,0.7027811141,30,2
15,0.01,1176,1,1.0627846106,105,1
15,0.01,1177,1,1.0548022514,75,2
15,0.01,1178,1,1.0545886096,105,1
15,0.01,1179,1,0.9610588849,90,2
15,0.01,1180,1,1.1037045443,105,1
15,0.01,1181,1,1.1001715931,90,2
15,0.01,1182,1,0.6312680866,30,2
15,0.01,1183,1,1.0721669598,105,1
15,0.01,1184,1,1.0528643479,105,1
15,0.01,1185,1,1.0681086411,105,1
15,0.01,1186,1,0.6456283963,30,2
15,0.01,1187,1,1.0993192329,105,1
15,0.01,1188,1,1.1737899207,105,1
15,0.01,1189,1,1.0783779527,90,2
15,0.01,1190,1,0.9958549394,60,2
15,0.01,1191,1,1.0399060350,90,2
15,0.01,1192,1,1.0288742227,75,2
15,0.01,1193,1,1.1866953918,105,1
15,0.01,1194,1,1.0680923961,105,1
15,0.01,1195,1,1.1405139020,105,1
15,0.01,1196,1,1.1723746735,90,2
15,0.01,1197,1,1.0102979767,105,1
15,0.01,1198,1,1.1103881851,105,1
15,0.01,1199,1,0.9798903716,105,1
20,0.01,1000,1,1.0104120640,80,2
20,0.01,1001,1,0.7741223168,60,2
20,0.01,1002,1,1.1198475134,100,1
20,0.01,1003,1,1.0997164467,100,1
20,0.01,1004,1,1.2127599679,100,1
20,0.01,1005,1,1.1764046626,100,1
20,0.01,1006,1,0.6791733336,20,2
20,0.01,1007,1,0.7112370163,20,2
20,0.01,1008,1,1.1916555595,100,1
20,0.01,1009,1,1.0142524207,40,2
20,0.01,1010,1,1.1437249383,100,1
20,0.01,1011,1,0.2255493009,0,1
20,0.01,1012,1,0.2248475249,0,1
20,0.01,1013,1,0.4735351180,20,2
20,0.01,1014,1,1.0247512667,100,1
20,0.01,1015,1,1.1033107181,80,2
20,0.01,1016,1,0.9218991514,40,2
20,0.01,1017,1,1.1546512573,100,1
20,0.01,1018,1,0.9371367483,40,2
20,0.01,1019,1,1.1553602616,100,1
20,0.01,1020,1,1.1753468654,100,1
20,0.01,1021,1,0.8334230740,20,2
20,0.01,1022,1,1.2513792545,100,1
20,0.01,1023,1,1.1610808408,100,1
20,0.01,1024,1,0.9391269135,80,2
20,0.01,1025,1,1.0703744008,80,2
20,0.01,1026,1,1.1986967122,100,1
20,0.01,1027,1,1.2293765414,100,1
20,0.01,1028,1,1.1219500840,100,1
20,0.01,1029,1,0.7977729791,20,2
20,0.01,1030,1,0.2290081496,0,1
20,0.01,1031,1,1.0982277661,100,1
20,0.01,1032,1,1.1818627973,100,1
20,0.01,1033,1,0.9704418479,80,2
20,0.01,1034,1,0.7744098842,40,2
20,0.01,1035,1,0.5328474508,20,2
20,0.01,1036,1,1.1471434850,80,2
20,0.01,1037,1,1.2313519206,100,1
20,0.01,1038,1,1.1094043693,100,1
20,0.01,1039,1,0.3686971350,20,2
20,0.01,1040,1,1.1585932391,100,1
20,0.01,1041,1,0.9977153759,80,2
20,0.01,1042,1,0.3860385727,20,2
20,0.01,1043,1,0.9445849063,80,2
20,0.01,1044,1,1.0299372502,100,1
20,0.01,1045,1,1.0512868140,80,2
20,0.01,1046,1,1.1457027388,80,2
20,0.01,1047,1,1.1573784672,100,1
20,0.01,1048,1,1.1293097239,100,1
20,0.01,1049,1,1.0815093791,100,1
20,0.01,1050,1,1.1674690534,100,1
20,0.01,1051,1,1.1312959484,100,1
20,0.01,1052,1,1.0836098269,100,1
20,0.01,1053,1,0.2484274550,0,1
20,0.01,1054,1,0.2254081264,0,1
20,0.01,1055,1,0.5074354878,20,2
20,0.01,1056,1,1.2490335259,100,1
20,0.01,1057,1,1.0819427657,100,1
20,0.01,1058,1,1.0722311385,100,1
20,0.01,1059,1,0.6655339321,20,2
20,0.01,1060,1,0.2291654144,0,1
20,0.01,1061,1,0.5130931734,20,2
20,0.01,1062,1,1.0788548665,80,2
20,0.01,1063,1,1.1682400879,80,2
20,0.01,1064,1,1.0577618964,100,1
20,0.01,1065,1,0.9816282574,100,1
20,0.01,1066,1,0.8893388148,20,2
20,0.01,1067,1,1.0297015332,40,2
20,0.01,1068,1,0.4493096062,20,2
20,0.01,1069,1,1.1063446860,100,1
20,0.01,1070,1,0.9652861123,80,2
20,0.01,1071,1,1.2589687771,100,1
20,0.01,1072,1,1.0724655422,100,1
20,0.01,1073,1,0.2243622993,0,1
20,0.01,1074,1,0.9764138394,80,2
20,0.01,1075,1,1.1793116504,100,1
20,0.01,1076,1,1.0323091187,100,1
20,0.01,1077,1,0.8213254163,20,2
20,0.01,1078,1,0.7380876585,40,2
20,0.01,1079,1,0.6698301799,40,2
20,0.01,1080,1,1.1271297026,100,1
20,0.01,1081,1,1.0948212210,100,1
20,0.01,1082,1,0.9030564886,40,2
20,0.01,1083,1,1.2106472168,100,1
20,0.01,1084,1,1.1131111346,100,1
20,0.01,1085,1,1.1174421892,100,1
20,0.01,1086,1,1.1205207228,100,1
20,0.01,1087,1,1.1993192016,80,2
20,0.01,1088,1,1.0856943978,100,1
20,0.01,1089,1,1.0923928192,80,2
20,0.01,1090,1,1.1065896515,100,1
20,0.01,1091,1,1.1850564027,100,1
20,0.01,1092,1,1.0852972787,100,1
20,0.01,1093,1,1.1562548240,80,2
20,0.01,1094,1,1.1120620439,100,1
20,0.01,1095,1,1.0746348031,100,1
20,0.01,1096,1,1.1429613563,100,1
20,0.01,1097,1,1.0270014145,100,1
20,0.01,1098,1,1.1452939523,100,1
20,0.01,1099,1,0.2257202130,0,1
20,0.01,1100,1,0.9548585501,80,2
20,0.01,1101,1,1.2345699289,100,1
20,0.01,1102,1,0.5541984971,20,2
20,0.01,1103,1,1.1025423398,100,1
20,0.01,1104,1,1.0376812945,40,2
20,0.01,1105,1,0.9978244907,100,1
20,0.01,1106,1,1.1051268604,100,1
20,0.01,1107,1,0.5705181510,20,2
20,0.01,1108,1,0.6077377296,20,2
20,0.01,1109,1,1.1869986458,100,1
20,0.01,1110,1,1.0819122739,80,2
20,0.01,1111,1,0.8731729690,20,2
20,0.01,1112,1,1.1246345548,100,1
20,0.01,1113,1,0.7689731768,40,2
20,0.01,1114,1,1.1028339372,100,1
20,0.01,1115,1,1.0243083552,100,1
20,0.01,1116,1,0.9463421252,40,2
20,0.01,1117,1,1.0122069646,80,2
20,0.01,1118,1,0.5450519492,20,2
20,0.01,1119,1,1.2459766476,100,1
20,0.01,1120,1,0.9569996142,60,2
20,0.01,1121,1,1.0657746612,100,1
20,0.01,1122,1,1.1507506238,100,1
20,0.01,1123,1,1.0865672751,80,2
20,0.01,1124,1,1.0042391490,100,1
20,0.01,1125,1,1.0151338801,60,2
20,0.01,1126,1,1.0779984126,100,1
20,0.01,1127,1,0.9832660458,80,2
20,0.01,1128,1,1.0175629110,80,2
20,0.01,1129,1,0.7055415195,40,2
20,0.01,1130,1,1.1642747223,100,1
20,0.01,1131,1,1.0780392005,100,1
20,0.01,1132,1,1.1912409988,100,1
20,0.01,1133,1,1.1013625313,100,1
20,0.01,1134,1,0.7206329424,20,2
20,0.01,1135,1,0.9409864181,80,2
20,0.01,1136,1,1.1781359673,100,1
20,0.01,1137,1,0.3868399376,20,2
20,0.01,1138,1,1.1899814803,100,1
20,0.01,1139,1,1.0063675681,60,2
20,0.01,1140,1,1.0842974696,100,1
20,0.01,1141,1,1.0694739391,100,1
20,0.01,1142,1,1.1232176606,100,1
20,0.01,1143,1,1.1657760803,100,1
20,0.01,1144,1,1.1041561400,100,1
20,0.01,1145,1,1.0096664916,80,2
20,0.01,1146,1,0.7303708289,40,2
20,0.01,1147,1,0.8835458408,40,2
20,0.01,1148,1,0.8177057665,40,2
20,0.01,1149,1,1.1633413605,100,1
20,0.01,1150,1,1.1587378690,80,2
20,0.01,1151,1,1.1793493728,100,1
20,0.01,1152,1,0.7373407523,40,2
20,0.01,1153,1,1.2411773554,100,1
20,0.01,1154,1,1.0005267470,100,1
20,0.01,1155,1,1.2043147175,100,1
20,0.01,1156,1,0.9169991385,60,2
20,0.01,1157,1,1.1019434258,100,1
20,0.01,1158,1,0.9132570234,80,2
20,0.01,1159,1,0.4608119046,20,2
20,0.01,1160,1,0.7768779113,40,2
20,0.01,1161,1,1.0359532495,100,1
20,0.01,1162,1,0.9260265936,80,2
20,0.01,1163,1,1.1806773939,100,1
20,0.01,1164,1,1.0673148611,60,2
20,0.01,1165,1,1.0260646647,100,1
20,0.01,1166,1,1.1744420972,100,1
20,0.01,1167,1,1.0561642933,80,2
20,0.01,1168,1,1.0756860510,100,1
20,0.01,1169,1,0.9750862975,80,2
20,0.01,1170,1,1.1468333473,100,1
20,0.01,1171,1,1.0821378674,100,1
20,0.01,1172,1,0.6952797080,40,2
20,0.01,1173,1,0.9407047081,40,2
20,0.01,1174,1,1.0375605088,80,2
20,0.01,1175,1,0.2263555306,0,1
20,0.01,1176,1,1.0576884635,100,1
20,0.01,1177,1,0.8948301894,40,2
20,0.01,1178,1,1.0402509917,100,1
20,0.01,1179,1,0.9100382983,80,2
20,0.01,1180,1,1.0861649830,100,1
20,0.01,1181,1,1.0049262529,60,2
20,0.01,1182,1,0.2261049910,0,1
20,0.01,1183,1,1.0658648834,100,1
20,0.01,1184,1,1.0410328533,100,1
20,0.01,1185,1,1.0511840486,100,1
20,0.01,1186,1,0.2236084036,0,1
20,0.01,1187,1,1.0816923574,100,1
20,0.01,1188,1,1.1563151545,100,1
20,0.01,1189,1,1.0517193237,80,2
20,0.01,1190,1,0.8702106204,40,2
20,0.01,1191,1,0.9984808794,80,2
20,0.01,1192,1,0.9286916517,40,2
20,0.01,1193,1,1.1821451040,100,1
20,0.01,1194,1,1.0537104153,100,1
20,0.01,1195,1,1.1308048568,100,1
20,0.01,1196,1,1.1005787944,60,2
20,0.01,1197,1,0.9972333119,100,1
20,0.01,1198,1,1.1081323804,100,1
20,0.01,1199,1,0.9693280713,100,1
30,0.01,1000,1,0.9112055433,60,2
30,0.01,1001,1,0.5477444144,30,2
30,0.01,1002,1,1.1081627851,90,1
30,0.01,1003,1,1.0770036007,90,1
30,0.01,1004,1,1.1975861243,90,1
30,0.01,1005,1,1.1552710171,90,1
30,0.01,1006,1,0.1899855105,0,1
30,0.01,1007,1,0.2002910178,0,1
30,0.01,1008,1,1.1819197790,90,1
30,0.01,1009,1,0.0577494984,0,1
30,0.01,1010,1,1.1099367358,90,1
30,0.01,1011,1,0.3475864056,0,1
30,0.01,1012,1,0.3461038412,0,1
30,0.01,1013,1,0.1035536917,0,1
30,0.01,1014,1,0.9912081759,90,1
30,0.01,1015,1,0.9975463188,60,2
30,0.01,1016,1,0.0964286824,0,1
30,0.01,1017,1,1.1344386132,90,1
30,0.01,1018,1,0.0488212996,0,1
30,0.01,1019,1,1.1308861555,90,1
30,0.01,1020,1,1.1422332615,90,1
30,0.01,1021,1,0.2622453215,0,1
30,0.01,1022,1,1.2370619267,90,1
30,0.01,1023,1,1.1537303237,90,1
30,0.01,1024,1,0.8253809380,60,2
30,0.01,1025,1,1.0400600527,60,2
30,0.01,1026,1,1.1686096559,90,1
30,0.01,1027,1,1.1869080381,90,1
30,0.01,1028,1,1.1065068482,90,1
30,0.01,1029,1,0.1729362675,0,1
30,0.01,1030,1,0.3589794926,0,1
30,0.01,1031,1,1.0737681795,90,1
30,0.01,1032,1,1.1670507163,90,1
30,0.01,1033,1,0.9490037342,60,2
30,0.01,1034,1,0.0920378539,0,1
30,0.01,1035,1,0.1857008146,0,1
30,0.01,1036,1,1.0839695113,60,2
30,0.01,1037,1,1.1825579030,90,1
30,0.01,1038,1,1.0778470561,90,1
30,0.01,1039,1,0.1450843902,0,1
30,0.01,1040,1,1.1358138946,90,1
30,0.01,1041,1,0.8857456909,60,2
30,0.01,1042,1,0.1592914076,0,1
30,0.01,1043,1,0.8634957175,60,2
30,0.01,1044,1,0.9901758568,90,1
30,0.01,1045,1,1.0015482189,60,2
30,0.01,1046,1,1.0869181185,60,2
30,0.01,1047,1,1.1239273201,90,1
30,0.01,1048,1,1.1246187557,90,1
30,0.01,1049,1,1.0659856885,90,1
30,0.01,1050,1,1.1429400508,90,1
30,0.01,1051,1,1.1220619708,90,1
30,0.01,1052,1,1.0750334266,90,1
30,0.01,1053,1,0.3955008436,0,1
30,0.01,1054,1,0.3477673474,0,1
30,0.01,1055,1,0.1675954527,0,1
30,0.01,1056,1,1.2363017203,90,1
30,0.01,1057,1,1.0701336407,90,1
30,0.01,1058,1,1.0344485351,90,1
30,0.01,1059,1,0.1273252174,0,1
30,0.01,1060,1,0.3543437635,0,1
30,0.01,1061,1,0.1563923865,0,1
30,0.01,1062,1,0.9721081640,60,2
30,0.01,1063,1,1.0702319669,60,2
30,0.01,1064,1,1.0161843663,90,1
30,0.01,1065,1,0.9460135529,90,1
30,0.01,1066,1,0.1746153613,0,1
30,0.01,1067,1,0.0614196383,0,1
30,0.01,1068,1,0.3016133179,0,1
30,0.01,1069,1,1.0960939179,90,1
30,0.01,1070,1,0.8633148456,60,2
30,0.01,1071,1,1.2166485764,90,1
30,0.01,1072,1,1.0642406195,90,1
30,0.01,1073,1,0.3439310369,0,1
30,0.01,1074,1,0.6284608951,30,2
30,0.01,1075,1,1.1419846804,90,1
30,0.01,1076,1,1.0054900660,90,1
30,0.01,1077,1,0.1679833194,0,1
30,0.01,1078,1,0.1176018425,0,1
30,0.01,1079,1,0.0390339090,0,1
30,0.01,1080,1,1.0791766541,90,1
30,0.01,1081,1,1.0646018086,90,1
30,0.01,1082,1,0.1073589955,0,1
30,0.01,1083,1,1.1951450624,90,1
30,0.01,1084,1,1.0927972828,90,1
30,0.01,1085,1,1.0949136382,90,1
30,0.01,1086,1,1.0947737571,90,1
30,0.01,1087,1,1.1137528847,60,2
30,0.01,1088,1,1.0656613462,90,1
30,0.01,1089,1,1.0425357875,60,2
30,0.01,1090,1,1.0960738223,90,1
30,0.01,1091,1,1.1575165644,90,1
30,0.01,1092,1,1.0527872154,90,1
30,0.01,1093,1,0.9395785767,30,2
30,0.01,1094,1,1.0751859488,90,1
30,0.01,1095,1,1.0406495643,90,1
30,0.01,1096,1,1.1094429091,90,1
30,0.01,1097,1,1.0056587982,90,1
30,0.01,1098,1,1.1250701320,90,1
30,0.01,1099,1,0.3461613399,0,1
30,0.01,1100,1,0.8354405884,60,2
30,0.01,1101,1,1.2126347285,90,1
30,0.01,1102,1,0.2933346042,0,1
30,0.01,1103,1,1.0797603547,90,1
30,0.01,1104,1,0.0450435572,0,1
30,0.01,1105,1,0.9686501841,90,1
30,0.01,1106,1,1.0922608457,90,1
30,0.01,1107,1,0.2006634273,0,1
30,0.01,1108,1,0.3419358523,0,1
30,0.01,1109,1,1.1404073987,90,1
30,0.01,1110,1,1.0212436724,60,2
30,0.01,1111,1,0.1964649842,0,1
30,0.01,1112,1,1.0867209328,90,1
30,0.01,1113,1,0.0618323848,0,1
30,0.01,1114,1,1.0884097571,90,1
30,0.01,1115,1,0.9923261718,90,1
30,0.01,1116,1,0.0630914426,0,1
30,0.01,1117,1,0.9791996632,60,2
30,0.01,1118,1,0.2257244990,0,1
30,0.01,1119,1,1.2415855781,90,1
30,0.01,1120,1,0.8362504748,30,2
30,0.01,1121,1,1.0379081426,90,1
30,0.01,1122,1,1.1108738434,90,1
30,0.01,1123,1,0.6742414290,30,2
30,0.01,1124,1,0.9690316849,90,1
30,0.01,1125,1,0.7388305019,30,2
30,0.01,1126,1,1.0430090885,90,1
30,0.01,1127,1,0.8848418493,60,2
30,0.01,1128,1,0.9136293319,60,2
30,0.01,1129,1,0.0884326737,0,1
30,0.01,1130,1,1.1485422153,90,1
30,0.01,1131,1,1.0331235940,90,1
30,0.01,1132,1,1.1727898173,90,1
30,0.01,1133,1,1.0585564331,90,1
30,0.01,1134,1,0.3475221537,0,1
30,0.01,1135,1,0.8094119912,60,2
30,0.01,1136,1,1.1391996853,90,1
30,0.01,1137,1,0.2981131734,0,1
30,0.01,1138,1,1.1812311546,90,1
30,0.01,1139,1,0.9271800920,30,2
30,0.01,1140,1,1.0482251262,90,1
30,0.01,1141,1,1.0391450949,90,1
30,0.01,1142,1,1.0803851904,90,1
30,0.01,1143,1,1.1216289587,90,1
30,0.01,1144,1,1.0601028612,90,1
30,0.01,1145,1,0.8913718690,60,2
30,0.01,1146,1,0.0442284782,0,1
30,0.01,1147,1,0.0443911204,0,1
30,0.01,1148,1,0.0437914334,0,1
30,0.01,1149,1,1.1559569666,90,1
30,0.01,1150,1,1.0894745472,60,2
30,0.01,1151,1,1.1414034658,90,1
30,0.01,1152,1,0.0963883683,0,1
30,0.01,1153,1,1.2299513807,90,1
30,0.01,1154,1,0.9677213518,90,1
30,0.01,1155,1,1.1903061841,90,1
30,0.01,1156,1,0.0429084331,0,1
30,0.01,1157,1,1.0681285669,90,1
30,0.01,1158,1,0.8296882125,60,2
30,0.01,1159,1,0.1368070941,0,1
30,0.01,1160,1,0.0883692579,0,1
30,0.01,1161,1,1.0142697853,90,1
30,0.01,1162,1,0.8465371760,60,2
30,0.01,1163,1,1.1414558923,90,1
30,0.01,1164,1,0.7527445130,30,2
30,0.01,1165,1,1.0087437484,90,1
30,0.01,1166,1,1.1331887928,90,1
30,0.01,1167,1,0.9610050004,60,2
30,0.01,1168,1,1.0412237768,90,1
30,0.01,1169,1,0.8838131136,60,2
30,0.01,1170,1,1.1357808579,90,1
30,0.01,1171,1,1.0631424264,90,1
30,0.01,1172,1,0.0560379345,0,1
30,0.01,1173,1,0.0595089696,0,1
30,0.01,1174,1,0.8946557034,60,2
30,0.01,1175,1,0.3507407199,0,1
30,0.01,1176,1,1.0449718032,90,1
30,0.01,1177,1,0.0565898844,0,1
30,0.01,1178,1,1.0069358764,90,1
30,0.01,1179,1,0.7789510481,60,2
30,0.01,1180,1,1.0443567897,90,1
30,0.01,1181,1,0.0638331065,0,1
30,0.01,1182,1,0.3489799082,0,1
30,0.01,1183,1,1.0509388267,90,1
30,0.01,1184,1,1.0126438938,90,1
30,0.01,1185,1,1.0114439422,90,1
30,0.01,1186,1,0.3426277663,0,1
30,0.01,1187,1,1.0398463224,90,1
30,0.01,1188,1,1.1157816660,90,1
30,0.01,1189,1,0.9774415059,60,2
30,0.01,1190,1,0.0993051041,0,1
30,0.01,1191,1,0.8872662976,60,2
30,0.01,1192,1,0.0841923270,0,1
30,0.01,1193,1,1.1678471624,90,1
30,0.01,1194,1,1.0178503349,90,1
30,0.01,1195,1,1.1065457768,90,1
30,0.01,1196,1,0.9610135905,30,2
30,0.01,1197,1,0.9664346469,90,1
30,0.01,1198,1,1.1015939863,90,1
30,0.01,1199,1,0.9450026939,90,1
40,0.01,1000,1,0.0198415619,0,1
40,0.01,1001,1,0.0509765010,0,1
40,0.01,1002,1,1.0915337403,80,1
40,0.01,1003,1,1.0488032481,80,1
40,0.01,1004,1,1.1788948887,80,1
40,0.01,1005,1,1.1287396082,80,1
40,0.01,1006,1,0.2534395641,0,1
40,0.01,1007,1,0.2602011286,0,1
40,0.01,1008,1,1.1678367844,80,1
40,0.01,1009,1,0.0937160864,0,1
40,0.01,1010,1,1.0708149185,80,1
40,0.01,1011,1,0.4473577423,0,1
40,0.01,1012,1,0.4448985024,0,1
40,0.01,1013,1,0.1627667423,0,1
40,0.01,1014,1,0.9501500698,80,1
40,0.01,1015,1,0.0225217893,0,1
40,0.01,1016,1,0.1529222889,0,1
40,0.01,1017,1,1.1087457909,80,1
40,0.01,1018,1,0.0681040881,0,1
40,0.01,1019,1,1.1000715929,80,1
40,0.01,1020,1,1.1042048021,80,1
40,0.01,1021,1,0.3627739116,0,1
40,0.01,1022,1,1.2169466572,80,1
40,0.01,1023,1,1.1429068587,80,1
40,0.01,1024,1,0.0110367694,0,1
40,0.01,1025,1,0.9982329886,40,2
40,0.01,1026,1,1.1294496427,80,1
40,0.01,1027,1,1.1356087917,80,1
40,0.01,1028,1,1.0877076138,80,1
40,0.01,1029,1,0.2225101475,0,1
40,0.01,1030,1,0.4694441409,0,1
40,0.01,1031,1,1.0409077109,80,1
40,0.01,1032,1,1.1450737861,80,1
40,0.01,1033,1,0.9121357025,40,2
40,0.01,1034,1,0.1477514513,0,1
40,0.01,1035,1,0.2562590166,0,1
40,0.01,1036,1,0.9917521362,40,2
40,0.01,1037,1,1.1240348423,80,1
40,0.01,1038,1,1.0409155481,80,1
40,0.01,1039,1,0.1874927727,0,1
40,0.01,1040,1,1.1062946581,80,1
40,0.01,1041,1,0.7203284731,40,2
40,0.01,1042,1,0.2048145478,0,1
40,0.01,1043,1,0.0161689208,0,1
40,0.01,1044,1,0.9415236605,80,1
40,0.01,1045,1,0.9366134791,40,2
40,0.01,1046,1,0.9921554755,40,2
40,0.01,1047,1,1.0825139833,80,1
40,0.01,1048,1,1.1166878100,80,1
40,0.01,1049,1,1.0464235228,80,1
40,0.01,1050,1,1.1121182035,80,1
40,0.01,1051,1,1.1101339805,80,1
40,0.01,1052,1,1.0648780011,80,1
40,0.01,1053,1,0.5204512773,0,1
40,0.01,1054,1,0.4481531923,0,1
40,0.01,1055,1,0.2201100480,0,1
40,0.01,1056,1,1.2206614324,80,1
40,0.01,1057,1,1.0527483663,80,1
40,0.01,1058,1,0.9884100980,80,1
40,0.01,1059,1,0.1962926994,0,1
40,0.01,1060,1,0.4563715606,0,1
40,0.01,1061,1,0.2386545845,0,1
40,0.01,1062,1,0.8157161485,40,2
40,0.01,1063,1,0.0215852393,0,1
40,0.01,1064,1,0.9661307416,80,1
40,0.01,1065,1,0.9037360144,80,1
40,0.01,1066,1,0.2297052147,0,1
40,0.01,1067,1,0.0972295700,0,1
40,0.01,1068,1,0.4130805960,0,1
40,0.01,1069,1,1.0840215311,80,1
40,0.01,1070,1,0.0118968042,0,1
40,0.01,1071,1,1.1637049410,80,1
40,0.01,1072,1,1.0520478986,80,1
40,0.01,1073,1,0.4402712415,0,1
40,0.01,1074,1,0.0298032848,0,1
40,0.01,1075,1,1.0947597014,80,1
40,0.01,1076,1,0.9711729817,80,1
40,0.01,1077,1,0.2172783623,0,1
40,0.01,1078,1,0.1907467784,0,1
40,0.01,1079,1,0.0534412162,0,1
40,0.01,1080,1,1.0212357115,80,1
40,0.01,1081,1,1.0276857046,80,1
40,0.01,1082,1,0.1678513684,0,1
40,0.01,1083,1,1.1731964843,80,1
40,0.01,1084,1,1.0677079508,80,1
40,0.01,1085,1,1.0666653612,80,1
40,0.01,1086,1,1.0626477170,80,1
40,0.01,1087,1,0.0115532705,0,1
40,0.01,1088,1,1.0407445942,80,1
40,0.01,1089,1,0.9727238740,40,2
40,0.01,1090,1,1.0804935727,80,1
40,0.01,1091,1,1.1227091470,80,1
40,0.01,1092,1,1.0152653481,80,1
40,0.01,1093,1,0.0351435773,0,1
40,0.01,1094,1,1.0286251163,80,1
40,0.01,1095,1,0.9975172616,80,1
40,0.01,1096,1,1.0686922622,80,1
40,0.01,1097,1,0.9780665805,80,1
40,0.01,1098,1,1.0994222612,80,1
40,0.01,1099,1,0.4430117586,0,1
40,0.01,1100,1,0.6733469816,40,2
40,0.01,1101,1,1.1848431316,80,1
40,0.01,1102,1,0.4033624752,0,1
40,0.01,1103,1,1.0505044381,80,1
40,0.01,1104,1,0.0629379815,0,1
40,0.01,1105,1,0.9354670769,80,1
40,0.01,1106,1,1.0752206475,80,1
40,0.01,1107,1,0.2587091798,0,1
40,0.01,1108,1,0.4399343749,0,1
40,0.01,1109,1,1.0820981184,80,1
40,0.01,1110,1,0.9330913579,40,2
40,0.01,1111,1,0.2525283736,0,1
40,0.01,1112,1,1.0402629686,80,1
40,0.01,1113,1,0.1001313926,0,1
40,0.01,1114,1,1.0692031677,80,1
40,0.01,1115,1,0.9536712562,80,1
40,0.01,1116,1,0.0991953360,0,1
40,0.01,1117,1,0.9186471247,40,2
40,0.01,1118,1,0.3128515806,0,1
40,0.01,1119,1,1.2343797935,80,1
40,0.01,1120,1,0.0599232661,0,1
40,0.01,1121,1,1.0035529364,80,1
40,0.01,1122,1,1.0623144036,80,1
40,0.01,1123,1,0.0429665660,0,1
40,0.01,1124,1,0.9267783837,80,1
40,0.01,1125,1,0.0812822654,0,1
40,0.01,1126,1,0.9992800762,80,1
40,0.01,1127,1,0.7449978138,40,2
40,0.01,1128,1,0.7671949461,40,2
40,0.01,1129,1,0.1414876291,0,1
40,0.01,1130,1,1.1278625095,80,1
40,0.01,1131,1,0.9779553276,80,1
40,0.01,1132,1,1.1510029125,80,1
40,0.01,1133,1,1.0070632495,80,1
40,0.01,1134,1,0.4504260682,0,1
40,0.01,1135,1,0.6303349230,40,2
40,0.01,1136,1,1.0927011466,80,1
40,0.01,1137,1,0.4089188652,0,1
40,0.01,1138,1,1.1693601978,80,1
40,0.01,1139,1,0.0686278731,0,1
40,0.01,1140,1,1.0030764784,80,1
40,0.01,1141,1,1.0008508755,80,1
40,0.01,1142,1,1.0269605058,80,1
40,0.01,1143,1,1.0658521270,80,1
40,0.01,1144,1,1.0048545266,80,1
40,0.01,1145,1,0.7232743616,40,2
40,0.01,1146,1,0.0596492533,0,1
40,0.01,1147,1,0.0687964547,0,1
40,0.01,1148,1,0.0610197701,0,1
40,0.01,1149,1,1.1447317887,80,1
40,0.01,1150,1,0.9913603686,40,2
40,0.01,1151,1,1.0947443685,80,1
40,0.01,1152,1,0.1547769481,0,1
40,0.01,1153,1,1.2135398937,80,1
40,0.01,1154,1,0.9262947428,80,1
40,0.01,1155,1,1.1732280346,80,1
40,0.01,1156,1,0.0759846352,0,1
40,0.01,1157,1,1.0270232789,80,1
40,0.01,1158,1,0.7198415328,40,2
40,0.01,1159,1,0.1756246990,0,1
40,0.01,1160,1,0.1393543445,0,1
40,0.01,1161,1,0.9865970063,80,1
40,0.01,1162,1,0.7347785813,40,2
40,0.01,1163,1,1.0925387711,80,1
40,0.01,1164,1,0.0737613474,0,1
40,0.01,1165,1,0.9873671154,80,1
40,0.01,1166,1,1.0836968910,80,1
40,0.01,1167,1,0.0254363347,0,1
40,0.01,1168,1,0.9995606904,80,1
40,0.01,1169,1,0.7479502244,40,2
40,0.01,1170,1,1.1202035493,80,1
40,0.01,1171,1,1.0381708432,80,1
40,0.01,1172,1,0.0842588918,0,1
40,0.01,1173,1,0.0873490451,0,1
40,0.01,1174,1,0.6943944371,40,2
40,0.01,1175,1,0.4553330249,0,1
40,0.01,1176,1,1.0288635603,80,1
40,0.01,1177,1,0.0897748826,0,1
40,0.01,1178,1,0.9667238471,80,1
40,0.01,1179,1,0.5983103393,40,2
40,0.01,1180,1,0.9937111160,80,1
40,0.01,1181,1,0.1119194271,0,1
40,0.01,1182,1,0.4498886397,0,1
40,0.01,1183,1,1.0319862655,80,1
40,0.01,1184,1,0.9778853124,80,1
40,0.01,1185,1,0.9629478655,80,1
40,0.01,1186,1,0.4405189323,0,1
40,0.01,1187,1,0.9895562114,80,1
40,0.01,1188,1,1.0670172077,80,1
40,0.01,1189,1,0.8749664974,40,2
40,0.01,1190,1,0.1607099891,0,1
40,0.01,1191,1,0.7213726586,40,2
40,0.01,1192,1,0.1334689371,0,1
40,0.01,1193,1,1.1468921807,80,1
40,0.01,1194,1,0.9721735790,80,1
40,0.01,1195,1,1.0754377289,80,1
40,0.01,1196,1,0.0693051711,0,1
40,0.01,1197,1,0.9282727146,80,1
40,0.01,1198,1,1.0924214266,80,1
40,0.01,1199,1,0.9154363100,80,1
60,0.01,1000,1,0.0453955285,0,1
60,0.01,1001,1,0.0873580888,0,1
60,0.01,1002,1,1.0431537035,60,1
60,0.01,1003,1,0.9698483629,60,1
60,0.01,1004,1,1.1258207527,60,1
60,0.01,1005,1,1.0578799623,60,1
60,0.01,1006,1,0.3607876324,0,1
60,0.01,1007,1,0.3508725307,0,1
60,0.01,1008,1,1.1236779041,60,1
60,0.01,1009,1,0.1574861497,0,1
60,0.01,1010,1,0.9759357304,60,1
60,0.01,1011,1,0.5956397074,0,1
60,0.01,1012,1,0.5910547489,0,1
60,0.01,1013,1,0.2722694834,0,1
60,0.01,1014,1,0.8436497150,60,1
60,0.01,1015,1,0.0524711396,0,1
60,0.01,1016,1,0.2523367343,0,1
60,0.01,1017,1,1.0373664915,60,1
60,0.01,1018,1,0.0980344352,0,1
60,0.01,1019,1,1.0143265858,60,1
60,0.01,1020,1,1.0097830163,60,1
60,0.01,1021,1,0.5256696378,0,1
60,0.01,1022,1,1.1553298934,60,1
60,0.01,1023,1,1.1090932216,60,1
60,0.01,1024,1,0.0310738382,0,1
60,0.01,1025,0,0.0000000000,0,1
60,0.01,1026,1,1.0171396808,60,1
60,0.01,1027,1,1.0061966013,60,1
60,0.01,1028,1,1.0351817015,60,1
60,0.01,1029,1,0.2951513701,0,1
60,0.01,1030,1,0.6412821225,0,1
60,0.01,1031,1,0.9453450880,60,1
60,0.01,1032,1,1.0791850912,60,1
60,0.01,1033,0,0.0007185326,0,1
60,0.01,1034,1,0.2497535565,0,1
60,0.01,1035,1,0.3784299983,0,1
60,0.01,1036,1,0.0156742085,0,1
60,0.01,1037,1,0.9800779325,60,1
60,0.01,1038,1,0.9473808149,60,1
60,0.01,1039,1,0.2502132441,0,1
60,0.01,1040,1,1.0261928484,60,1
60,0.01,1041,1,0.0164407317,0,1
60,0.01,1042,1,0.2733129006,0,1
60,0.01,1043,1,0.0369412716,0,1
60,0.01,1044,1,0.8183777115,60,1
60,0.01,1045,1,0.0109164794,0,1
60,0.01,1046,1,0.0288260133,0,1
60,0.01,1047,1,0.9707356043,60,1
60,0.01,1048,1,1.0894065628,60,1
60,0.01,1049,1,0.9915829557,60,1
60,0.01,1050,1,1.0263814070,60,1
60,0.01,1051,1,1.0750981376,60,1
60,0.01,1052,1,1.0379950994,60,1
60,0.01,1053,1,0.7121431655,0,1
60,0.01,1054,1,0.5984177662,0,1
60,0.01,1055,1,0.3061754398,0,1
60,0.01,1056,1,1.1779812606,60,1
60,0.01,1057,1,1.0004039121,60,1
60,0.01,1058,1,0.8706331985,60,1
60,0.01,1059,1,0.3212012691,0,1
60,0.01,1060,1,0.6072143326,0,1
60,0.01,1061,1,0.3858207826,0,1
60,0.01,1062,0,0.0000000000,0,1
60,0.01,1063,1,0.0672418367,0,1
60,0.01,1064,1,0.8430699983,60,1
60,0.01,1065,1,0.7993392209,60,1
60,0.01,1066,1,0.3139822249,0,1
60,0.01,1067,1,0.1651353802,0,1
60,0.01,1068,1,0.5914545134,0,1
60,0.01,1069,1,1.0528223275,60,1
60,0.01,1070,1,0.0330955360,0,1
60,0.01,1071,1,1.0252005353,60,1
60,0.01,1072,1,1.0124195909,60,1
60,0.01,1073,1,0.5807910899,0,1
60,0.01,1074,1,0.0742648775,0,1
60,0.01,1075,1,0.9665602361,60,1
60,0.01,1076,1,0.8741860354,60,1
60,0.01,1077,1,0.2913563301,0,1
60,0.01,1078,1,0.3249721573,0,1
60,0.01,1079,1,0.0868972383,0,1
60,0.01,1080,1,0.8761029712,60,1
60,0.01,1081,1,0.9292901189,60,1
60,0.01,1082,1,0.2735997405,0,1
60,0.01,1083,1,1.1095944390,60,1
60,0.01,1084,1,0.9969990709,60,1
60,0.01,1085,1,0.9883396911,60,1
60,0.01,1086,1,0.9762903309,60,1
60,0.01,1087,1,0.0254665457,0,1
60,0.01,1088,1,0.9701850071,60,1
60,0.01,1089,1,0.0119101439,0,1
60,0.01,1090,1,1.0294426302,60,1
60,0.01,1091,1,1.0255668176,60,1
60,0.01,1092,1,0.9250575750,60,1
60,0.01,1093,1,0.0853266787,0,1
60,0.01,1094,1,0.9037686368,60,1
60,0.01,1095,1,0.8808116104,60,1
60,0.01,1096,1,0.9627860604,60,1
60,0.01,1097,1,0.8994336338,60,1
60,0.01,1098,1,1.0247011169,60,1
60,0.01,1099,1,0.5837788695,0,1
60,0.01,1100,1,0.0187612460,0,1
60,0.01,1101,1,1.1071827195,60,1
60,0.01,1102,1,0.5813381691,0,1
60,0.01,1103,1,0.9662531021,60,1
60,0.01,1104,1,0.1035722003,0,1
60,0.01,1105,1,0.8538909794,60,1
60,0.01,1106,1,1.0260395496,60,1
60,0.01,1107,1,0.3450854211,0,1
60,0.01,1108,1,0.5878417251,0,1
60,0.01,1109,1,0.9316454514,60,1
60,0.01,1110,0,0.0000000000,0,1
60,0.01,1111,1,0.3339953761,0,1
60,0.01,1112,1,0.9189468518,60,1
60,0.01,1113,1,0.1752118600,0,1
60,0.01,1114,1,1.0144640961,60,1
60,0.01,1115,1,0.8561611684,60,1
60,0.01,1116,1,0.1679229422,0,1
60,0.01,1117,1,0.0160186420,0,1
60,0.01,1118,1,0.4621192251,0,1
60,0.01,1119,1,1.2097147884,60,1
60,0.01,1120,1,0.1026777340,0,1
60,0.01,1121,1,0.9102398074,60,1
60,0.01,1122,1,0.9380650192,60,1
60,0.01,1123,1,0.1071600652,0,1
60,0.01,1124,1,0.8207587687,60,1
60,0.01,1125,1,0.1377469259,0,1
60,0.01,1126,1,0.8827162707,60,1
60,0.01,1127,1,0.0217474568,0,1
60,0.01,1128,0,0.0000000000,0,1
60,0.01,1129,1,0.2365907480,0,1
60,0.01,1130,1,1.0692772965,60,1
60,0.01,1131,1,0.8400463418,60,1
60,0.01,1132,1,1.0939150177,60,1
60,0.01,1133,1,0.8791151810,60,1
60,0.01,1134,1,0.6090434319,0,1
60,0.01,1135,0,0.0013085479,0,1
60,0.01,1136,1,0.9775370511,60,1
60,0.01,1137,1,0.5870468688,0,1
60,0.01,1138,1,1.1326412152,60,1
60,0.01,1139,1,0.1146029717,0,1
60,0.01,1140,1,0.8836285257,60,1
60,0.01,1141,1,0.8952306584,60,1
60,0.01,1142,1,0.8887719134,60,1
60,0.01,1143,1,0.9196269802,60,1
60,0.01,1144,1,0.8617943805,60,1
60,0.01,1145,1,0.0140611667,0,1
60,0.01,1146,1,0.0825878616,0,1
60,0.01,1147,1,0.1219676452,0,1
60,0.01,1148,1,0.0885238156,0,1
60,0.01,1149,1,1.1086259317,60,1
60,0.01,1150,0,0.0011219948,0,1
60,0.01,1151,1,0.9754906999,60,1
60,0.01,1152,1,0.2623051592,0,1
60,0.01,1153,1,1.1607241700,60,1
60,0.01,1154,1,0.8151328092,60,1
60,0.01,1155,1,1.1250837434,60,1
60,0.01,1156,1,0.1446875545,0,1
60,0.01,1157,1,0.9224578786,60,1
60,0.01,1158,0,0.0076695571,0,1
60,0.01,1159,1,0.2335214224,0,1
60,0.01,1160,1,0.2302977660,0,1
60,0.01,1161,1,0.9075383310,60,1
60,0.01,1162,1,0.0131080040,0,1
60,0.01,1163,1,0.9649954570,60,1
60,0.01,1164,1,0.1249580515,0,1
60,0.01,1165,1,0.9314995681,60,1
60,0.01,1166,1,0.9601895567,60,1
60,0.01,1167,1,0.0647983701,0,1
60,0.01,1168,1,0.8946226936,60,1
60,0.01,1169,0,0.0000000000,0,1
60,0.01,1170,1,1.0750058825,60,1
60,0.01,1171,1,0.9678545215,60,1
60,0.01,1172,1,0.1347947856,0,1
60,0.01,1173,1,0.1368559703,0,1
60,0.01,1174,1,0.0202733425,0,1
60,0.01,1175,1,0.6171630849,0,1
60,0.01,1176,1,0.9858375387,60,1
60,0.01,1177,1,0.1470073627,0,1
60,0.01,1178,1,0.8646850882,60,1
60,0.01,1179,0,0.0000000000,0,1
60,0.01,1180,1,0.8663794787,60,1
60,0.01,1181,1,0.2075777732,0,1
60,0.01,1182,1,0.6008103508,0,1
60,0.01,1183,1,0.9767295987,60,1
60,0.01,1184,1,0.8853596412,60,1
60,0.01,1185,1,0.8409137543,60,1
60,0.01,1186,1,0.5880942606,0,1
60,0.01,1187,1,0.8645661893,60,1
60,0.01,1188,1,0.9446398024,60,1
60,0.01,1189,1,0.0161848806,0,1
60,0.01,1190,1,0.2744029631,0,1
60,0.01,1191,0,0.0000000000,0,1
60,0.01,1192,1,0.2207406153,0,1
60,0.01,1193,1,1.0854099614,60,1
60,0.01,1194,1,0.8512662457,60,1
60,0.01,1195,1,0.9883590693,60,1
60,0.01,1196,1,0.1173597965,0,1
60,0.01,1197,1,0.8287240695,60,1
60,0.01,1198,1,1.0634746606,60,1
60,0.01,1199,1,0.8358577343,60,1
1,0.02,1000,1,1.0973139766,108,17
1,0.02,1001,1,0.9830223864,109,16
1,0.02,1002,1,1.1230489106,112,11
1,0.02,1003,1,1.1055559261,109,16
1,0.02,1004,1,0.9165005110,35,16
1,0.02,1005,1,1.1821270395,110,14
1,0.02,1006,1,0.3551925158,6,17
1,0.02,1007,1,1.1071490384,111,13
1,0.02,1008,1,0.1170656077,6,18
1,0.02,1009,1,1.1593671195,111,13
1,0.02,1010,1,1.1700902321,109,16
1,0.02,1011,1,0.9759311264,90,11
1,0.02,1012,1,0.7716262849,50,17
1,0.02,1013,1,1.1039757094,109,16
1,0.02,1014,1,1.0250598085,89,16
1,0.02,1015,1,1.1843267556,110,14
1,0.02,1016,1,1.1226298388,112,11
1,0.02,1017,1,0.5395859294,31,17
1,0.02,1018,1,1.1900469884,108,17
1,0.02,1019,1,1.0983143851,86,14
1,0.02,1020,1,1.1982884287,109,16
1,0.02,1021,1,1.0214434157,90,16
1,0.02,1022,1,1.2529878410,111,13
1,0.02,1023,1,1.1562626276,111,13
1,0.02,1024,1,0.1318769476,7,21
1,0.02,1025,1,1.0998609366,111,13
1,0.02,1026,1,1.2123931499,109,16
1,0.02,1027,1,0.1413460378,5,16
1,0.02,1028,1,1.1189562621,106,20
1,0.02,1029,1,1.1439248382,112,11
1,0.02,1030,1,0.9973174379,80,11
1,0.02,1031,1,0.1605078890,6,19
1,0.02,1032,1,1.1774509861,109,16
1,0.02,1033,1,0.9825717889,110,14
1,0.02,1034,1,0.3893899299,5,16
1,0.02,1035,1,1.1688421207,112,11
1,0.02,1036,1,1.1895472509,109,16
1,0.02,1037,1,0.1236556729,5,15
1,0.02,1038,1,0.9650568079,66,20
1,0.02,1039,1,0.6399347450,33,19
1,0.02,1040,1,1.1698617325,110,14
1,0.02,1041,1,1.0804562423,107,19
1,0.02,1042,1,0.0793388672,4,12
1,0.02,1043,1,0.0642049680,6,18
1,0.02,1044,1,0.1936695773,6,18
1,0.02,1045,1,1.0872753314,109,16
1,0.02,1046,1,1.1887778703,112,11
1,0.02,1047,1,0.0601476906,8,23
1,0.02,1048,1,1.1268289792,111,13
1,0.02,1049,1,0.8770812362,46,16
1,0.02,1050,1,1.1813952815,109,16
1,0.02,1051,1,1.1339431367,111,13
1,0.02,1052,1,1.0795363156,110,14
1,0.02,1053,1,0.5887961599,32,13
1,0.02,1054,1,0.2078519055,4,12
1,0.02,1055,1,1.0951628618,90,14
1,0.02,1056,1,1.2505473331,111,13
1,0.02,1057,1,1.0732396406,108,17
1,0.02,1058,1,1.0629791528,91,14
1,0.02,1059,1,0.2146054929,5,16
1,0.02,1060,1,0.5283753144,4,13
1,0.02,1061,1,0.3201402188,6,18
1,0.02,1062,1,1.1084514839,92,14
1,0.02,1063,1,1.2490642870,112,11
1,0.02,1064,1,1.0876778608,109,16
1,0.02,1065,1,0.2152904734,15,13
1,0.02,1066,1,1.0775332793,112,11
1,0.02,1067,1,1.2574035504,107,19
1,0.02,1068,1,0.2833993929,4,12
1,0.02,1069,1,0.9992984570,84,13
1,0.02,1070,1,1.0562287336,111,13
1,0.02,1071,1,1.2923196483,110,14
1,0.02,1072,1,1.0668216726,109,16
1,0.02,1073,1,1.0035624055,92,13
1,0.02,1074,1,0.9647107364,83,20
1,0.02,1075,1,1.1018093171,85,20
1,0.02,1076,1,0.3259703698,6,17
1,0.02,1077,1,1.0277791935,112,11
1,0.02,1078,1,1.2037869102,106,20
1,0.02,1079,1,1.1495619017,109,16
1,0.02,1080,1,1.1579208983,110,14
1,0.02,1081,1,0.8704595275,58,16
1,0.02,1082,1,0.9953971370,69,19
1,0.02,1083,1,1.2168151320,110,14
1,0.02,1084,1,1.1035193674,106,20
1,0.02,1085,1,1.0882345289,93,13
1,0.02,1086,1,1.1317023197,109,16
1,0.02,1087,1,1.2533924622,107,19
1,0.02,1088,1,1.0683575305,104,23
1,0.02,1089,1,1.1379358037,110,14
1,0.02,1090,1,1.1063817117,112,11
1,0.02,1091,1,1.2026244680,111,13
1,0.02,1092,1,1.0214878838,82,14
1,0.02,1093,1,1.1995780369,112,11
1,0.02,1094,1,1.1229399400,107,19
1,0.02,1095,1,1.0634454185,87,11
1,0.02,1096,1,1.1712541028,111,13
1,0.02,1097,1,0.8541852144,68,14
1,0.02,1098,1,0.6471395335,39,14
1,0.02,1099,1,0.9969326827,79,11
1,0.02,1100,1,0.7581691025,54,17
1,0.02,1101,1,1.2488544431,111,13
1,0.02,1102,1,0.9343027315,89,14
1,0.02,1103,1,1.1158200742,108,17
1,0.02,1104,1,1.2275644848,110,14
1,0.02,1105,1,0.1019721459,5,15
1,0.02,1106,1,1.1117274396,111,13
1,0.02,1107,1,0.6567682316,23,16
1,0.02,1108,1,1.0901690122,82,14
1,0.02,1109,1,0.0837075787,8,24
1,0.02,1110,1,1.1300820587,111,13
1,0.02,1111,1,1.1681576718,111,13
1,0.02,1112,1,0.0736349597,9,22
1,0.02,1113,1,1.2002506600,109,16
1,0.02,1114,1,1.1050800145,111,13
1,0.02,1115,1,0.9972622211,89,14
1,0.02,1116,1,1.0996241142,109,16
1,0.02,1117,1,0.4090975002,6,18
1,0.02,1118,1,0.5192156915,27,16
1,0.02,1119,1,1.2408545432,111,13
1,0.02,1120,1,1.0251465463,109,16
1,0.02,1121,1,0.9826623651,86,17
1,0.02,1122,1,1.1594582194,107,19
1,0.02,1123,1,1.0165666920,71,14
1,0.02,1124,1,0.1268486137,12,22
1,0.02,1125,1,0.6595637428,31,19
1,0.02,1126,1,1.0882476506,107,19
1,0.02,1127,1,0.1855279028,4,13
1,0.02,1128,1,1.0009225611,83,13
1,0.02,1129,1,0.8958723485,76,25
1,0.02,1130,1,1.1641619533,110,14
1,0.02,1131,1,0.3700145284,25,20
1,0.02,1132,1,1.1685480336,95,13
1,0.02,1133,1,1.1120472920,106,20
1,0.02,1134,1,1.0506214548,111,13
1,0.02,1135,1,0.9141047704,81,22
1,0.02,1136,1,1.1879272603,107,19
1,0.02,1137,1,0.1592835750,6,18
1,0.02,1138,1,1.1923704797,113,10
1,0.02,1139,1,1.0394588399,110,14
1,0.02,1140,1,1.1103309965,110,14
1,0.02,1141,1,0.2958844455,5,15
1,0.02,1142,1,1.0651410095,83,13
1,0.02,1143,1,1.1878199486,109,16
1,0.02,1144,1,0.1163555047,7,20
1,0.02,1145,1,1.1117465822,108,17
1,0.02,1146,1,1.0553540201,97,19
1,0.02,1147,1,0.9761029033,90,14
1,0.02,1148,1,1.1367818018,106,20
1,0.02,1149,1,1.1629253879,113,10
1,0.02,1150,1,1.2028666099,109,16
1,0.02,1151,1,1.1692353450,101,13
1,0.02,1152,1,0.4244983314,26,16
1,0.02,1153,1,1.2468777683,112,11
1,0.02,1154,1,1.0019561307,105,22
1,0.02,1155,1,1.1539001456,95,20
1,0.02,1156,1,1.0115684594,83,16
1,0.02,1157,1,1.0706101224,94,17
1,0.02,1158,1,0.9563938990,100,22
1,0.02,1159,1,1.1925083674,112,11
1,0.02,1160,1,1.0623332877,110,14
1,0.02,1161,1,1.0453838966,108,17
1,0.02,1162,1,0.9799357263,105,22
1,0.02,1163,1,1.0906541955,85,16
1,0.02,1164,1,1.2195238380,95,13
1,0.02,1165,1,0.7107144033,4,13
1,0.02,1166,1,1.1883545137,106,20
1,0.02,1167,1,1.1341782560,109,16
1,0.02,1168,1,0.0716917131,8,23
1,0.02,1169,1,1.0472258576,111,13
1,0.02,1170,1,1.1445541380,111,13
1,0.02,1171,1,1.0872412591,111,13
1,0.02,1172,1,1.1670371010,111,13
1,0.02,1173,1,1.0708449162,110,14
1,0.02,1174,1,1.1633401603,110,14
1,0.02,1175,1,0.7408977678,41,13
1,0.02,1176,1,0.8419299977,32,13
1,0.02,1177,1,1.1163218319,105,22
1,0.02,1178,1,0.0614373223,8,23
1,0.02,1179,1,0.9996914345,104,23
1,0.02,1180,1,1.1072066121,109,16
1,0.02,1181,1,1.1301779161,110,14
1,0.02,1182,1,1.0479007370,112,11
1,0.02,1183,1,1.0622878796,108,17
1,0.02,1184,1,0.1435377429,6,18
1,0.02,1185,1,0.9630695203,76,14
1,0.02,1186,1,1.0745295522,82,14
1,0.02,1187,1,0.2930869617,20,23
1,0.02,1188,1,1.1541976776,104,23
1,0.02,1189,1,1.1125553606,112,11
1,0.02,1190,1,0.9407115287,55,13
1,0.02,1191,1,1.0938655579,111,13
1,0.02,1192,1,1.0609090502,110,14
1,0.02,1193,1,0.1074383898,6,19
1,0.02,1194,1,0.1741528272,11,19
1,0.02,1195,1,1.0830594531,83,11
1,0.02,1196,1,1.1921815806,109,16
1,0.02,1197,1,0.4340796075,32,22
1,0.02,1198,1,1.1039486534,111,13
1,0.02,1199,1,0.8622811430,81,16
2,0.02,1000,1,1.0973760126,108,8
2,0.02,1001,1,0.9863916026,110,7
2,0.02,1002,1,1.1233241059,112,5
2,0.02,1003,1,0.9838918275,72,10
2,0.02,1004,1,1.2167199773,110,7
2,0.02,1005,1,1.1770040919,108,8
2,0.02,1006,1,1.0591556747,110,7
2,0.02,1007,1,1.1041650277,110,7
2,0.02,1008,1,0.1644421321,6,9
2,0.02,1009,1,1.0611334376,88,7
2,0.02,1010,1,1.1722280437,110,7
2,0.02,1011,1,0.9860416442,92,5
2,0.02,1012,1,0.4107447174,24,11
2,0.02,1013,1,1.1067411830,110,7
2,0.02,1014,1,1.0502117789,110,7
2,0.02,1015,1,1.1806292788,108,8
2,0.02,1016,1,1.1239603667,112,5
2,0.02,1017,1,1.1551430679,108,8
2,0.02,1018,1,1.1906516080,108,8
2,0.02,1019,1,1.0821079926,82,8
2,0.02,1020,1,1.2004171696,110,7
2,0.02,1021,1,1.0551918519,110,7
2,0.02,1022,1,1.2517685765,110,7
2,0.02,1023,1,1.1403996683,88,7
2,0.02,1024,1,0.1430836011,8,12
2,0.02,1025,1,1.0991113654,110,7
2,0.02,1026,1,1.2152778389,110,7
2,0.02,1027,1,0.1634764013,6,10
2,0.02,1028,1,1.1138427161,104,11
2,0.02,1029,1,1.1448028012,112,5
2,0.02,1030,1,1.0078432230,84,5
2,0.02,1031,1,1.1008149321,108,8
2,0.02,1032,1,1.1806010836,110,7
2,0.02,1033,1,0.9835046485,112,5
2,0.02,1034,1,0.2165223495,6,9
2,0.02,1035,1,1.1693344286,112,5
2,0.02,1036,1,1.1918147524,110,7
2,0.02,1037,1,0.1493951439,6,9
2,0.02,1038,1,1.1263413872,108,8
2,0.02,1039,1,0.6514621219,34,10
2,0.02,1040,1,1.1741255364,112,5
2,0.02,1041,1,1.0767526975,106,10
2,0.02,1042,1,1.0464845275,88,7
2,0.02,1043,1,0.0655975712,6,9
2,0.02,1044,1,1.0531554602,110,7
2,0.02,1045,1,1.0898465699,110,7
2,0.02,1046,1,1.1902392566,112,5
2,0.02,1047,1,0.7062040198,46,10
2,0.02,1048,1,1.1260197669,110,7
2,0.02,1049,1,1.0841728869,110,7
2,0.02,1050,1,1.1834431439,110,7
2,0.02,1051,1,1.1152882547,94,7
2,0.02,1052,1,1.0741897450,108,8
2,0.02,1053,1,1.0656935593,110,7
2,0.02,1054,1,1.1550115431,88,5
2,0.02,1055,1,1.0614680583,84,8
2,0.02,1056,1,1.2214971226,90,7
2,0.02,1057,1,1.0735680799,108,8
2,0.02,1058,1,1.0117211174,82,8
2,0.02,1059,1,0.3459687487,12,8
2,0.02,1060,1,0.7575794457,4,7
2,0.02,1061,1,1.1174605474,110,7
2,0.02,1062,1,1.1083808952,92,8
2,0.02,1063,1,1.2505313340,112,5
2,0.02,1064,1,1.0897295178,110,7
2,0.02,1065,1,0.2190285578,12,7
2,0.02,1066,1,1.0789435840,112,5
2,0.02,1067,1,1.2528983559,106,10
2,0.02,1068,1,0.2839395629,4,6
2,0.02,1069,1,0.9927623814,82,7
2,0.02,1070,1,1.0552651112,110,7
2,0.02,1071,1,1.2988484264,112,5
2,0.02,1072,1,1.0695032133,110,7
2,0.02,1073,1,0.9893229304,88,7
2,0.02,1074,1,1.0481517083,108,8
2,0.02,1075,1,1.1935005824,108,8
2,0.02,1076,1,1.0477774563,110,7
2,0.02,1077,1,1.0285725946,112,5
2,0.02,1078,1,1.2148231808,108,8
2,0.02,1079,1,1.1536480526,110,7
2,0.02,1080,1,0.0576866537,8,12
2,0.02,1081,1,1.1138315685,110,7
2,0.02,1082,1,1.0024162071,70,10
2,0.02,1083,1,1.2186375116,112,5
2,0.02,1084,1,1.0958495900,104,11
2,0.02,1085,1,1.0735742537,88,7
2,0.02,1086,1,1.0042422875,74,10
2,0.02,1087,1,1.2492782371,106,10
2,0.02,1088,1,1.0698160122,104,11
2,0.02,1089,1,1.0861301611,90,8
2,0.02,1090,1,1.1064415201,112,5
2,0.02,1091,1,1.1036322389,84,7
2,0.02,1092,1,0.9959202306,76,8
2,0.02,1093,1,1.2011299682,112,5
2,0.02,1094,1,1.1191926322,106,10
2,0.02,1095,1,1.0727517142,90,5
2,0.02,1096,1,1.1678932130,110,7
2,0.02,1097,1,0.9176773004,80,8
2,0.02,1098,1,1.1594873346,112,5
2,0.02,1099,1,1.0216468678,84,5
2,0.02,1100,1,0.9487987885,82,8
2,0.02,1101,1,1.2464841289,110,7
2,0.02,1102,1,0.3295169715,10,8
2,0.02,1103,1,1.1171671907,108,8
2,0.02,1104,1,1.2313553127,112,5
2,0.02,1105,1,0.9200981201,84,7
2,0.02,1106,1,1.1103908197,110,7
2,0.02,1107,1,1.0937809595,90,7
2,0.02,1108,1,1.0633525313,76,8
2,0.02,1109,1,1.2085873356,108,8
2,0.02,1110,1,1.1272836287,110,7
2,0.02,1111,1,1.1647232395,110,7
2,0.02,1112,1,0.6922987000,42,10
2,0.02,1113,1,1.2043019990,110,7
2,0.02,1114,1,1.1032692670,110,7
2,0.02,1115,1,0.5786962696,26,8
2,0.02,1116,1,1.1018795090,110,7
2,0.02,1117,1,0.2791215497,6,9
2,0.02,1118,1,1.2234144979,110,7
2,0.02,1119,1,1.2398878971,110,7
2,0.02,1120,1,1.0270272882,110,7
2,0.02,1121,1,1.0046027309,90,8
2,0.02,1122,1,0.9731497398,72,10
2,0.02,1123,1,0.9406012757,60,8
2,0.02,1124,1,1.0104112222,106,10
2,0.02,1125,1,0.8143786440,42,10
2,0.02,1126,1,1.0846250031,106,10
2,0.02,1127,1,1.0701704966,112,5
2,0.02,1128,1,1.0115553851,84,7
2,0.02,1129,1,1.0433986713,106,10
2,0.02,1130,1,1.1583327303,108,8
2,0.02,1131,1,0.9662195616,80,8
2,0.02,1132,1,1.1570932876,90,7
2,0.02,1133,1,1.1049798862,104,11
2,0.02,1134,1,1.0473997273,110,7
2,0.02,1135,1,0.6808516390,52,13
2,0.02,1136,1,1.0941213776,84,10
2,0.02,1137,1,1.1001816287,110,7
2,0.02,1138,1,0.3495978567,8,7
2,0.02,1139,1,1.0380079708,108,8
2,0.02,1140,1,1.1063679973,108,8
2,0.02,1141,1,0.9982153695,84,7
2,0.02,1142,1,1.0527148295,82,7
2,0.02,1143,1,0.7353963232,48,10
2,0.02,1144,1,1.1300038838,110,7
2,0.02,1145,1,1.1118318109,108,8
2,0.02,1146,1,1.0501681242,96,10
2,0.02,1147,1,0.9522591352,84,8
2,0.02,1148,1,1.1289952272,104,11
2,0.02,1149,1,0.1066006352,4,6
2,0.02,1150,1,1.2052230715,110,7
2,0.02,1151,1,1.1605474317,94,7
2,0.02,1152,1,0.0651636656,6,9
2,0.02,1153,1,1.2471670028,112,5
2,0.02,1154,1,1.0057590029,106,10
2,0.02,1155,1,1.2013597481,108,8
2,0.02,1156,1,1.0301301627,88,7
2,0.02,1157,1,1.1182634050,108,8
2,0.02,1158,1,0.9789560717,106,10
2,0.02,1159,1,1.1925540494,112,5
2,0.02,1160,1,1.0591307964,108,8
2,0.02,1161,1,1.0468399073,108,8
2,0.02,1162,1,0.9836742147,106,10
2,0.02,1163,1,1.2059371323,110,7
2,0.02,1164,1,1.2012338879,90,7
2,0.02,1165,1,1.0340907757,112,5
2,0.02,1166,1,1.1491699020,92,11
2,0.02,1167,1,1.1369685025,110,7
2,0.02,1168,1,0.9891735318,84,7
2,0.02,1169,1,1.0176935988,98,7
2,0.02,1170,1,1.1291594743,94,7
2,0.02,1171,1,1.0852756192,110,7
2,0.02,1172,1,0.1269646260,4,6
2,0.02,1173,1,1.0737477277,112,5
2,0.02,1174,1,0.7382040680,50,11
2,0.02,1175,1,0.7736725625,44,7
2,0.02,1176,1,0.8164543441,28,7
2,0.02,1177,1,1.1201275748,106,10
2,0.02,1178,1,0.1096473311,10,13
2,0.02,1179,1,1.0014221680,104,11
2,0.02,1180,1,1.1112206652,110,7
2,0.02,1181,1,1.1341874344,112,5
2,0.02,1182,1,1.0487686669,112,5
2,0.02,1183,1,1.0632311765,108,8
2,0.02,1184,1,0.0902197182,6,9
2,0.02,1185,1,0.9327303495,70,8
2,0.02,1186,1,1.0206870745,74,8
2,0.02,1187,1,0.0699457002,8,12
2,0.02,1188,1,1.1565976276,104,11
2,0.02,1189,1,1.1131371085,112,5
2,0.02,1190,1,0.9204686168,52,7
2,0.02,1191,1,0.7647118492,52,10
2,0.02,1192,1,1.0622160049,112,5
2,0.02,1193,1,0.6418449862,4,7
2,0.02,1194,1,1.0747356514,110,7
2,0.02,1195,1,1.0961572209,86,5
2,0.02,1196,1,1.1947135426,110,7
2,0.02,1197,1,0.8514777088,78,10
2,0.02,1198,1,1.0923538640,92,7
2,0.02,1199,1,0.9447744084,96,7
3,0.02,1000,1,1.0976710674,108,5
3,0.02,1001,1,0.9896619925,111,4
3,0.02,1002,1,1.0356856425,78,5
3,0.02,1003,1,0.9696123450,69,7
3,0.02,1004,1,1.2202027246,111,4
3,0.02,1005,1,1.1778639331,108,5
3,0.02,1006,1,0.6456401514,42,7
3,0.02,1007,1,1.1067673906,111,4
3,0.02,1008,1,0.9613387638,66,5
3,0.02,1009,1,1.1593414997,111,4
3,0.02,1010,1,1.1743861267,111,4
3,0.02,1011,1,0.3617820148,12,5
3,0.02,1012,1,0.9582494823,75,5
3,0.02,1013,1,1.1093732530,111,4
3,0.02,1014,1,1.0519711171,111,4
3,0.02,1015,1,1.1812274710,108,5
3,0.02,1016,1,0.8885972290,42,5
3,0.02,1017,1,1.1562681598,108,5
3,0.02,1018,1,1.1914231069,108,5
3,0.02,1019,1,1.1057464182,87,5
3,0.02,1020,1,1.2027465986,111,4
3,0.02,1021,1,1.0577992371,111,4
3,0.02,1022,1,1.2544389868,111,4
3,0.02,1023,1,1.1584394972,111,4
3,0.02,1024,1,0.8714178629,72,7
3,0.02,1025,1,1.1006241669,111,4
3,0.02,1026,1,1.0995273851,81,7
3,0.02,1027,1,1.1564162583,87,5
3,0.02,1028,1,1.1264351555,108,5
3,0.02,1029,1,1.1162099082,87,5
3,0.02,1030,1,0.9616800789,66,5
3,0.02,1031,1,1.1016877762,108,5
3,0.02,1032,1,1.1835152708,111,4
3,0.02,1033,1,0.9823102685,108,5
3,0.02,1034,1,1.0252511368,87,5
3,0.02,1035,1,0.5883922330,27,5
3,0.02,1036,1,1.1940738154,111,4
3,0.02,1037,1,1.1166233067,78,5
3,0.02,1038,1,1.1282788128,108,5
3,0.02,1039,1,0.7018023104,39,7
3,0.02,1040,1,1.1676689491,108,5
3,0.02,1041,1,1.0731309855,105,7
3,0.02,1042,1,1.1497596252,111,4
3,0.02,1043,1,0.0686163951,6,6
3,0.02,1044,1,0.3473147767,24,7
3,0.02,1045,1,1.0926071068,111,4
3,0.02,1046,1,1.0909020340,84,5
3,0.02,1047,1,1.1617613814,105,4
3,0.02,1048,1,1.1277542848,111,4
3,0.02,1049,1,1.0876317776,111,4
3,0.02,1050,1,1.1854315605,111,4
3,0.02,1051,1,1.1346554197,111,4
3,0.02,1052,1,1.0749893361,108,5
3,0.02,1053,1,1.0684256676,111,4
3,0.02,1054,1,1.0628968002,72,5
3,0.02,1055,1,1.0666365063,84,5
3,0.02,1056,1,1.2525919389,111,4
3,0.02,1057,1,1.0740478114,108,5
3,0.02,1058,1,1.0627714900,90,5
3,0.02,1059,1,1.1932385149,108,5
3,0.02,1060,1,0.3700688289,12,5
3,0.02,1061,1,1.1209583578,111,4
3,0.02,1062,1,1.1154623713,93,5
3,0.02,1063,1,1.1959312759,87,5
3,0.02,1064,1,1.0918299945,111,4
3,0.02,1065,1,0.3661532439,6,6
3,0.02,1066,1,0.7366023645,15,5
3,0.02,1067,1,1.2482971829,105,7
3,0.02,1068,1,0.5282019806,18,4
3,0.02,1069,1,1.0378025641,90,4
3,0.02,1070,1,1.0579933366,111,4
3,0.02,1071,1,1.2913741552,108,5
3,0.02,1072,1,1.0719820729,111,4
3,0.02,1073,1,1.0645080003,111,4
3,0.02,1074,1,1.0502443526,108,5
3,0.02,1075,1,1.1954262735,108,5
3,0.02,1076,1,0.1547439871,15,7
3,0.02,1077,1,0.8822333351,39,5
3,0.02,1078,1,1.2165867752,108,5
3,0.02,1079,1,1.1573349951,111,4
3,0.02,1080,1,1.0799013903,87,5
3,0.02,1081,1,0.5842458565,30,7
3,0.02,1082,1,0.9947021620,69,7
3,0.02,1083,1,1.2157190091,108,5
3,0.02,1084,1,1.0877733613,102,8
3,0.02,1085,1,1.0913878555,93,4
3,0.02,1086,1,1.0184802173,78,7
3,0.02,1087,1,1.2451897821,105,7
3,0.02,1088,1,1.0621823219,102,8
3,0.02,1089,1,1.0979462685,93,5
3,0.02,1090,1,0.9691000918,78,5
3,0.02,1091,1,1.2034324632,111,4
3,0.02,1092,1,0.9968588068,75,5
3,0.02,1093,1,1.1060856108,72,5
3,0.02,1094,1,1.1154126706,105,7
3,0.02,1095,1,0.7417735764,24,5
3,0.02,1096,1,1.1703408647,111,4
3,0.02,1097,1,0.9398582939,84,5
3,0.02,1098,1,0.9787624345,75,5
3,0.02,1099,1,0.9306161173,66,5
3,0.02,1100,1,0.9782774955,87,5
3,0.02,1101,1,1.2490831152,111,4
3,0.02,1102,1,0.9205825085,84,5
3,0.02,1103,1,1.1186336274,108,5
3,0.02,1104,1,1.2261758993,108,5
3,0.02,1105,1,1.0182247681,111,4
3,0.02,1106,1,1.1122649284,111,4
3,0.02,1107,1,1.1363278508,111,4
3,0.02,1108,1,1.0639063732,75,5
3,0.02,1109,1,1.2105679664,108,5
3,0.02,1110,1,1.1298502530,111,4
3,0.02,1111,1,1.1671008958,111,4
3,0.02,1112,1,1.1509742282,111,4
3,0.02,1113,1,1.2080411690,111,4
3,0.02,1114,1,1.1069011573,111,4
3,0.02,1115,1,0.9856976191,84,5
3,0.02,1116,1,1.1042382740,111,4
3,0.02,1117,1,0.9833952148,90,4
3,0.02,1118,1,1.2269617254,111,4
3,0.02,1119,1,1.2422556231,111,4
3,0.02,1120,1,1.0290225611,111,4
3,0.02,1121,1,1.0747366770,108,5
3,0.02,1122,1,0.9519220610,69,7
3,0.02,1123,1,1.0630387671,78,5
3,0.02,1124,1,1.0066536361,105,7
3,0.02,1125,1,1.2032035507,108,4
3,0.02,1126,1,1.0810409566,105,7
3,0.02,1127,1,1.0068644096,87,5
3,0.02,1128,1,1.0918059852,105,4
3,0.02,1129,1,1.0390327722,105,7
3,0.02,1130,1,1.1591806670,108,5
3,0.02,1131,1,0.9937109057,84,5
3,0.02,1132,1,1.2006911369,111,4
3,0.02,1133,1,1.1248901383,108,5
3,0.02,1134,1,1.0502825627,111,4
3,0.02,1135,1,0.8971132292,78,7
3,0.02,1136,1,0.4381231932,18,7
3,0.02,1137,1,0.8935423711,72,7
3,0.02,1138,1,1.0057637065,39,4
3,0.02,1139,1,1.0391501040,108,5
3,0.02,1140,1,1.1084189614,108,5
3,0.02,1141,1,1.0940461447,111,4
3,0.02,1142,1,1.0859298932,90,4
3,0.02,1143,1,0.9670033421,72,7
3,0.02,1144,1,1.1344314957,111,4
3,0.02,1145,1,1.1120351417,108,5
3,0.02,1146,1,1.0499401180,96,7
3,0.02,1147,1,0.9840762737,90,5
3,0.02,1148,1,1.1495160026,108,5
3,0.02,1149,1,1.0938157229,87,4
3,0.02,1150,1,1.2076421703,111,4
3,0.02,1151,1,1.2082398938,111,4
3,0.02,1152,1,0.0676900755,6,6
3,0.02,1153,1,1.2441300970,108,5
3,0.02,1154,1,1.0020828713,105,7
3,0.02,1155,1,1.2026297142,108,5
3,0.02,1156,1,1.0873462075,111,4
3,0.02,1157,1,1.1201365274,108,5
3,0.02,1158,1,0.9752132331,105,7
3,0.02,1159,1,1.0808727075,81,5
3,0.02,1160,1,1.0595946019,108,5
3,0.02,1161,1,1.0484382016,108,5
3,0.02,1162,1,0.9805289707,105,7
3,0.02,1163,1,1.2089909657,111,4
3,0.02,1164,1,1.2272054689,96,4
3,0.02,1165,1,0.8927106143,75,5
3,0.02,1166,1,1.2012142816,108,5
3,0.02,1167,1,1.1395739220,111,4
3,0.02,1168,1,1.0828034642,105,4
3,0.02,1169,1,1.0476496392,111,4
3,0.02,1170,1,1.1464877429,111,4
3,0.02,1171,1,1.0887415932,111,4
3,0.02,1172,1,1.1683002943,111,4
3,0.02,1173,1,1.0699424132,108,5
3,0.02,1174,1,1.0792103334,90,5
3,0.02,1175,1,1.1701744207,111,4
3,0.02,1176,1,1.0448235131,96,4
3,0.02,1177,1,1.1169705885,105,7
3,0.02,1178,1,1.0638416872,111,4
3,0.02,1179,1,0.9934313989,102,8
3,0.02,1180,1,0.9454009834,78,7
3,0.02,1181,1,1.1280542327,108,5
3,0.02,1182,1,0.5539284030,27,5
3,0.02,1183,1,1.0642692292,108,5
3,0.02,1184,1,0.9398376721,72,5
3,0.02,1185,1,0.9628134045,75,5
3,0.02,1186,1,1.0347219561,75,5
3,0.02,1187,1,1.1026210580,108,5
3,0.02,1188,1,1.1781012438,108,5
3,0.02,1189,1,1.0623868493,87,5
3,0.02,1190,1,1.1386559122,111,4
3,0.02,1191,1,1.0942706026,111,4
3,0.02,1192,1,1.0603059880,108,5
3,0.02,1193,1,1.0267560440,69,5
3,0.02,1194,1,1.0780190171,111,4
3,0.02,1195,1,0.5225312286,12,5
3,0.02,1196,1,1.1973143999,111,4
3,0.02,1197,1,0.8521908132,78,7
3,0.02,1198,1,1.1058848499,111,4
3,0.02,1199,1,0.9847867426,111,4
4,0.02,1000,1,1.0860475943,104,5
4,0.02,1001,1,0.9827825626,108,4
4,0.02,1002,1,1.1239332027,112,2
4,0.02,1003,1,1.1044703083,108,4
4,0.02,1004,1,1.0504937140,52,4
4,0.02,1005,1,1.1653097032,104,5
4,0.02,1006,1,1.0531094307,108,4
4,0.02,1007,1,1.0978772097,108,4
4,0.02,1008,1,1.1907307974,112,2
4,0.02,1009,1,1.0167968251,80,4
4,0.02,1010,1,1.1659203604,108,4
4,0.02,1011,1,0.4876902977,4,4
4,0.02,1012,1,0.8576856542,60,5
4,0.02,1013,1,1.1044156605,108,4
4,0.02,1014,1,1.0441799627,108,4
4,0.02,1015,1,1.1718944024,104,5
4,0.02,1016,1,1.1268715811,112,2
4,0.02,1017,1,0.5054514421,28,5
4,0.02,1018,1,1.1816169311,104,5
4,0.02,1019,1,1.0353405906,72,5
4,0.02,1020,1,1.1934734816,108,4
4,0.02,1021,1,1.0495480853,108,4
4,0.02,1022,1,1.2493703776,108,4
4,0.02,1023,1,1.1285526701,80,4
4,0.02,1024,1,1.0381004010,108,4
4,0.02,1025,1,1.0976786829,108,4
4,0.02,1026,1,1.2094429616,108,4
4,0.02,1027,1,1.0757469587,76,5
4,0.02,1028,1,1.1164029164,104,5
4,0.02,1029,1,1.1465831447,112,2
4,0.02,1030,1,1.0482930754,112,2
4,0.02,1031,1,0.9943054109,84,5
4,0.02,1032,1,1.1786410098,108,4
4,0.02,1033,1,0.9838838901,112,2
4,0.02,1034,1,0.9551465337,72,5
4,0.02,1035,1,0.2850318066,4,4
4,0.02,1036,1,1.1854046577,108,4
4,0.02,1037,1,1.0039972133,64,5
4,0.02,1038,1,1.0600975868,84,5
4,0.02,1039,1,1.0521339206,108,4
4,0.02,1040,1,1.1757422108,112,2
4,0.02,1041,1,1.0861689042,108,4
4,0.02,1042,1,1.0563463616,88,4
4,0.02,1043,1,0.9515483350,92,4
4,0.02,1044,1,1.0454590368,108,4
4,0.02,1045,1,1.0828888461,108,4
4,0.02,1046,1,1.1932579845,112,2
4,0.02,1047,1,1.0250120023,80,4
4,0.02,1048,1,1.1244615333,108,4
4,0.02,1049,1,1.0798247858,108,4
4,0.02,1050,1,1.1785263224,108,4
4,0.02,1051,1,1.1069908895,88,4
4,0.02,1052,1,1.0322221505,92,5
4,0.02,1053,1,1.0592059603,108,4
4,0.02,1054,1,1.2379506720,112,2
4,0.02,1055,1,0.6638195274,36,5
4,0.02,1056,1,1.2022035336,80,4
4,0.02,1057,1,1.0638150080,104,5
4,0.02,1058,1,0.9862033344,80,5
4,0.02,1059,1,0.2243196802,4,4
4,0.02,1060,1,1.1054051547,112,2
4,0.02,1061,1,0.9612530911,80,4
4,0.02,1062,1,1.0579853873,80,5
4,0.02,1063,1,1.2537025302,112,2
4,0.02,1064,1,1.0833309151,108,4
4,0.02,1065,1,0.2305609539,4,3
4,0.02,1066,1,1.0818248398,112,2
4,0.02,1067,1,1.2613082332,108,4
4,0.02,1068,1,0.2851790996,4,3
4,0.02,1069,1,0.9696603296,76,4
4,0.02,1070,1,1.0372748820,84,4
4,0.02,1071,1,1.3024591553,112,2
4,0.02,1072,1,1.0679969652,108,4
4,0.02,1073,1,0.9586950112,80,4
4,0.02,1074,1,1.0378315765,104,5
4,0.02,1075,1,1.0888466230,80,5
4,0.02,1076,1,1.0423703305,108,4
4,0.02,1077,1,1.0303352636,112,2
4,0.02,1078,1,1.1994187487,104,5
4,0.02,1079,1,1.1512267894,108,4
4,0.02,1080,1,1.0166494548,76,5
4,0.02,1081,1,1.0425703621,88,4
4,0.02,1082,1,1.2191587650,108,4
4,0.02,1083,1,1.2192700023,112,2
4,0.02,1084,1,1.0991871668,104,5
4,0.02,1085,1,0.6608514938,28,4
4,0.02,1086,1,1.0851509696,92,4
4,0.02,1087,1,1.2574927849,108,4
4,0.02,1088,1,1.0733274037,104,5
4,0.02,1089,1,1.1453780324,112,2
4,0.02,1090,1,0.8717665979,64,5
4,0.02,1091,1,1.0915846814,80,4
4,0.02,1092,1,0.9346553293,64,5
4,0.02,1093,1,1.2042974629,112,2
4,0.02,1094,1,1.1275961687,108,4
4,0.02,1095,1,1.1075333750,112,2
4,0.02,1096,1,1.1608654304,108,4
4,0.02,1097,1,0.8781988439,72,5
4,0.02,1098,1,0.4227947484,24,5
4,0.02,1099,1,1.1042073499,112,2
4,0.02,1100,1,0.9152290385,76,5
4,0.02,1101,1,1.2416291848,108,4
4,0.02,1102,1,0.4120610123,4,4
4,0.02,1103,1,1.1268403034,112,2
4,0.02,1104,1,1.2332160240,112,2
4,0.02,1105,1,0.1622217140,8,4
4,0.02,1106,1,1.1077297789,108,4
4,0.02,1107,1,1.0783589206,84,4
4,0.02,1108,1,1.1881628667,112,2
4,0.02,1109,1,1.0709636094,80,5
4,0.02,1110,1,1.1214857204,108,4
4,0.02,1111,1,1.1574689996,108,4
4,0.02,1112,1,1.0209889907,80,4
4,0.02,1113,1,1.2018722521,108,4
4,0.02,1114,1,1.0999591822,108,4
4,0.02,1115,1,0.2794178110,12,5
4,0.02,1116,1,1.0954802881,108,4
4,0.02,1117,1,0.9293385661,76,4
4,0.02,1118,1,1.2167534551,108,4
4,0.02,1119,1,1.2381369121,108,4
4,0.02,1120,1,1.0210794255,108,4
4,0.02,1121,1,0.9579396590,80,5
4,0.02,1122,1,1.1652029261,108,4
4,0.02,1123,1,0.7971277947,44,5
4,0.02,1124,1,1.0198854646,108,4
4,0.02,1125,1,1.1056989215,80,4
4,0.02,1126,1,1.0932522739,108,4
4,0.02,1127,1,0.8478856156,60,5
4,0.02,1128,1,0.9878330815,80,4
4,0.02,1129,1,1.0529826625,108,4
4,0.02,1130,1,0.5811321353,36,5
4,0.02,1131,1,0.9164678375,72,5
4,0.02,1132,1,1.1418796638,84,4
4,0.02,1133,1,1.1102370849,104,5
4,0.02,1134,1,1.0408130147,108,4
4,0.02,1135,1,0.9857495592,92,4
4,0.02,1136,1,1.1933704360,108,4
4,0.02,1137,1,1.0925559270,108,4
4,0.02,1138,1,0.5531149718,12,4
4,0.02,1139,1,1.0441759932,112,2
4,0.02,1140,1,1.1199761361,112,2
4,0.02,1141,1,0.9794814808,80,4
4,0.02,1142,1,1.0086189324,76,4
4,0.02,1143,1,1.1834794222,108,4
4,0.02,1144,1,1.0887329207,100,4
4,0.02,1145,1,1.0999511421,104,5
4,0.02,1146,1,1.1065783826,108,4
4,0.02,1147,1,1.0563572896,112,2
4,0.02,1148,1,1.1337121922,104,5
4,0.02,1149,1,0.0963588576,4,3
4,0.02,1150,1,1.1979919292,108,4
4,0.02,1151,1,1.1276017971,88,4
4,0.02,1152,1,1.0755588990,92,4
4,0.02,1153,1,1.2478437319,112,2
4,0.02,1154,1,1.0134426170,108,4
4,0.02,1155,1,1.1901924919,104,5
4,0.02,1156,1,1.0061216309,80,4
4,0.02,1157,1,1.0503495121,88,5
4,0.02,1158,1,0.9879710620,108,4
4,0.02,1159,1,0.7340592969,40,5
4,0.02,1160,1,0.9230402111,68,5
4,0.02,1161,1,1.0578012576,112,2
4,0.02,1162,1,0.9911099893,108,4
4,0.02,1163,1,1.0680627156,80,4
4,0.02,1164,1,0.8183136697,36,4
4,0.02,1165,1,1.0353961250,112,2
4,0.02,1166,1,1.1879000769,104,5
4,0.02,1167,1,1.1344011821,108,4
4,0.02,1168,1,0.9717552977,80,4
4,0.02,1169,1,1.0014439842,92,4
4,0.02,1170,1,1.1188692528,88,4
4,0.02,1171,1,1.0813996630,108,4
4,0.02,1172,1,0.1283892115,4,3
4,0.02,1173,1,1.0752432322,112,2
4,0.02,1174,1,0.9867337622,76,5
4,0.02,1175,1,0.8142587782,48,4
4,0.02,1176,1,0.7335421443,20,4
4,0.02,1177,1,1.1276610183,108,4
4,0.02,1178,1,0.9240855658,80,4
4,0.02,1179,1,1.0053444322,104,5
4,0.02,1180,1,1.1040253747,108,4
4,0.02,1181,1,1.1357555168,112,2
4,0.02,1182,1,0.4585307037,4,4
4,0.02,1183,1,1.0518959263,104,5
4,0.02,1184,1,0.8678438601,60,5
4,0.02,1185,1,0.8736260606,60,5
4,0.02,1186,1,0.9450872174,64,5
4,0.02,1187,1,0.9336033503,76,5
4,0.02,1188,1,1.1620008278,104,5
4,0.02,1189,1,1.1144680049,112,2
4,0.02,1190,1,0.8567964653,44,4
4,0.02,1191,1,1.0086580333,88,4
4,0.02,1192,1,1.0626600293,112,2
4,0.02,1193,1,1.1859382321,112,2
4,0.02,1194,1,0.9720900927,84,4
4,0.02,1195,1,1.1527994603,112,2
4,0.02,1196,1,1.1887615411,108,4
4,0.02,1197,1,1.0068320340,108,4
4,0.02,1198,1,1.0828826505,84,4
4,0.02,1199,1,0.8955537676,88,4
5,0.02,1000,1,1.1041180307,110,2
5,0.02,1001,1,0.9988056829,115,1
5,0.02,1002,1,1.1221874854,110,2
5,0.02,1003,1,1.0025142657,75,4
5,0.02,1004,1,0.6749419119,20,4
5,0.02,1005,1,1.1851530827,110,2
5,0.02,1006,1,0.9848101700,90,4
5,0.02,1007,1,1.0873187861,105,4
5,0.02,1008,1,1.1359903582,95,2
5,0.02,1009,1,0.9103279852,65,4
5,0.02,1010,1,1.1560470308,105,4
5,0.02,1011,1,1.0015998237,95,2
5,0.02,1012,1,1.0593047690,95,2
5,0.02,1013,1,1.1163147886,115,1
5,0.02,1014,1,1.0347036502,105,4
5,0.02,1015,1,1.1863130929,110,2
5,0.02,1016,1,1.1245352107,110,2
5,0.02,1017,1,1.1650479292,110,2
5,0.02,1018,1,1.1973075351,110,2
5,0.02,1019,1,1.1736395766,110,2
5,0.02,1020,1,1.1824089740,105,4
5,0.02,1021,1,1.0398274494,105,4
5,0.02,1022,1,1.2608266033,115,1
5,0.02,1023,1,1.1656557685,115,1
5,0.02,1024,1,1.0256947042,105,4
5,0.02,1025,1,1.1045564780,115,1
5,0.02,1026,1,1.1235364797,85,4
5,0.02,1027,1,1.2636126358,110,2
5,0.02,1028,1,1.1332959861,110,2
5,0.02,1029,1,1.1456080034,110,2
5,0.02,1030,1,1.0298849538,95,2
5,0.02,1031,1,1.1094606448,110,2
5,0.02,1032,1,1.1905021800,115,1
5,0.02,1033,1,0.9837060050,110,2
5,0.02,1034,1,1.0911400018,110,2
5,0.02,1035,1,1.1663361791,110,2
5,0.02,1036,1,1.1748866549,105,4
5,0.02,1037,1,1.2698698031,110,2
5,0.02,1038,1,1.1378021767,110,2
5,0.02,1039,1,1.0412936926,105,4
5,0.02,1040,1,1.1738190084,110,2
5,0.02,1041,1,1.0749927298,105,4
5,0.02,1042,1,1.1576938857,115,1
5,0.02,1043,1,0.8924311423,80,4
5,0.02,1044,1,0.9104071595,80,4
5,0.02,1045,1,1.0714343803,105,4
5,0.02,1046,1,1.1918581155,110,2
5,0.02,1047,1,0.9477322474,70,4
5,0.02,1048,1,1.1316164134,115,1
5,0.02,1049,1,1.0081568215,75,4
5,0.02,1050,1,1.1699687363,105,4
5,0.02,1051,1,1.1407858057,115,1
5,0.02,1052,1,1.0830081234,110,2
5,0.02,1053,1,0.9403426412,80,4
5,0.02,1054,1,1.1916310702,95,2
5,0.02,1055,1,1.1938697555,110,2
5,0.02,1056,1,1.2624202411,115,1
5,0.02,1057,1,1.0796475712,110,2
5,0.02,1058,1,1.1075610466,110,2
5,0.02,1059,1,1.2028336746,110,2
5,0.02,1060,1,1.0625309849,95,2
5,0.02,1061,1,0.8810835244,70,4
5,0.02,1062,1,1.1695828777,110,2
5,0.02,1063,1,1.2509651593,110,2
5,0.02,1064,1,1.0731840294,105,4
5,0.02,1065,1,0.2717930234,5,3
5,0.02,1066,1,1.0805832608,110,2
5,0.02,1067,1,1.2485959103,105,4
5,0.02,1068,1,0.3438312059,5,3
5,0.02,1069,1,1.1177624693,115,1
5,0.02,1070,1,1.0646039588,115,1
5,0.02,1071,1,1.3007749023,110,2
5,0.02,1072,1,1.0779788167,115,1
5,0.02,1073,1,0.7002127336,35,4
5,0.02,1074,1,1.0602977546,110,2
5,0.02,1075,1,1.2062754425,110,2
5,0.02,1076,1,0.9648536381,85,4
5,0.02,1077,1,1.0288188326,110,2
5,0.02,1078,1,1.2288502524,110,2
5,0.02,1079,1,1.1654067545,115,1
5,0.02,1080,1,1.1654705938,110,2
5,0.02,1081,1,0.8111101667,50,4
5,0.02,1082,1,1.2053405622,105,4
5,0.02,1083,1,1.2185847812,110,2
5,0.02,1084,1,1.1248464618,110,2
5,0.02,1085,1,0.2319232048,5,3
5,0.02,1086,1,1.0344873559,80,4
5,0.02,1087,1,1.2460975102,105,4
5,0.02,1088,1,1.0976883026,110,2
5,0.02,1089,1,1.1433869177,110,2
5,0.02,1090,1,1.1034686235,110,2
5,0.02,1091,1,1.0342113405,70,4
5,0.02,1092,1,1.0794550606,95,2
5,0.02,1093,1,1.2028831028,110,2
5,0.02,1094,1,1.1164411491,105,4
5,0.02,1095,1,1.0871844781,95,2
5,0.02,1096,1,1.0131536336,75,4
5,0.02,1097,1,1.0374554795,110,2
5,0.02,1098,1,1.1046228912,95,2
5,0.02,1099,1,1.0647900715,95,2
5,0.02,1100,1,1.0725095797,110,2
5,0.02,1101,1,1.2326477500,105,4
5,0.02,1102,1,1.0038731984,110,2
5,0.02,1103,1,1.1253829463,110,2
5,0.02,1104,1,1.2319561712,110,2
5,0.02,1105,1,0.1137436650,5,3
5,0.02,1106,1,1.1174668161,115,1
5,0.02,1107,1,1.0310095253,70,4
5,0.02,1108,1,1.1496954930,95,2
5,0.02,1109,1,1.2223118876,110,2
5,0.02,1110,1,1.0606019793,90,4
5,0.02,1111,1,1.1459463591,105,4
5,0.02,1112,1,0.9542407639,70,4
5,0.02,1113,1,1.2166382091,115,1
5,0.02,1114,1,1.1162510725,115,1
5,0.02,1115,1,1.0527279075,110,2
5,0.02,1116,1,1.0853570080,105,4
5,0.02,1117,1,0.8716063241,65,4
5,0.02,1118,1,1.0032338085,70,4
5,0.02,1119,1,1.2485836202,115,1
5,0.02,1120,1,1.0114847099,105,4
5,0.02,1121,1,1.0845448107,110,2
5,0.02,1122,1,1.1511926084,105,4
5,0.02,1123,1,1.1887547927,110,2
5,0.02,1124,1,1.0081652007,105,4
5,0.02,1125,1,1.0488942123,70,4
5,0.02,1126,1,1.0824130472,105,4
5,0.02,1127,1,1.0686186488,110,2
5,0.02,1128,1,0.7985951317,55,4
5,0.02,1129,1,1.0401134049,105,4
5,0.02,1130,1,1.1675517887,110,2
5,0.02,1131,1,1.1111727270,110,2
5,0.02,1132,1,0.9014878627,35,4
5,0.02,1133,1,1.1362125910,110,2
5,0.02,1134,1,0.9708380550,85,4
5,0.02,1135,1,0.9160531861,80,4
5,0.02,1136,1,1.1799955578,105,4
5,0.02,1137,1,0.9141363074,75,4
5,0.02,1138,1,1.1963342520,115,1
5,0.02,1139,1,1.0435089977,110,2
5,0.02,1140,1,1.1176699540,110,2
5,0.02,1141,1,0.9194282752,70,4
5,0.02,1142,1,0.9263676232,65,4
5,0.02,1143,1,1.0652959369,85,4
5,0.02,1144,1,0.9750552389,80,4
5,0.02,1145,1,1.1179458318,110,2
5,0.02,1146,1,1.0931472219,105,4
5,0.02,1147,1,1.0540167046,110,2
5,0.02,1148,1,1.1617561277,110,2
5,0.02,1149,1,1.1680071298,115,1
5,0.02,1150,1,1.1862189466,105,4
5,0.02,1151,1,1.0793592614,80,4
5,0.02,1152,1,0.0848208502,10,4
5,0.02,1153,1,1.2471233414,110,2
5,0.02,1154,1,1.0028425025,105,4
5,0.02,1155,1,1.2110810973,110,2
5,0.02,1156,1,0.9657251151,70,4
5,0.02,1157,1,1.1305887979,110,2
5,0.02,1158,1,0.9766380456,105,4
5,0.02,1159,1,1.1898712033,110,2
5,0.02,1160,1,1.0637880017,110,2
5,0.02,1161,1,1.0559669189,110,2
5,0.02,1162,1,0.9816178939,105,4
5,0.02,1163,1,0.9972438104,70,4
5,0.02,1164,1,0.2554223010,10,4
5,0.02,1165,1,0.9889983124,95,2
5,0.02,1166,1,1.2123346123,110,2
5,0.02,1167,1,1.1461427599,115,1
5,0.02,1168,1,0.9096203397,70,4
5,0.02,1169,1,0.9557397670,80,4
5,0.02,1170,1,1.1539392590,115,1
5,0.02,1171,1,1.0984723889,115,1
5,0.02,1172,1,0.1670390166,5,3
5,0.02,1173,1,1.0743456416,110,2
5,0.02,1174,1,1.1694910495,110,2
5,0.02,1175,1,0.3799349440,20,4
5,0.02,1176,1,1.0699857625,115,1
5,0.02,1177,1,1.1181618095,105,4
5,0.02,1178,1,0.8515862882,70,4
5,0.02,1179,1,0.9874156019,100,5
5,0.02,1180,1,0.9929217777,85,4
5,0.02,1181,1,1.1339161837,110,2
5,0.02,1182,1,1.0105728591,95,2
5,0.02,1183,1,1.0722166735,110,2
5,0.02,1184,1,1.0356898541,95,2
5,0.02,1185,1,1.0834238564,110,2
5,0.02,1186,1,1.1687929770,95,2
5,0.02,1187,1,1.1139259310,110,2
5,0.02,1188,1,1.1904702100,110,2
5,0.02,1189,1,1.1126628711,110,2
5,0.02,1190,1,0.5971080930,25,4
5,0.02,1191,1,0.9327405322,75,4
5,0.02,1192,1,1.0621621212,110,2
5,0.02,1193,1,1.1497109392,95,2
5,0.02,1194,1,0.8837967968,70,4
5,0.02,1195,1,1.1260293130,95,2
5,0.02,1196,1,1.1785679909,105,4
5,0.02,1197,1,0.9949184129,105,4
5,0.02,1198,1,1.1130108969,115,1
5,0.02,1199,1,0.8225523230,75,4
7,0.02,1000,1,1.0953807715,106,2
7,0.02,1001,1,0.9976339858,113,1
7,0.02,1002,1,1.0891776874,92,2
7,0.02,1003,1,1.1220352909,113,1
7,0.02,1004,1,1.2278861119,113,1
7,0.02,1005,1,1.1758408952,106,2
7,0.02,1006,1,1.0690242106,113,1
7,0.02,1007,1,1.1133718343,113,1
7,0.02,1008,1,1.0556365278,78,2
7,0.02,1009,1,1.1664067835,113,1
7,0.02,1010,1,1.1791891360,113,1
7,0.02,1011,1,0.9435631769,78,2
7,0.02,1012,1,0.9903836877,78,2
7,0.02,1013,1,1.1161048029,113,1
7,0.02,1014,1,1.0568631306,113,1
7,0.02,1015,1,1.1800752978,106,2
7,0.02,1016,1,1.1188633075,106,2
7,0.02,1017,1,1.1551409001,106,2
7,0.02,1018,1,1.1914125208,106,2
7,0.02,1019,1,1.1668096119,106,2
7,0.02,1020,1,1.2086479804,113,1
7,0.02,1021,1,1.0641019705,113,1
7,0.02,1022,1,1.2604998678,113,1
7,0.02,1023,1,1.1654353217,113,1
7,0.02,1024,1,1.0590241269,113,1
7,0.02,1025,1,1.1043218888,113,1
7,0.02,1026,1,1.2255818931,113,1
7,0.02,1027,1,1.2524603189,106,2
7,0.02,1028,1,1.1265785521,106,2
7,0.02,1029,1,1.1296597471,92,2
7,0.02,1030,1,0.9999335117,78,2
7,0.02,1031,1,1.0995262589,106,2
7,0.02,1032,1,1.1902161556,113,1
7,0.02,1033,1,0.9831551503,106,2
7,0.02,1034,1,1.0838071834,106,2
7,0.02,1035,1,1.1562432062,106,2
7,0.02,1036,1,1.1995338248,113,1
7,0.02,1037,1,1.2583838116,106,2
7,0.02,1038,1,1.1307088255,106,2
7,0.02,1039,1,1.0710276289,113,1
7,0.02,1040,1,1.1689074125,106,2
7,0.02,1041,1,1.1054534200,113,1
7,0.02,1042,1,1.1574902870,113,1
7,0.02,1043,1,1.0200064374,113,1
7,0.02,1044,1,1.0676518965,113,1
7,0.02,1045,1,1.0999984218,113,1
7,0.02,1046,1,1.1882410937,106,2
7,0.02,1047,1,1.1891054583,113,1
7,0.02,1048,1,1.1315305275,113,1
7,0.02,1049,1,1.0964172891,113,1
7,0.02,1050,1,1.1900248903,113,1
7,0.02,1051,1,1.1397699869,113,1
7,0.02,1052,1,1.0738557979,106,2
7,0.02,1053,1,1.0752753708,113,1
7,0.02,1054,1,1.1159012974,78,2
7,0.02,1055,1,1.1241312953,92,2
7,0.02,1056,1,1.2611643309,113,1
7,0.02,1057,1,1.0724141154,106,2
7,0.02,1058,1,1.1009364632,106,2
7,0.02,1059,1,1.1949548653,106,2
7,0.02,1060,1,0.9916120555,78,2
7,0.02,1061,1,1.1296581874,113,1
7,0.02,1062,1,1.1613172023,106,2
7,0.02,1063,1,1.2441823541,106,2
7,0.02,1064,1,1.0966266839,113,1
7,0.02,1065,1,1.0174502696,113,1
7,0.02,1066,1,1.0774970114,106,2
7,0.02,1067,1,1.2802966888,113,1
7,0.02,1068,1,1.0935221835,113,1
7,0.02,1069,1,1.1165787939,113,1
7,0.02,1070,1,1.0644136829,113,1
7,0.02,1071,1,1.2965311556,106,2
7,0.02,1072,1,1.0777481681,113,1
7,0.02,1073,1,1.0736291710,113,1
7,0.02,1074,1,1.0526941218,106,2
7,0.02,1075,1,1.1963407312,106,2
7,0.02,1076,1,1.0568258643,113,1
7,0.02,1077,1,1.0252114599,106,2
7,0.02,1078,1,1.2160478784,106,2
7,0.02,1079,1,1.1651366002,113,1
7,0.02,1080,1,1.1555007761,106,2
7,0.02,1081,1,1.1246132482,113,1
7,0.02,1082,1,1.2425035860,113,1
7,0.02,1083,1,1.2163357956,106,2
7,0.02,1084,1,1.1136238303,106,2
7,0.02,1085,1,1.1383763662,113,1
7,0.02,1086,1,1.1438899904,113,1
7,0.02,1087,1,1.2751089226,113,1
7,0.02,1088,1,1.0877357645,106,2
7,0.02,1089,1,1.1385504133,106,2
7,0.02,1090,1,1.0491217129,92,2
7,0.02,1091,1,1.2109086308,113,1
7,0.02,1092,1,1.0238250051,78,2
7,0.02,1093,1,1.1993113881,106,2
7,0.02,1094,1,1.1451761178,113,1
7,0.02,1095,1,1.0517026201,78,2
7,0.02,1096,1,1.1762843434,113,1
7,0.02,1097,1,1.0276796654,106,2
7,0.02,1098,1,1.0164830742,78,2
7,0.02,1099,1,1.0053944822,78,2
7,0.02,1100,1,1.0612311221,106,2
7,0.02,1101,1,1.2552015761,113,1
7,0.02,1102,1,0.9356686895,85,2
7,0.02,1103,1,1.1214744344,106,2
7,0.02,1104,1,1.2283803814,106,2
7,0.02,1105,1,1.0284847447,113,1
7,0.02,1106,1,1.1163494547,113,1
7,0.02,1107,1,1.1451742519,113,1
7,0.02,1108,1,1.0920782576,78,2
7,0.02,1109,1,1.2105858510,106,2
7,0.02,1110,1,1.1363479945,113,1
7,0.02,1111,1,1.1731368498,113,1
7,0.02,1112,1,1.1608726577,113,1
7,0.02,1113,1,1.2165446640,113,1
7,0.02,1114,1,1.1150361565,113,1
7,0.02,1115,1,1.0458979983,106,2
7,0.02,1116,1,1.1099984451,113,1
7,0.02,1117,1,1.0355405528,113,1
7,0.02,1118,1,1.2356426276,113,1
7,0.02,1119,1,1.2484686813,113,1
7,0.02,1120,1,1.0340537426,113,1
7,0.02,1121,1,1.0740929692,106,2
7,0.02,1122,1,1.1888436242,113,1
7,0.02,1123,1,1.1796815115,106,2
7,0.02,1124,1,1.0397910351,113,1
7,0.02,1125,1,1.2157959318,113,1
7,0.02,1126,1,1.1114481995,113,1
7,0.02,1127,1,1.0617629368,106,2
7,0.02,1128,1,1.1196380483,113,1
7,0.02,1129,1,1.0747706643,113,1
7,0.02,1130,1,1.1568410188,106,2
7,0.02,1131,1,1.0991090905,106,2
7,0.02,1132,1,1.2102077643,113,1
7,0.02,1133,1,1.1268618362,106,2
7,0.02,1134,1,1.0577406642,113,1
7,0.02,1135,1,1.0741308983,113,1
7,0.02,1136,1,1.2161133117,113,1
7,0.02,1137,1,1.1148994819,113,1
7,0.02,1138,1,1.1960453180,113,1
7,0.02,1139,1,1.0418433829,106,2
7,0.02,1140,1,1.1121848488,106,2
7,0.02,1141,1,1.0980223308,113,1
7,0.02,1142,1,1.1630707984,113,1
7,0.02,1143,1,1.2057155777,113,1
7,0.02,1144,1,1.1448978456,113,1
7,0.02,1145,1,1.1083996862,106,2
7,0.02,1146,1,1.1291969540,113,1
7,0.02,1147,1,1.0484270727,106,2
7,0.02,1148,1,1.1508906422,106,2
7,0.02,1149,1,1.1677757560,113,1
7,0.02,1150,1,1.2136635570,113,1
7,0.02,1151,1,1.2158857562,113,1
7,0.02,1152,1,1.1618776184,113,1
7,0.02,1153,1,1.2447370203,106,2
7,0.02,1154,1,1.0304214775,113,1
7,0.02,1155,1,1.2027063546,106,2
7,0.02,1156,1,1.0939954008,113,1
7,0.02,1157,1,1.1218451552,106,2
7,0.02,1158,1,1.0076256732,113,1
7,0.02,1159,1,1.1823390682,106,2
7,0.02,1160,1,1.0582047932,106,2
7,0.02,1161,1,1.0517534911,106,2
7,0.02,1162,1,1.0074704230,113,1
7,0.02,1163,1,1.2165448129,113,1
7,0.02,1164,1,1.2802206268,113,1
7,0.02,1165,1,0.9225661845,78,2
7,0.02,1166,1,1.2045891743,106,2
7,0.02,1167,1,1.1458747710,113,1
7,0.02,1168,1,1.1096130354,113,1
7,0.02,1169,1,1.0531392468,113,1
7,0.02,1170,1,1.1536815788,113,1
7,0.02,1171,1,1.0971667449,113,1
7,0.02,1172,1,1.1776660240,113,1
7,0.02,1173,1,1.0719062140,106,2
7,0.02,1174,1,1.1577014448,106,2
7,0.02,1175,1,1.1784571300,113,1
7,0.02,1176,1,1.0688464557,113,1
7,0.02,1177,1,1.1431326109,113,1
7,0.02,1178,1,1.0734718152,113,1
7,0.02,1179,1,1.0213204792,106,2
7,0.02,1180,1,1.1249563865,113,1
7,0.02,1181,1,1.1292942739,106,2
7,0.02,1182,1,0.9504409670,78,2
7,0.02,1183,1,1.0628372469,106,2
7,0.02,1184,1,0.9808765196,78,2
7,0.02,1185,1,1.0747834566,106,2
7,0.02,1186,1,1.0744146619,78,2
7,0.02,1187,1,1.1024854090,106,2
7,0.02,1188,1,1.1801603611,106,2
7,0.02,1189,1,1.1080370739,106,2
7,0.02,1190,1,1.1448763380,113,1
7,0.02,1191,1,1.1038314235,113,1
7,0.02,1192,1,1.0607013875,106,2
7,0.02,1193,1,1.0880819018,78,2
7,0.02,1194,1,1.0854411060,113,1
7,0.02,1195,1,1.0760723715,78,2
7,0.02,1196,1,1.2037593652,113,1
7,0.02,1197,1,1.0276951827,113,1
7,0.02,1198,1,1.1127690541,113,1
7,0.02,1199,1,0.9940824292,113,1
10,0.02,1000,1,1.0798169664,100,2
10,0.02,1001,1,0.9953897613,110,1
10,0.02,1002,1,1.0159547708,70,2
10,0.02,1003,1,1.1178426339,110,1
10,0.02,1004,1,1.2249959184,110,1
10,0.02,1005,1,1.1584034249,100,2
10,0.02,1006,1,1.0632023313,110,1
10,0.02,1007,1,1.1067978672,110,1
10,0.02,1008,1,0.9408969303,60,2
10,0.02,1009,1,1.1598618862,110,1
10,0.02,1010,1,1.1724748132,110,1
10,0.02,1011,1,0.8605352959,60,2
10,0.02,1012,1,0.8879278731,60,2
10,0.02,1013,1,1.1156335139,110,1
10,0.02,1014,1,1.0508431979,110,1
10,0.02,1015,1,1.1678282790,100,2
10,0.02,1016,1,1.1085401291,100,2
10,0.02,1017,1,1.1370046864,100,2
10,0.02,1018,1,1.1802289494,100,2
10,0.02,1019,1,1.1539740341,100,2
10,0.02,1020,1,1.2024603974,110,1
10,0.02,1021,1,1.0587200052,110,1
10,0.02,1022,1,1.2595199055,110,1
10,0.02,1023,1,1.1649716716,110,1
10,0.02,1024,1,1.0528757392,110,1
10,0.02,1025,1,1.1036532164,110,1
10,0.02,1026,1,1.2207553182,110,1
10,0.02,1027,1,1.2316305677,100,2
10,0.02,1028,1,1.1137980381,100,2
10,0.02,1029,1,1.0890865402,70,2
10,0.02,1030,1,0.9555558697,60,2
10,0.02,1031,1,1.0815187451,100,2
10,0.02,1032,1,1.1893447742,110,1
10,0.02,1033,1,0.9816023186,100,2
10,0.02,1034,1,1.0704258707,100,2
10,0.02,1035,1,1.0071579488,70,2
10,0.02,1036,1,1.1932787934,110,1
10,0.02,1037,1,1.2377666372,100,2
10,0.02,1038,1,1.1178233847,100,2
10,0.02,1039,1,1.0666729141,110,1
10,0.02,1040,1,1.1593723210,100,2
10,0.02,1041,1,1.0998691601,110,1
10,0.02,1042,1,1.1570704656,110,1
10,0.02,1043,1,1.0138553452,110,1
10,0.02,1044,1,1.0610803193,110,1
10,0.02,1045,1,1.0932574721,110,1
10,0.02,1046,1,1.1813215895,100,2
10,0.02,1047,1,1.1832592064,110,1
10,0.02,1048,1,1.1313115477,110,1
10,0.02,1049,1,1.0936122466,110,1
10,0.02,1050,1,1.1860045388,110,1
10,0.02,1051,1,1.1381505944,110,1
10,0.02,1052,1,1.0579095745,100,2
10,0.02,1053,1,1.0687294810,110,1
10,0.02,1054,1,1.0024786466,60,2
10,0.02,1055,1,0.9986609394,70,2
10,0.02,1056,1,1.2590013869,110,1
10,0.02,1057,1,1.0591187994,100,2
10,0.02,1058,1,1.0891944551,100,2
10,0.02,1059,1,1.1812640231,100,2
10,0.02,1060,1,0.8829942693,60,2
10,0.02,1061,1,1.1225110366,110,1
10,0.02,1062,1,1.1468266742,100,2
10,0.02,1063,1,1.2312804538,100,2
10,0.02,1064,1,1.0899122773,110,1
10,0.02,1065,1,1.0109899663,110,1
10,0.02,1066,1,1.0519778688,70,2
10,0.02,1067,1,1.2737754695,110,1
10,0.02,1068,1,1.0879107524,110,1
10,0.02,1069,1,1.1146355246,110,1
10,0.02,1070,1,1.0639697592,110,1
10,0.02,1071,1,1.2885243497,100,2
10,0.02,1072,1,1.0770777265,110,1
10,0.02,1073,1,1.0676214308,110,1
10,0.02,1074,1,1.0391549665,100,2
10,0.02,1075,1,1.1790726709,100,2
10,0.02,1076,1,1.0524117454,110,1
10,0.02,1077,1,0.9819848662,70,2
10,0.02,1078,1,1.1939210451,100,2
10,0.02,1079,1,1.1643121328,110,1
10,0.02,1080,1,1.1374007430,100,2
10,0.02,1081,1,1.1189571809,110,1
10,0.02,1082,1,1.2350878630,110,1
10,0.02,1083,1,1.2106171486,100,2
10,0.02,1084,1,1.0934944569,100,2
10,0.02,1085,1,1.1346325288,110,1
10,0.02,1086,1,1.1398352887,110,1
10,0.02,1087,1,1.2689219272,110,1
10,0.02,1088,1,1.0697373930,100,2
10,0.02,1089,1,1.1297654402,100,2
10,0.02,1090,1,0.9389570863,70,2
10,0.02,1091,1,1.2061286922,110,1
10,0.02,1092,1,0.9390538529,60,2
10,0.02,1093,1,1.1922910110,100,2
10,0.02,1094,1,1.1392962580,110,1
10,0.02,1095,1,0.9959390086,60,2
10,0.02,1096,1,1.1698068419,110,1
10,0.02,1097,1,1.0106072498,100,2
10,0.02,1098,1,0.8922137253,60,2
10,0.02,1099,1,0.9144799392,60,2
10,0.02,1100,1,1.0415181396,100,2
10,0.02,1101,1,1.2513887603,110,1
10,0.02,1102,1,0.8379069274,60,2
10,0.02,1103,1,1.1135908025,100,2
10,0.02,1104,1,1.2208545002,100,2
10,0.02,1105,1,1.0227601236,110,1
10,0.02,1106,1,1.1143995219,110,1
10,0.02,1107,1,1.1418977823,110,1
10,0.02,1108,1,1.0026933762,60,2
10,0.02,1109,1,1.1900350396,100,2
10,0.02,1110,1,1.1311389960,110,1
10,0.02,1111,1,1.1665129895,110,1
10,0.02,1112,1,1.1540338186,110,1
10,0.02,1113,1,1.2162962702,110,1
10,0.02,1114,1,1.1129755593,110,1
10,0.02,1115,1,0.9494118829,70,2
10,0.02,1116,1,1.1039237318,110,1
10,0.02,1117,1,1.0322484643,110,1
10,0.02,1118,1,1.2289306431,110,1
10,0.02,1119,1,1.2482132154,110,1
10,0.02,1120,1,1.0285297985,110,1
10,0.02,1121,1,1.0558239783,100,2
10,0.02,1122,1,1.1817593875,110,1
10,0.02,1123,1,1.1632981798,100,2
10,0.02,1124,1,1.0333295221,110,1
10,0.02,1125,1,1.2116248770,110,1
10,0.02,1126,1,1.1051010540,110,1
10,0.02,1127,1,1.0485591616,100,2
10,0.02,1128,1,1.1131547248,110,1
10,0.02,1129,1,1.0681562992,110,1
10,0.02,1130,1,1.1375264323,100,2
10,0.02,1131,1,1.0780583263,100,2
10,0.02,1132,1,1.2065833136,110,1
10,0.02,1133,1,1.1104414059,100,2
10,0.02,1134,1,1.0516697269,110,1
10,0.02,1135,1,1.0674938969,110,1
10,0.02,1136,1,1.2091857614,110,1
10,0.02,1137,1,1.1081100983,110,1
10,0.02,1138,1,1.1952370730,110,1
10,0.02,1139,1,1.0387892071,100,2
10,0.02,1140,1,1.1018887684,100,2
10,0.02,1141,1,1.0927218868,110,1
10,0.02,1142,1,1.1561253951,110,1
10,0.02,1143,1,1.1984347030,110,1
10,0.02,1144,1,1.1378419764,110,1
10,0.02,1145,1,1.0909883893,100,2
10,0.02,1146,1,1.1222843696,110,1
10,0.02,1147,1,1.0383381585,100,2
10,0.02,1148,1,1.1326669235,100,2
10,0.02,1149,1,1.1672678418,110,1
10,0.02,1150,1,1.2064144181,110,1
10,0.02,1151,1,1.2092719731,110,1
10,0.02,1152,1,1.1557806993,110,1
10,0.02,1153,1,1.2386202401,100,2
10,0.02,1154,1,1.0250211560,110,1
10,0.02,1155,1,1.1878526084,100,2
10,0.02,1156,1,1.0896028229,110,1
10,0.02,1157,1,1.1062434274,100,2
10,0.02,1158,1,1.0022502443,110,1
10,0.02,1159,1,1.0375475477,70,2
10,0.02,1160,1,1.0474329347,100,2
10,0.02,1161,1,1.0442949365,100,2
10,0.02,1162,1,1.0019594300,110,1
10,0.02,1163,1,1.2101324525,110,1
10,0.02,1164,1,1.2744665268,110,1
10,0.02,1165,1,0.8261148344,60,2
10,0.02,1166,1,1.1907595786,100,2
10,0.02,1167,1,1.1450740122,110,1
10,0.02,1168,1,1.1034451544,110,1
10,0.02,1169,1,1.0496514251,110,1
10,0.02,1170,1,1.1529096973,110,1
10,0.02,1171,1,1.0947543053,110,1
10,0.02,1172,1,1.1741754595,110,1
10,0.02,1173,1,1.0670416668,100,2
10,0.02,1174,1,1.1363589426,100,2
10,0.02,1175,1,1.1719619249,110,1
10,0.02,1176,1,1.0668447888,110,1
10,0.02,1177,1,1.1394356776,110,1
10,0.02,1178,1,1.0672828334,110,1
10,0.02,1179,1,1.0017444981,100,2
10,0.02,1180,1,1.1182516222,110,1
10,0.02,1181,1,1.1201596325,100,2
10,0.02,1182,1,0.8604960051,60,2
10,0.02,1183,1,1.0461514907,100,2
10,0.02,1184,1,0.8956271746,60,2
10,0.02,1185,1,0.9541743689,70,2
10,0.02,1186,1,0.9464837013,60,2
10,0.02,1187,1,1.0813561263,100,2
10,0.02,1188,1,1.1620790216,100,2
10,0.02,1189,1,1.0988186895,100,2
10,0.02,1190,1,1.1410398781,110,1
10,0.02,1191,1,1.0971503096,110,1
10,0.02,1192,1,1.0573458942,100,2
10,0.02,1193,1,0.9909999544,60,2
10,0.02,1194,1,1.0798160938,110,1
10,0.02,1195,1,0.9986372930,60,2
10,0.02,1196,1,1.1985035330,110,1
10,0.02,1197,1,1.0217680408,110,1
10,0.02,1198,1,1.1121052252,110,1
10,0.02,1199,1,0.9892113857,110,1
15,0.02,1000,1,1.0485409547,90,2
15,0.02,1001,1,0.9905447580,105,1
15,0.02,1002,1,0.8929658595,45,2
15,0.02,1003,1,1.1094042810,105,1
15,0.02,1004,1,1.2192886899,105,1
15,0.02,1005,1,1.1210781840,90,2
15,0.02,1006,1,1.0517585975,105,1
15,0.02,1007,1,1.0932869877,105,1
15,0.02,1008,1,0.6352844980,30,2
15,0.02,1009,1,1.1460056982,105,1
15,0.02,1010,1,1.1588891104,105,1
15,0.02,1011,1,0.6460226393,30,2
15,0.02,1012,1,0.6102829946,30,2
15,0.02,1013,1,1.1141769137,105,1
15,0.02,1014,1,1.0388370357,105,1
15,0.02,1015,1,1.1403243749,90,2
15,0.02,1016,1,1.0560715257,75,2
15,0.02,1017,1,1.0183258083,75,2
15,0.02,1018,1,1.1565320477,90,2
15,0.02,1019,1,1.1266306454,90,2
15,0.02,1020,1,1.1898648013,105,1
15,0.02,1021,1,1.0478782753,105,1
15,0.02,1022,1,1.2563952540,105,1
15,0.02,1023,1,1.1634704610,105,1
15,0.02,1024,1,1.0400650668,105,1
15,0.02,1025,1,1.1019242651,105,1
15,0.02,1026,1,1.2107152989,105,1
15,0.02,1027,1,1.1867038572,90,2
15,0.02,1028,1,1.0858659778,90,2
15,0.02,1029,1,1.0026080023,45,2
15,0.02,1030,1,0.8432000145,30,2
15,0.02,1031,1,1.0442979980,90,2
15,0.02,1032,1,1.1865223087,105,1
15,0.02,1033,1,0.9771619372,90,2
15,0.02,1034,1,1.0426587016,90,2
15,0.02,1035,1,0.8375767690,45,2
15,0.02,1036,1,1.1803934165,105,1
15,0.02,1037,1,1.0047067191,60,2
15,0.02,1038,1,1.0912198214,90,2
15,0.02,1039,1,1.0579277660,105,1
15,0.02,1040,1,1.0987631206,75,2
15,0.02,1041,1,1.0889419275,105,1
15,0.02,1042,1,1.1558656512,105,1
15,0.02,1043,1,1.0007557745,105,1
15,0.02,1044,1,1.0468609522,105,1
15,0.02,1045,1,1.0786875371,105,1
15,0.02,1046,1,1.1659148371,90,2
15,0.02,1047,1,1.1713432583,105,1
15,0.02,1048,1,1.1306187844,105,1
15,0.02,1049,1,1.0880294431,105,1
15,0.02,1050,1,1.1775383699,105,1
15,0.02,1051,1,1.1350159937,105,1
15,0.02,1052,1,1.0263850388,90,2
15,0.02,1053,1,1.0553178500,105,1
15,0.02,1054,1,0.6895809140,30,2
15,0.02,1055,1,0.8039605740,45,2
15,0.02,1056,1,1.2544486418,105,1
15,0.02,1057,1,1.0314053855,90,2
15,0.02,1058,1,1.0659362430,90,2
15,0.02,1059,1,1.0469783860,60,2
15,0.02,1060,1,0.5809988700,30,2
15,0.02,1061,1,1.1069647769,105,1
15,0.02,1062,1,1.1170927270,90,2
15,0.02,1063,1,1.2037103074,90,2
15,0.02,1064,1,1.0753376419,105,1
15,0.02,1065,1,0.9973987268,105,1
15,0.02,1066,1,1.0054931935,45,2
15,0.02,1067,1,1.2598634072,105,1
15,0.02,1068,1,1.0771280909,105,1
15,0.02,1069,1,1.1108283205,105,1
15,0.02,1070,1,1.0626160559,105,1
15,0.02,1071,1,1.2704605999,90,2
15,0.02,1072,1,1.0752301267,105,1
15,0.02,1073,1,1.0555335377,105,1
15,0.02,1074,1,1.0114460299,90,2
15,0.02,1075,1,1.1450566777,90,2
15,0.02,1076,1,1.0432317817,105,1
15,0.02,1077,1,0.9266423172,45,2
15,0.02,1078,1,1.0576178782,75,2
15,0.02,1079,1,1.1616372690,105,1
15,0.02,1080,1,1.1002008503,90,2
15,0.02,1081,1,1.1077168635,105,1
15,0.02,1082,1,1.2191183579,105,1
15,0.02,1083,1,1.1948361334,90,2
15,0.02,1084,1,1.0522123824,90,2
15,0.02,1085,1,1.1267671789,105,1
15,0.02,1086,1,1.1311153489,105,1
15,0.02,1087,1,1.2566234348,105,1
15,0.02,1088,1,1.0327337191,90,2
15,0.02,1089,1,1.1124950082,90,2
15,0.02,1090,1,0.7447713229,45,2
15,0.02,1091,1,1.1964080596,105,1
15,0.02,1092,1,0.7013670812,30,2
15,0.02,1093,1,1.1768278373,90,2
15,0.02,1094,1,1.1269969378,105,1
15,0.02,1095,1,0.8438479118,30,2
15,0.02,1096,1,1.1572922219,105,1
15,0.02,1097,1,0.9769849421,90,2
15,0.02,1098,1,0.5848922972,30,2
15,0.02,1099,1,0.6677634033,30,2
15,0.02,1100,1,1.0024351442,90,2
15,0.02,1101,1,1.2436249524,105,1
15,0.02,1102,1,0.6586173728,30,2
15,0.02,1103,1,1.0644539037,75,2
15,0.02,1104,1,1.2030224399,90,2
15,0.02,1105,1,1.0111450688,105,1
15,0.02,1106,1,1.1102633696,105,1
15,0.02,1107,1,1.1352628440,105,1
15,0.02,1108,1,0.7520918589,30,2
15,0.02,1109,1,1.0660042724,75,2
15,0.02,1110,1,1.1207897966,105,1
15,0.02,1111,1,1.1536101993,105,1
15,0.02,1112,1,1.1405392151,105,1
15,0.02,1113,1,1.2155342084,105,1
15,0.02,1114,1,1.1084872126,105,1
15,0.02,1115,1,0.8213711289,45,2
15,0.02,1116,1,1.0921254036,105,1
15,0.02,1117,1,1.0250556386,105,1
15,0.02,1118,1,1.2149516086,105,1
15,0.02,1119,1,1.2473850554,105,1
15,0.02,1120,1,1.0172152515,105,1
15,0.02,1121,1,1.0193815376,90,2
15,0.02,1122,1,1.1675061973,105,1
15,0.02,1123,1,1.1293798231,90,2
15,0.02,1124,1,1.0198083908,105,1
15,0.02,1125,1,1.2023927622,105,1
15,0.02,1126,1,1.0926302149,105,1
15,0.02,1127,1,1.0199756041,90,2
15,0.02,1128,1,1.0997562853,105,1
15,0.02,1129,1,1.0539027288,105,1
15,0.02,1130,1,0.7389896475,45,2
15,0.02,1131,1,1.0363530371,90,2
15,0.02,1132,1,1.1993718070,105,1
15,0.02,1133,1,1.0776536982,90,2
15,0.02,1134,1,1.0392226326,105,1
15,0.02,1135,1,1.0531196939,105,1
15,0.02,1136,1,1.1949506518,105,1
15,0.02,1137,1,1.0933605984,105,1
15,0.02,1138,1,1.1930269522,105,1
15,0.02,1139,1,1.0318657083,90,2
15,0.02,1140,1,1.0803788844,90,2
15,0.02,1141,1,1.0820064928,105,1
15,0.02,1142,1,1.1410080683,105,1
15,0.02,1143,1,1.1835979317,105,1
15,0.02,1144,1,1.1224780746,105,1
15,0.02,1145,1,1.0550159476,90,2
15,0.02,1146,1,1.1072222743,105,1
15,0.02,1147,1,1.0182181395,90,2
15,0.02,1148,1,1.0972939499,90,2
15,0.02,1149,1,1.1656880330,105,1
15,0.02,1150,1,1.1913220369,105,1
15,0.02,1151,1,1.1955745533,105,1
15,0.02,1152,1,1.1428898153,105,1
15,0.02,1153,1,1.2216412122,90,2
15,0.02,1154,1,1.0139142120,105,1
15,0.02,1155,1,1.1577058806,90,2
15,0.02,1156,1,1.0810301108,105,1
15,0.02,1157,1,1.0742276036,90,2
15,0.02,1158,1,0.9918369753,105,1
15,0.02,1159,1,0.8423407438,45,2
15,0.02,1160,1,1.0237511490,90,2
15,0.02,1161,1,1.0299463898,90,2
15,0.02,1162,1,0.9913766207,105,1
15,0.02,1163,1,1.1967579598,105,1
15,0.02,1164,1,1.2633366153,105,1
15,0.02,1165,1,0.5657631759,30,2
15,0.02,1166,1,1.1631051519,90,2
15,0.02,1167,1,1.1426383597,105,1
15,0.02,1168,1,1.0907197323,105,1
15,0.02,1169,1,1.0420153532,105,1
15,0.02,1170,1,1.1505507223,105,1
15,0.02,1171,1,1.0893333856,105,1
15,0.02,1172,1,1.1670572259,105,1
15,0.02,1173,1,1.0557170855,90,2
15,0.02,1174,1,1.0923996254,90,2
15,0.02,1175,1,1.1592012238,105,1
15,0.02,1176,1,1.0627846106,105,1
15,0.02,1177,1,1.1314506049,105,1
15,0.02,1178,1,1.0545886096,105,1
15,0.02,1179,1,0.9610588849,90,2
15,0.02,1180,1,1.1037045443,105,1
15,0.02,1181,1,1.1001715931,90,2
15,0.02,1182,1,0.6312680866,30,2
15,0.02,1183,1,1.0115899722,90,2
15,0.02,1184,1,0.6524134441,30,2
15,0.02,1185,1,0.7987069469,45,2
15,0.02,1186,1,0.6456283963,30,2
15,0.02,1187,1,1.0382158569,90,2
15,0.02,1188,1,1.1269704644,90,2
15,0.02,1189,1,1.0783779527,90,2
15,0.02,1190,1,1.1335115314,105,1
15,0.02,1191,1,1.0833432492,105,1
15,0.02,1192,1,1.0487024765,90,2
15,0.02,1193,1,0.7044877616,30,2
15,0.02,1194,1,1.0680923961,105,1
15,0.02,1195,1,0.8205947062,30,2
15,0.02,1196,1,1.1875762398,105,1
15,0.02,1197,1,1.0102979767,105,1
15,0.02,1198,1,1.1103881851,105,1
15,0.02,1199,1,0.9798903716,105,1
20,0.02,1000,1,1.0104120640,80,2
20,0.02,1001,1,0.9842387651,100,1
20,0.02,1002,1,0.7185977114,20,2
20,0.02,1003,1,1.0997164467,100,1
20,0.02,1004,1,1.2127599679,100,1
20,0.02,1005,1,0.9301500129,60,2
20,0.02,1006,1,1.0383902415,100,1
20,0.02,1007,1,1.0773233057,100,1
20,0.02,1008,1,0.4583228753,20,2
20,0.02,1009,1,1.1297326349,100,1
20,0.02,1010,1,1.1437249383,100,1
20,0.02,1011,1,0.5200240931,20,2
20,0.02,1012,1,0.4464339976,20,2
20,0.02,1013,1,1.1120200397,100,1
20,0.02,1014,1,1.0247512667,100,1
20,0.02,1015,1,1.1033107181,80,2
20,0.02,1016,1,0.9218991514,40,2
20,0.02,1017,1,0.7324727276,40,2
20,0.02,1018,1,0.9371367483,40,2
20,0.02,1019,1,0.9962844352,60,2
20,0.02,1020,1,1.1753468654,100,1
20,0.02,1021,1,1.0352924005,100,1
20,0.02,1022,1,1.2513792545,100,1
20,0.02,1023,1,1.1610808408,100,1
20,0.02,1024,1,1.0252216194,100,1
20,0.02,1025,1,1.0996197824,100,1
20,0.02,1026,1,1.1986967122,100,1
20,0.02,1027,1,1.1285761284,80,2
20,0.02,1028,1,1.0489335541,80,2
20,0.02,1029,1,0.7977729791,20,2
20,0.02,1030,1,0.7598712106,20,2
20,0.02,1031,1,0.9973100839,80,2
20,0.02,1032,1,1.1818627973,100,1
20,0.02,1033,1,0.9704418479,80,2
20,0.02,1034,1,0.7744098842,40,2
20,0.02,1035,1,0.5328474508,20,2
20,0.02,1036,1,1.1650124846,100,1
20,0.02,1037,1,0.4560582989,20,2
20,0.02,1038,1,1.0573114748,80,2
20,0.02,1039,1,1.0478307158,100,1
20,0.02,1040,1,0.9592006755,40,2
20,0.02,1041,1,1.0767084940,100,1
20,0.02,1042,1,1.1542946224,100,1
20,0.02,1043,1,0.9853155049,100,1
20,0.02,1044,1,1.0299372502,100,1
20,0.02,1045,1,1.0616612477,100,1
20,0.02,1046,1,1.1457027388,80,2
20,0.02,1047,1,1.1573784672,100,1
20,0.02,1048,1,1.1293097239,100,1
20,0.02,1049,1,1.0815093791,100,1
20,0.02,1050,1,1.1674690534,100,1
20,0.02,1051,1,1.1312959484,100,1
20,0.02,1052,1,0.9884686625,80,2
20,0.02,1053,1,1.0403323625,100,1
20,0.02,1054,1,0.5077893561,20,2
20,0.02,1055,1,0.5074354878,20,2
20,0.02,1056,1,1.2490335259,100,1
20,0.02,1057,1,0.7528304711,40,2
20,0.02,1058,1,1.0375117406,80,2
20,0.02,1059,1,0.6655339321,20,2
20,0.02,1060,1,0.4111081649,20,2
20,0.02,1061,1,1.0882721121,100,1
20,0.02,1062,1,1.0788548665,80,2
20,0.02,1063,1,1.1682400879,80,2
20,0.02,1064,1,1.0577618964,100,1
20,0.02,1065,1,0.9816282574,100,1
20,0.02,1066,1,0.8893388148,20,2
20,0.02,1067,1,1.2428874075,100,1
20,0.02,1068,1,1.0652109037,100,1
20,0.02,1069,1,1.1063446860,100,1
20,0.02,1070,1,1.0606687011,100,1
20,0.02,1071,1,1.0874996272,40,2
20,0.02,1072,1,1.0724655422,100,1
20,0.02,1073,1,1.0421236013,100,1
20,0.02,1074,1,0.9764138394,80,2
20,0.02,1075,1,0.8596117410,40,2
20,0.02,1076,1,1.0323091187,100,1
20,0.02,1077,1,0.8213254163,20,2
20,0.02,1078,1,0.7380876585,40,2
20,0.02,1079,1,1.1572295395,100,1
20,0.02,1080,1,1.0536591589,80,2
20,0.02,1081,1,1.0948212210,100,1
20,0.02,1082,1,1.2004875091,100,1
20,0.02,1083,1,1.1714551601,80,2
20,0.02,1084,1,0.6740183849,40,2
20,0.02,1085,1,1.1174421892,100,1
20,0.02,1086,1,1.1205207228,100,1
20,0.02,1087,1,1.2425371712,100,1
20,0.02,1088,1,0.9864751978,80,2
20,0.02,1089,1,1.0923928192,80,2
20,0.02,1090,1,0.4050150138,20,2
20,0.02,1091,1,1.1850564027,100,1
20,0.02,1092,1,0.5620765337,20,2
20,0.02,1093,1,1.1562548240,80,2
20,0.02,1094,1,1.1120620439,100,1
20,0.02,1095,1,0.7408076090,20,2
20,0.02,1096,1,1.1429613563,100,1
20,0.02,1097,1,0.9364699836,80,2
20,0.02,1098,1,0.4264395766,20,2
20,0.02,1099,1,0.5346348326,20,2
20,0.02,1100,1,0.9548585501,80,2
20,0.02,1101,1,1.2345699289,100,1
20,0.02,1102,1,0.5541984971,20,2
20,0.02,1103,1,0.9266897871,40,2
20,0.02,1104,1,1.0376812945,40,2
20,0.02,1105,1,0.9978244907,100,1
20,0.02,1106,1,1.1051268604,100,1
20,0.02,1107,1,1.1275851537,100,1
20,0.02,1108,1,0.6077377296,20,2
20,0.02,1109,1,0.7733879096,40,2
20,0.02,1110,1,1.1088456421,100,1
20,0.02,1111,1,1.1388487513,100,1
20,0.02,1112,1,1.1246345548,100,1
20,0.02,1113,1,1.2141722366,100,1
20,0.02,1114,1,1.1028339372,100,1
20,0.02,1115,1,0.5599340396,20,2
20,0.02,1116,1,1.0792078230,100,1
20,0.02,1117,1,1.0160981843,100,1
20,0.02,1118,1,1.1980528203,100,1
20,0.02,1119,1,1.2459766476,100,1
20,0.02,1120,1,1.0038403923,100,1
20,0.02,1121,1,0.9751754306,80,2
20,0.02,1122,1,1.1507506238,100,1
20,0.02,1123,1,1.0865672751,80,2
20,0.02,1124,1,1.0042391490,100,1
20,0.02,1125,1,1.1907575360,100,1
20,0.02,1126,1,1.0779984126,100,1
20,0.02,1127,1,0.9832660458,80,2
20,0.02,1128,1,1.0836473200,100,1
20,0.02,1129,1,1.0369642999,100,1
20,0.02,1130,1,0.3847663222,20,2
20,0.02,1131,1,0.9858262005,80,2
20,0.02,1132,1,1.1912409988,100,1
20,0.02,1133,1,1.0369456894,80,2
20,0.02,1134,1,1.0247317193,100,1
20,0.02,1135,1,1.0359874962,100,1
20,0.02,1136,1,1.1781359673,100,1
20,0.02,1137,1,1.0758393689,100,1
20,0.02,1138,1,1.1899814803,100,1
20,0.02,1139,1,1.0225928762,80,2
20,0.02,1140,1,1.0533518217,80,2
20,0.02,1141,1,1.0694739391,100,1
20,0.02,1142,1,1.1232176606,100,1
20,0.02,1143,1,1.1657760803,100,1
20,0.02,1144,1,1.1041561400,100,1
20,0.02,1145,1,1.0096664916,80,2
20,0.02,1146,1,1.0888636093,100,1
20,0.02,1147,1,0.8835458408,40,2
20,0.02,1148,1,0.8177057665,40,2
20,0.02,1149,1,1.1633413605,100,1
20,0.02,1150,1,1.1731123384,100,1
20,0.02,1151,1,1.1793493728,100,1
20,0.02,1152,1,1.1270674493,100,1
20,0.02,1153,1,1.1963742128,80,2
20,0.02,1154,1,1.0005267470,100,1
20,0.02,1155,1,1.1203408726,80,2
20,0.02,1156,1,1.0714891254,100,1
20,0.02,1157,1,1.0338498303,80,2
20,0.02,1158,1,0.9801117128,100,1
20,0.02,1159,1,0.4608119046,20,2
20,0.02,1160,1,0.7768779113,40,2
20,0.02,1161,1,1.0136662011,80,2
20,0.02,1162,1,0.9793075340,100,1
20,0.02,1163,1,1.1806773939,100,1
20,0.02,1164,1,1.2506485263,100,1
20,0.02,1165,1,0.4203752620,20,2
20,0.02,1166,1,1.1294064936,80,2
20,0.02,1167,1,1.1388352418,100,1
20,0.02,1168,1,1.0756860510,100,1
20,0.02,1169,1,1.0324254339,100,1
20,0.02,1170,1,1.1468333473,100,1
20,0.02,1171,1,1.0821378674,100,1
20,0.02,1172,1,1.1586991545,100,1
20,0.02,1173,1,0.9407047081,40,2
20,0.02,1174,1,1.0375605088,80,2
20,0.02,1175,1,1.1442135283,100,1
20,0.02,1176,1,1.0576884635,100,1
20,0.02,1177,1,1.1216950744,100,1
20,0.02,1178,1,1.0402509917,100,1
20,0.02,1179,1,0.9100382983,80,2
20,0.02,1180,1,1.0861649830,100,1
20,0.02,1181,1,1.0049262529,60,2
20,0.02,1182,1,0.5105773005,20,2
20,0.02,1183,1,0.9677947359,80,2
20,0.02,1184,1,0.4926423911,20,2
20,0.02,1185,1,0.5284830178,20,2
20,0.02,1186,1,0.4903136301,20,2
20,0.02,1187,1,0.9845118995,80,2
20,0.02,1188,1,1.0856858401,80,2
20,0.02,1189,1,1.0517193237,80,2
20,0.02,1190,1,1.1249634147,100,1
20,0.02,1191,1,1.0677741275,100,1
20,0.02,1192,1,0.9976953980,60,2
20,0.02,1193,1,0.5212297056,20,2
20,0.02,1194,1,1.0537104153,100,1
20,0.02,1195,1,0.7296516743,20,2
20,0.02,1196,1,1.1746505238,100,1
20,0.02,1197,1,0.9972333119,100,1
20,0.02,1198,1,1.1081323804,100,1
20,0.02,1199,1,0.9693280713,100,1
30,0.02,1000,1,0.9112055433,60,2
30,0.02,1001,1,0.9679504417,90,1
30,0.02,1002,1,0.1965857184,0,1
30,0.02,1003,1,1.0770036007,90,1
30,0.02,1004,1,1.1975861243,90,1
30,0.02,1005,1,0.0518979999,0,1
30,0.02,1006,1,1.0062749520,90,1
30,0.02,1007,1,1.0390209478,90,1
30,0.02,1008,1,0.3580855738,0,1
30,0.02,1009,1,1.0906431162,90,1
30,0.02,1010,1,1.1099367358,90,1
30,0.02,1011,1,0.3475864056,0,1
30,0.02,1012,1,0.3461038412,0,1
30,0.02,1013,1,1.1054001500,90,1
30,0.02,1014,1,0.9912081759,90,1
30,0.02,1015,1,0.9975463188,60,2
30,0.02,1016,1,0.0964286824,0,1
30,0.02,1017,1,0.0974636891,0,1
30,0.02,1018,1,0.0488212996,0,1
30,0.02,1019,1,0.0777702534,0,1
30,0.02,1020,1,1.1422332615,90,1
30,0.02,1021,1,1.0053957796,90,1
30,0.02,1022,1,1.2370619267,90,1
30,0.02,1023,1,1.1537303237,90,1
30,0.02,1024,1,0.9909014352,90,1
30,0.02,1025,1,1.0931438882,90,1
30,0.02,1026,1,1.1686096559,90,1
30,0.02,1027,1,0.9720628663,60,2
30,0.02,1028,1,0.9439695464,60,2
30,0.02,1029,1,0.1729362675,0,1
30,0.02,1030,1,0.3589794926,0,1
30,0.02,1031,1,0.8729683904,60,2
30,0.02,1032,1,1.1670507163,90,1
30,0.02,1033,1,0.9490037342,60,2
30,0.02,1034,1,0.0920378539,0,1
30,0.02,1035,1,0.1857008146,0,1
30,0.02,1036,1,1.1276861499,90,1
30,0.02,1037,1,0.1273115491,0,1
30,0.02,1038,1,0.0472999044,0,1
30,0.02,1039,1,1.0236537353,90,1
30,0.02,1040,1,0.0992191976,0,1
30,0.02,1041,1,1.0486524330,90,1
30,0.02,1042,1,1.1497302957,90,1
30,0.02,1043,1,0.9497946097,90,1
30,0.02,1044,1,0.9901758568,90,1
30,0.02,1045,1,1.0202549610,90,1
30,0.02,1046,1,1.0869181185,60,2
30,0.02,1047,1,1.1239273201,90,1
30,0.02,1048,1,1.1246187557,90,1
30,0.02,1049,1,1.0659856885,90,1
30,0.02,1050,1,1.1429400508,90,1
30,0.02,1051,1,1.1220619708,90,1
30,0.02,1052,1,0.8918059148,60,2
30,0.02,1053,1,1.0056866547,90,1
30,0.02,1054,1,0.3477673474,0,1
30,0.02,1055,1,0.1675954527,0,1
30,0.02,1056,1,1.2363017203,90,1
30,0.02,1057,1,0.0568658627,0,1
30,0.02,1058,1,0.9608661338,60,2
30,0.02,1059,1,0.1273252174,0,1
30,0.02,1060,1,0.3543437635,0,1
30,0.02,1061,1,1.0428555399,90,1
30,0.02,1062,1,0.9721081640,60,2
30,0.02,1063,1,1.0702319669,60,2
30,0.02,1064,1,1.0161843663,90,1
30,0.02,1065,1,0.9460135529,90,1
30,0.02,1066,1,0.1746153613,0,1
30,0.02,1067,1,1.2011026641,90,1
30,0.02,1068,1,1.0387284799,90,1
30,0.02,1069,1,1.0960939179,90,1
30,0.02,1070,1,1.0545737818,90,1
30,0.02,1071,1,0.0487491008,0,1
30,0.02,1072,1,1.0642406195,90,1
30,0.02,1073,1,1.0124613234,90,1
30,0.02,1074,1,0.8808735280,60,2
30,0.02,1075,1,0.0637549148,0,1
30,0.02,1076,1,1.0054900660,90,1
30,0.02,1077,1,0.1679833194,0,1
30,0.02,1078,1,0.1176018425,0,1
30,0.02,1079,1,1.1437196966,90,1
30,0.02,1080,1,0.9297468205,60,2
30,0.02,1081,1,1.0646018086,90,1
30,0.02,1082,1,1.1567128254,90,1
30,0.02,1083,1,1.1011552848,60,2
30,0.02,1084,1,0.0470884364,0,1
30,0.02,1085,1,1.0949136382,90,1
30,0.02,1086,1,1.0947737571,90,1
30,0.02,1087,1,1.2097603342,90,1
30,0.02,1088,1,0.8638508301,60,2
30,0.02,1089,1,1.0425357875,60,2
30,0.02,1090,1,0.1837632675,0,1
30,0.02,1091,1,1.1575165644,90,1
30,0.02,1092,1,0.3477201499,0,1
30,0.02,1093,1,1.0957225669,60,2
30,0.02,1094,1,1.0751859488,90,1
30,0.02,1095,1,0.3482241501,0,1
30,0.02,1096,1,1.1094429091,90,1
30,0.02,1097,1,0.8350950730,60,2
30,0.02,1098,1,0.3430620388,0,1
30,0.02,1099,1,0.3461613399,0,1
30,0.02,1100,1,0.8354405884,60,2
30,0.02,1101,1,1.2126347285,90,1
30,0.02,1102,1,0.2933346042,0,1
30,0.02,1103,1,0.0955407047,0,1
30,0.02,1104,1,0.0450435572,0,1
30,0.02,1105,1,0.9686501841,90,1
30,0.02,1106,1,1.0922608457,90,1
30,0.02,1107,1,1.1094761846,90,1
30,0.02,1108,1,0.3419358523,0,1
30,0.02,1109,1,0.1050520446,0,1
30,0.02,1110,1,1.0804307172,90,1
30,0.02,1111,1,1.1045684469,90,1
30,0.02,1112,1,1.0867209328,90,1
30,0.02,1113,1,1.2098635210,90,1
30,0.02,1114,1,1.0884097571,90,1
30,0.02,1115,1,0.1603979797,0,1
30,0.02,1116,1,1.0506109556,90,1
30,0.02,1117,1,0.9933031847,90,1
30,0.02,1118,1,1.1565704049,90,1
30,0.02,1119,1,1.2415855781,90,1
30,0.02,1120,1,0.9714895671,90,1
30,0.02,1121,1,0.8641358777,60,2
30,0.02,1122,1,1.1108738434,90,1
30,0.02,1123,1,0.9703111974,60,2
30,0.02,1124,1,0.9690316849,90,1
30,0.02,1125,1,1.1606842231,90,1
30,0.02,1126,1,1.0430090885,90,1
30,0.02,1127,1,0.8848418493,60,2
30,0.02,1128,1,1.0446253821,90,1
30,0.02,1129,1,0.9968994253,90,1
30,0.02,1130,1,0.1544065593,0,1
30,0.02,1131,1,0.8594122230,60,2
30,0.02,1132,1,1.1727898173,90,1
30,0.02,1133,1,0.0474866234,0,1
30,0.02,1134,1,0.9921623393,90,1
30,0.02,1135,1,0.9950079759,90,1
30,0.02,1136,1,1.1391996853,90,1
30,0.02,1137,1,1.0333081475,90,1
30,0.02,1138,1,1.1812311546,90,1
30,0.02,1139,1,0.9271800920,30,2
30,0.02,1140,1,0.8277009370,30,2
30,0.02,1141,1,1.0391450949,90,1
30,0.02,1142,1,1.0803851904,90,1
30,0.02,1143,1,1.1216289587,90,1
30,0.02,1144,1,1.0601028612,90,1
30,0.02,1145,1,0.8913718690,60,2
30,0.02,1146,1,1.0460506701,90,1
30,0.02,1147,1,0.0443911204,0,1
30,0.02,1148,1,0.0437914334,0,1
30,0.02,1149,1,1.1559569666,90,1
30,0.02,1150,1,1.1287243748,90,1
30,0.02,1151,1,1.1414034658,90,1
30,0.02,1152,1,1.0872305791,90,1
30,0.02,1153,1,1.1204606605,60,2
30,0.02,1154,1,0.9677213518,90,1
30,0.02,1155,1,1.0209788053,60,2
30,0.02,1156,1,1.0498757373,90,1
30,0.02,1157,1,0.9235089278,60,2
30,0.02,1158,1,0.9528100445,90,1
30,0.02,1159,1,0.1368070941,0,1
30,0.02,1160,1,0.0883692579,0,1
30,0.02,1161,1,0.9748472940,60,2
30,0.02,1162,1,0.9516400683,90,1
30,0.02,1163,1,1.1414558923,90,1
30,0.02,1164,1,1.2206038626,90,1
30,0.02,1165,1,0.3465349648,0,1
30,0.02,1166,1,1.0404751678,60,2
30,0.02,1167,1,1.1276787928,90,1
30,0.02,1168,1,1.0412237768,90,1
30,0.02,1169,1,1.0081362309,90,1
30,0.02,1170,1,1.1357808579,90,1
30,0.02,1171,1,1.0631424264,90,1
30,0.02,1172,1,1.1383624096,90,1
30,0.02,1173,1,0.0595089696,0,1
30,0.02,1174,1,0.8946557034,60,2
30,0.02,1175,1,1.1086029097,90,1
30,0.02,1176,1,1.0449718032,90,1
30,0.02,1177,1,1.0978601993,90,1
30,0.02,1178,1,1.0069358764,90,1
30,0.02,1179,1,0.7789510481,60,2
30,0.02,1180,1,1.0443567897,90,1
30,0.02,1181,1,0.8454989825,30,2
30,0.02,1182,1,0.3489799082,0,1
30,0.02,1183,1,0.8510437430,60,2
30,0.02,1184,1,0.3490043534,0,1
30,0.02,1185,1,0.1522095374,0,1
30,0.02,1186,1,0.3426277663,0,1
30,0.02,1187,1,0.8488826582,60,2
30,0.02,1188,1,0.9818598850,60,2
30,0.02,1189,1,0.9774415059,60,2
30,0.02,1190,1,1.1047501091,90,1
30,0.02,1191,1,1.0311501487,90,1
30,0.02,1192,1,0.0841923270,0,1
30,0.02,1193,1,0.3432299130,0,1
30,0.02,1194,1,1.0178503349,90,1
30,0.02,1195,1,0.3563415265,0,1
30,0.02,1196,1,1.1433119279,90,1
30,0.02,1197,1,0.9664346469,90,1
30,0.02,1198,1,1.1015939863,90,1
30,0.02,1199,1,0.9450026939,90,1
40,0.02,1000,1,0.7723208386,40,2
40,0.02,1001,1,0.9468991003,80,1
40,0.02,1002,1,0.2685951752,0,1
40,0.02,1003,1,1.0488032481,80,1
40,0.02,1004,1,1.1788948887,80,1
40,0.02,1005,1,0.0844334873,0,1
40,0.02,1006,1,0.9658334932,80,1
40,0.02,1007,1,0.9924827207,80,1
40,0.02,1008,1,0.4683384040,0,1
40,0.02,1009,1,1.0418622865,80,1
40,0.02,1010,1,1.0708149185,80,1
40,0.02,1011,1,0.4473577423,0,1
40,0.02,1012,1,0.4448985024,0,1
40,0.02,1013,1,1.0957821610,80,1
40,0.02,1014,1,0.9501500698,80,1
40,0.02,1015,1,0.0225217893,0,1
40,0.02,1016,1,0.1529222889,0,1
40,0.02,1017,1,0.1555894602,0,1
40,0.02,1018,1,0.0681040881,0,1
40,0.02,1019,1,0.1352851179,0,1
40,0.02,1020,1,1.1042048021,80,1
40,0.02,1021,1,0.9685116923,80,1
40,0.02,1022,1,1.2169466572,80,1
40,0.02,1023,1,1.1429068587,80,1
40,0.02,1024,1,0.9489567762,80,1
40,0.02,1025,1,1.0844072480,80,1
40,0.02,1026,1,1.1294496427,80,1
40,0.02,1027,1,0.0364260484,0,1
40,0.02,1028,1,0.7862830923,40,2
40,0.02,1029,1,0.2225101475,0,1
40,0.02,1030,1,0.4694441409,0,1
40,0.02,1031,1,0.0393008077,0,1
40,0.02,1032,1,1.1450737861,80,1
40,0.02,1033,1,0.9121357025,40,2
40,0.02,1034,1,0.1477514513,0,1
40,0.02,1035,1,0.2562590166,0,1
40,0.02,1036,1,1.0810592350,80,1
40,0.02,1037,1,0.1984278688,0,1
40,0.02,1038,1,0.0758862962,0,1
40,0.02,1039,1,0.9932107423,80,1
40,0.02,1040,1,0.1552694069,0,1
40,0.02,1041,1,1.0147631602,80,1
40,0.02,1042,1,1.1434554905,80,1
40,0.02,1043,1,0.9075354050,80,1
40,0.02,1044,1,0.9415236605,80,1
40,0.02,1045,1,0.9694870855,80,1
40,0.02,1046,1,0.9921554755,40,2
40,0.02,1047,1,1.0825139833,80,1
40,0.02,1048,1,1.1166878100,80,1
40,0.02,1049,1,1.0464235228,80,1
40,0.02,1050,1,1.1121182035,80,1
40,0.02,1051,1,1.1101339805,80,1
40,0.02,1052,1,0.7582356704,40,2
40,0.02,1053,1,0.9645861160,80,1
40,0.02,1054,1,0.4481531923,0,1
40,0.02,1055,1,0.2201100480,0,1
40,0.02,1056,1,1.2206614324,80,1
40,0.02,1057,1,0.0897951520,0,1
40,0.02,1058,1,0.8420002555,40,2
40,0.02,1059,1,0.1962926994,0,1
40,0.02,1060,1,0.4563715606,0,1
40,0.02,1061,1,0.9859566829,80,1
40,0.02,1062,1,0.8157161485,40,2
40,0.02,1063,1,0.0215852393,0,1
40,0.02,1064,1,0.9661307416,80,1
40,0.02,1065,1,0.9037360144,80,1
40,0.02,1066,1,0.2297052147,0,1
40,0.02,1067,1,1.1491854970,80,1
40,0.02,1068,1,1.0078249121,80,1
40,0.02,1069,1,1.0840215311,80,1
40,0.02,1070,1,1.0455439316,80,1
40,0.02,1071,1,0.0675596909,0,1
40,0.02,1072,1,1.0520478986,80,1
40,0.02,1073,1,0.9783342127,80,1
40,0.02,1074,1,0.0298032848,0,1
40,0.02,1075,1,0.0989267359,0,1
40,0.02,1076,1,0.9711729817,80,1
40,0.02,1077,1,0.2172783623,0,1
40,0.02,1078,1,0.1907467784,0,1
40,0.02,1079,1,1.1253943289,80,1
40,0.02,1080,1,0.7470044991,40,2
40,0.02,1081,1,1.0276857046,80,1
40,0.02,1082,1,1.1043666171,80,1
40,0.02,1083,1,0.0368638168,0,1
40,0.02,1084,1,0.0665952145,0,1
40,0.02,1085,1,1.0666653612,80,1
40,0.02,1086,1,1.0626477170,80,1
40,0.02,1087,1,1.1698904547,80,1
40,0.02,1088,1,0.0263210067,0,1
40,0.02,1089,1,0.9727238740,40,2
40,0.02,1090,1,0.2357157866,0,1
40,0.02,1091,1,1.1227091470,80,1
40,0.02,1092,1,0.4483504808,0,1
40,0.02,1093,1,0.0351435773,0,1
40,0.02,1094,1,1.0286251163,80,1
40,0.02,1095,1,0.4472436867,0,1
40,0.02,1096,1,1.0686922622,80,1
40,0.02,1097,1,0.0327251295,0,1
40,0.02,1098,1,0.4392401652,0,1
40,0.02,1099,1,0.4430117586,0,1
40,0.02,1100,1,0.6733469816,40,2
40,0.02,1101,1,1.1848431316,80,1
40,0.02,1102,1,0.4033624752,0,1
40,0.02,1103,1,0.1497687299,0,1
40,0.02,1104,1,0.0629379815,0,1
40,0.02,1105,1,0.9354670769,80,1
40,0.02,1106,1,1.0752206475,80,1
40,0.02,1107,1,1.0874226887,80,1
40,0.02,1108,1,0.4399343749,0,1
40,0.02,1109,1,0.1640423082,0,1
40,0.02,1110,1,1.0448512516,80,1
40,0.02,1111,1,1.0629586014,80,1
40,0.02,1112,1,1.0402629686,80,1
40,0.02,1113,1,1.2028632249,80,1
40,0.02,1114,1,1.0692031677,80,1
40,0.02,1115,1,0.2064545701,0,1
40,0.02,1116,1,1.0173692414,80,1
40,0.02,1117,1,0.9632235983,80,1
40,0.02,1118,1,1.1044823669,80,1
40,0.02,1119,1,1.2343797935,80,1
40,0.02,1120,1,0.9312339970,80,1
40,0.02,1121,1,0.7193007171,40,2
40,0.02,1122,1,1.0623144036,80,1
40,0.02,1123,1,0.0429665660,0,1
40,0.02,1124,1,0.9267783837,80,1
40,0.02,1125,1,1.1206213576,80,1
40,0.02,1126,1,0.9992800762,80,1
40,0.02,1127,1,0.7449978138,40,2
40,0.02,1128,1,0.9965648434,80,1
40,0.02,1129,1,0.9489512594,80,1
40,0.02,1130,1,0.2273082194,0,1
40,0.02,1131,1,0.6880501535,40,2
40,0.02,1132,1,1.1510029125,80,1
40,0.02,1133,1,0.0816574345,0,1
40,0.02,1134,1,0.9534089633,80,1
40,0.02,1135,1,0.9451164542,80,1
40,0.02,1136,1,1.0927011466,80,1
40,0.02,1137,1,0.9803621891,80,1
40,0.02,1138,1,1.1693601978,80,1
40,0.02,1139,1,0.0686278731,0,1
40,0.02,1140,1,0.0554187624,0,1
40,0.02,1141,1,1.0008508755,80,1
40,0.02,1142,1,1.0269605058,80,1
40,0.02,1143,1,1.0658521270,80,1
40,0.02,1144,1,1.0048545266,80,1
40,0.02,1145,1,0.7232743616,40,2
40,0.02,1146,1,0.9941366260,80,1
40,0.02,1147,1,0.0687964547,0,1
40,0.02,1148,1,0.0610197701,0,1
40,0.02,1149,1,1.1447317887,80,1
40,0.02,1150,1,1.0738880759,80,1
40,0.02,1151,1,1.0947443685,80,1
40,0.02,1152,1,1.0361248635,80,1
40,0.02,1153,1,1.0049221557,40,2
40,0.02,1154,1,0.9262947428,80,1
40,0.02,1155,1,0.0398411770,0,1
40,0.02,1156,1,1.0242154373,80,1
40,0.02,1157,1,0.7597496054,40,2
40,0.02,1158,1,0.9190352761,80,1
40,0.02,1159,1,0.1756246990,0,1
40,0.02,1160,1,0.1393543445,0,1
40,0.02,1161,1,0.0200270657,0,1
40,0.02,1162,1,0.9188519093,80,1
40,0.02,1163,1,1.0925387711,80,1
40,0.02,1164,1,1.1827880166,80,1
40,0.02,1165,1,0.4452093269,0,1
40,0.02,1166,1,0.9043922160,40,2
40,0.02,1167,1,1.1123666551,80,1
40,0.02,1168,1,0.9995606904,80,1
40,0.02,1169,1,0.9766741752,80,1
40,0.02,1170,1,1.1202035493,80,1
40,0.02,1171,1,1.0381708432,80,1
40,0.02,1172,1,1.1124630642,80,1
40,0.02,1173,1,0.0873490451,0,1
40,0.02,1174,1,0.6943944371,40,2
40,0.02,1175,1,1.0649400510,80,1
40,0.02,1176,1,1.0288635603,80,1
40,0.02,1177,1,1.0681986877,80,1
40,0.02,1178,1,0.9667238471,80,1
40,0.02,1179,1,0.5983103393,40,2
40,0.02,1180,1,0.9937111160,80,1
40,0.02,1181,1,0.1119194271,0,1
40,0.02,1182,1,0.4498886397,0,1
40,0.02,1183,1,0.0347561365,0,1
40,0.02,1184,1,0.4536079005,0,1
40,0.02,1185,1,0.1977248067,0,1
40,0.02,1186,1,0.4405189323,0,1
40,0.02,1187,1,0.6651430348,40,2
40,0.02,1188,1,0.8392481319,40,2
40,0.02,1189,1,0.8749664974,40,2
40,0.02,1190,1,1.0790363898,80,1
40,0.02,1191,1,0.9862095608,80,1
40,0.02,1192,1,0.1334689371,0,1
40,0.02,1193,1,0.4398553704,0,1
40,0.02,1194,1,0.9721735790,80,1
40,0.02,1195,1,0.4600517506,0,1
40,0.02,1196,1,1.1041449113,80,1
40,0.02,1197,1,0.9282727146,80,1
40,0.02,1198,1,1.0924214266,80,1
40,0.02,1199,1,0.9154363100,80,1
60,0.02,1000,1,0.0453955285,0,1
60,0.02,1001,1,0.8887064642,60,1
60,0.02,1002,1,0.3908240302,0,1
60,0.02,1003,1,0.9698483629,60,1
60,0.02,1004,1,1.1258207527,60,1
60,0.02,1005,1,0.1432508785,0,1
60,0.02,1006,1,0.8573457348,60,1
60,0.02,1007,1,0.8760125753,60,1
60,0.02,1008,1,0.6398014330,0,1
60,0.02,1009,1,0.9156986755,60,1
60,0.02,1010,1,0.9759357304,60,1
60,0.02,1011,1,0.5956397074,0,1
60,0.02,1012,1,0.5910547489,0,1
60,0.02,1013,1,1.0659872780,60,1
60,0.02,1014,1,0.8436497150,60,1
60,0.02,1015,1,0.0524711396,0,1
60,0.02,1016,1,0.2523367343,0,1
60,0.02,1017,1,0.2618170093,0,1
60,0.02,1018,1,0.0980344352,0,1
60,0.02,1019,1,0.2479639483,0,1
60,0.02,1020,1,1.0097830163,60,1
60,0.02,1021,1,0.8689050292,60,1
60,0.02,1022,1,1.1553298934,60,1
60,0.02,1023,1,1.1090932216,60,1
60,0.02,1024,1,0.8415702633,60,1
60,0.02,1025,1,1.0571196999,60,1
60,0.02,1026,1,1.0171396808,60,1
60,0.02,1027,1,0.0879045105,0,1
60,0.02,1028,1,0.0233882167,0,1
60,0.02,1029,1,0.2951513701,0,1
60,0.02,1030,1,0.6412821225,0,1
60,0.02,1031,1,0.0942303122,0,1
60,0.02,1032,1,1.0791850912,60,1
60,0.02,1033,0,0.0007185326,0,1
60,0.02,1034,1,0.2497535565,0,1
60,0.02,1035,1,0.3784299983,0,1
60,0.02,1036,1,0.9572189841,60,1
60,0.02,1037,1,0.3285844846,0,1
60,0.02,1038,1,0.1254217503,0,1
60,0.02,1039,1,0.9091503596,60,1
60,0.02,1040,1,0.2525799477,0,1
60,0.02,1041,1,0.9254144112,60,1
60,0.02,1042,1,1.1235447751,60,1
60,0.02,1043,1,0.8034022410,60,1
60,0.02,1044,1,0.8183777115,60,1
60,0.02,1045,1,0.8398947587,60,1
60,0.02,1046,1,0.0288260133,0,1
60,0.02,1047,1,0.9707356043,60,1
60,0.02,1048,1,1.0894065628,60,1
60,0.02,1049,1,0.9915829557,60,1
60,0.02,1050,1,1.0263814070,60,1
60,0.02,1051,1,1.0750981376,60,1
60,0.02,1052,0,0.0000000000,0,1
60,0.02,1053,1,0.8614614777,60,1
60,0.02,1054,1,0.5984177662,0,1
60,0.02,1055,1,0.3061754398,0,1
60,0.02,1056,1,1.1779812606,60,1
60,0.02,1057,1,0.1526022250,0,1
60,0.02,1058,1,0.0117038396,0,1
60,0.02,1059,1,0.3212012691,0,1
60,0.02,1060,1,0.6072143326,0,1
60,0.02,1061,1,0.8396855597,60,1
60,0.02,1062,0,0.0000000000,0,1
60,0.02,1063,1,0.0672418367,0,1
60,0.02,1064,1,0.8430699983,60,1
60,0.02,1065,1,0.7993392209,60,1
60,0.02,1066,1,0.3139822249,0,1
60,0.02,1067,1,1.0149109845,60,1
60,0.02,1068,1,0.9289564253,60,1
60,0.02,1069,1,1.0528223275,60,1
60,0.02,1070,1,1.0162536138,60,1
60,0.02,1071,1,0.0991962409,0,1
60,0.02,1072,1,1.0124195909,60,1
60,0.02,1073,1,0.8958397929,60,1
60,0.02,1074,1,0.0742648775,0,1
60,0.02,1075,1,0.1648760574,0,1
60,0.02,1076,1,0.8741860354,60,1
60,0.02,1077,1,0.2913563301,0,1
60,0.02,1078,1,0.3249721573,0,1
60,0.02,1079,1,1.0711935237,60,1
60,0.02,1080,1,0.0109531109,0,1
60,0.02,1081,1,0.9292901189,60,1
60,0.02,1082,1,0.9753191152,60,1
60,0.02,1083,1,0.0871824972,0,1
60,0.02,1084,1,0.1008192012,0,1
60,0.02,1085,1,0.9883396911,60,1
60,0.02,1086,1,0.9762903309,60,1
60,0.02,1087,1,1.0631848236,60,1
60,0.02,1088,1,0.0582402295,0,1
60,0.02,1089,1,0.0119101439,0,1
60,0.02,1090,1,0.3110546774,0,1
60,0.02,1091,1,1.0255668176,60,1
60,0.02,1092,1,0.5992579859,0,1
60,0.02,1093,1,0.0853266787,0,1
60,0.02,1094,1,0.9037686368,60,1
60,0.02,1095,1,0.5933231923,0,1
60,0.02,1096,1,0.9627860604,60,1
60,0.02,1097,1,0.0885687557,0,1
60,0.02,1098,1,0.5792600466,0,1
60,0.02,1099,1,0.5837788695,0,1
60,0.02,1100,1,0.0187612460,0,1
60,0.02,1101,1,1.1071827195,60,1
60,0.02,1102,1,0.5813381691,0,1
60,0.02,1103,1,0.2437210784,0,1
60,0.02,1104,1,0.1035722003,0,1
60,0.02,1105,1,0.8538909794,60,1
60,0.02,1106,1,1.0260395496,60,1
60,0.02,1107,1,1.0281314446,60,1
60,0.02,1108,1,0.5878417251,0,1
60,0.02,1109,1,0.2662889094,0,1
60,0.02,1110,1,0.9466025912,60,1
60,0.02,1111,1,0.9555873532,60,1
60,0.02,1112,1,0.9189468518,60,1
60,0.02,1113,1,1.1791414923,60,1
60,0.02,1114,1,1.0144640961,60,1
60,0.02,1115,1,0.2740257447,0,1
60,0.02,1116,1,0.9324825000,60,1
60,0.02,1117,1,0.8773594473,60,1
60,0.02,1118,1,0.9688742529,60,1
60,0.02,1119,1,1.2097147884,60,1
60,0.02,1120,1,0.8244658973,60,1
60,0.02,1121,1,0.0219250183,0,1
60,0.02,1122,1,0.9380650192,60,1
60,0.02,1123,1,0.1071600652,0,1
60,0.02,1124,1,0.8207587687,60,1
60,0.02,1125,1,1.0072250725,60,1
60,0.02,1126,1,0.8827162707,60,1
60,0.02,1127,1,0.0217474568,0,1
60,0.02,1128,1,0.8749795107,60,1
60,0.02,1129,1,0.8313052156,60,1
60,0.02,1130,1,0.3501052757,0,1
60,0.02,1131,1,0.0285870515,0,1
60,0.02,1132,1,1.0939150177,60,1
60,0.02,1133,1,0.1496140958,0,1
60,0.02,1134,1,0.8571801258,60,1
60,0.02,1135,1,0.8187020186,60,1
60,0.02,1136,1,0.9775370511,60,1
60,0.02,1137,1,0.8432380491,60,1
60,0.02,1138,1,1.1326412152,60,1
60,0.02,1139,1,0.1146029717,0,1
60,0.02,1140,1,0.0940988164,0,1
60,0.02,1141,1,0.8952306584,60,1
60,0.02,1142,1,0.8887719134,60,1
60,0.02,1143,1,0.9196269802,60,1
60,0.02,1144,1,0.8617943805,60,1
60,0.02,1145,1,0.0140611667,0,1
60,0.02,1146,1,0.8632359680,60,1
60,0.02,1147,1,0.1219676452,0,1
60,0.02,1148,1,0.0885238156,0,1
60,0.02,1149,1,1.1086259317,60,1
60,0.02,1150,1,0.9347384329,60,1
60,0.02,1151,1,0.9754906999,60,1
60,0.02,1152,1,0.8998288444,60,1
60,0.02,1153,1,0.0421229651,0,1
60,0.02,1154,1,0.8151328092,60,1
60,0.02,1155,1,0.0929427678,0,1
60,0.02,1156,1,0.9563228990,60,1
60,0.02,1157,0,0.0000000000,0,1
60,0.02,1158,1,0.8285851112,60,1
60,0.02,1159,1,0.2335214224,0,1
60,0.02,1160,1,0.2302977660,0,1
60,0.02,1161,1,0.0433036552,0,1
60,0.02,1162,1,0.8355145828,60,1
60,0.02,1163,1,0.9649954570,60,1
60,0.02,1164,1,1.0783949288,60,1
60,0.02,1165,1,0.5907506198,0,1
60,0.02,1166,0,0.0000000000,0,1
60,0.02,1167,1,1.0698329200,60,1
60,0.02,1168,1,0.8946226936,60,1
60,0.02,1169,1,0.8892396377,60,1
60,0.02,1170,1,1.0750058825,60,1
60,0.02,1171,1,0.9678545215,60,1
60,0.02,1172,1,1.0404384538,60,1
60,0.02,1173,1,0.1368559703,0,1
60,0.02,1174,1,0.0202733425,0,1
60,0.02,1175,1,0.9503082494,60,1
60,0.02,1176,1,0.9858375387,60,1
60,0.02,1177,1,0.9880570427,60,1
60,0.02,1178,1,0.8646850882,60,1
60,0.02,1179,0,0.0000000000,0,1
60,0.02,1180,1,0.8663794787,60,1
60,0.02,1181,1,0.2075777732,0,1
60,0.02,1182,1,0.6008103508,0,1
60,0.02,1183,1,0.0665138234,0,1
60,0.02,1184,1,0.6157975517,0,1
60,0.02,1185,1,0.2659716083,0,1
60,0.02,1186,1,0.5880942606,0,1
60,0.02,1187,0,0.0000000000,0,1
60,0.02,1188,0,0.0000000000,0,1
60,0.02,1189,1,0.0161848806,0,1
60,0.02,1190,1,1.0037166165,60,1
60,0.02,1191,1,0.8703775117,60,1
60,0.02,1192,1,0.2207406153,0,1
60,0.02,1193,1,0.5819999295,0,1
60,0.02,1194,1,0.8512662457,60,1
60,0.02,1195,1,0.6151146346,0,1
60,0.02,1196,1,0.9965595018,60,1
60,0.02,1197,1,0.8287240695,60,1
60,0.02,1198,1,1.0634746606,60,1
60,0.02,1199,1,0.8358577343,60,1
1,0.04,1000,1,1.0902235110,105,22
1,0.04,1001,1,0.9704504967,105,22
1,0.04,1002,1,1.1205091728,110,14
1,0.04,1003,1,1.0905410295,105,22
1,0.04,1004,1,1.2026323955,106,20
1,0.04,1005,1,1.1695458829,106,20
1,0.04,1006,1,1.0504262267,107,19
1,0.04,1007,1,1.1009828177,108,17
1,0.04,1008,1,1.1887425206,111,13
1,0.04,1009,1,0.3835142446,7,21
1,0.04,1010,1,1.1641848307,106,20
1,0.04,1011,1,0.9683664540,89,14
1,0.04,1012,1,0.7901014127,53,20
1,0.04,1013,1,1.0906299952,104,23
1,0.04,1014,1,1.0436036772,107,19
1,0.04,1015,1,1.1776066768,107,19
1,0.04,1016,1,1.1177834941,110,14
1,0.04,1017,1,0.3608423542,23,23
1,0.04,1018,1,1.1846866523,106,20
1,0.04,1019,1,0.8328220407,43,19
1,0.04,1020,1,1.1850020188,105,22
1,0.04,1021,1,1.0465947267,107,19
1,0.04,1022,1,1.2438201956,107,19
1,0.04,1023,1,1.1517375984,109,16
1,0.04,1024,1,1.0205601312,104,23
1,0.04,1025,1,1.0961608312,108,17
1,0.04,1026,1,0.9942576190,63,23
1,0.04,1027,1,0.1650996663,7,22
1,0.04,1028,1,1.1090478486,103,25
1,0.04,1029,1,1.1374800389,108,17
1,0.04,1030,1,0.9990694725,83,13
1,0.04,1031,1,0.1810141288,8,25
1,0.04,1032,1,1.1666554395,105,22
1,0.04,1033,1,0.9802951019,107,19
1,0.04,1034,1,0.5702510069,27,16
1,0.04,1035,1,1.1608834276,109,16
1,0.04,1036,1,1.1830919304,106,20
1,0.04,1037,1,0.1477213327,6,18
1,0.04,1038,1,0.9200564589,61,26
1,0.04,1039,1,0.6115875671,33,25
1,0.04,1040,1,1.1620650245,107,19
1,0.04,1041,1,1.0109680190,92,29
1,0.04,1042,1,0.1816515681,7,21
1,0.04,1043,1,0.9899799342,104,23
1,0.04,1044,1,1.0390562899,106,20
1,0.04,1045,1,1.0802876928,106,20
1,0.04,1046,1,0.3641578175,7,21
1,0.04,1047,1,0.0764722453,9,26
1,0.04,1048,1,1.1242437952,109,16
1,0.04,1049,1,0.4081741197,23,20
1,0.04,1050,1,1.1703568655,105,22
1,0.04,1051,1,1.1304528120,109,16
1,0.04,1052,1,1.0770605409,109,16
1,0.04,1053,1,1.0631972683,109,16
1,0.04,1054,1,0.3305449717,6,17
1,0.04,1055,1,1.1209940601,88,19
1,0.04,1056,1,1.2445805590,109,16
1,0.04,1057,1,1.0619811547,104,23
1,0.04,1058,1,0.9819265593,75,20
1,0.04,1059,1,1.0039239821,71,22
1,0.04,1060,1,1.1014259671,111,13
1,0.04,1061,1,0.2772251836,8,23
1,0.04,1062,1,1.0722645619,85,19
1,0.04,1063,1,1.2435646684,110,14
1,0.04,1064,1,1.0819333370,106,20
1,0.04,1065,1,0.3057196107,6,18
1,0.04,1066,1,0.5408937262,6,18
1,0.04,1067,1,1.2393189534,103,25
1,0.04,1068,1,0.3061550902,5,15
1,0.04,1069,1,0.1691338772,8,24
1,0.04,1070,1,1.0476354209,107,19
1,0.04,1071,1,1.2800170967,106,20
1,0.04,1072,1,1.0578270242,105,22
1,0.04,1073,1,0.9768682503,81,17
1,0.04,1074,1,0.9281273806,77,26
1,0.04,1075,1,1.0620005063,79,26
1,0.04,1076,1,1.0397445053,107,19
1,0.04,1077,1,1.0217022202,109,16
1,0.04,1078,1,1.1828630171,102,26
1,0.04,1079,1,1.1432012718,107,19
1,0.04,1080,1,0.0772600740,10,29
1,0.04,1081,1,0.7984745703,51,22
1,0.04,1082,1,0.9105886801,60,25
1,0.04,1083,1,1.2128008605,107,19
1,0.04,1084,1,1.0783952160,101,28
1,0.04,1085,1,0.5714603139,25,19
1,0.04,1086,1,1.1166824106,104,23
1,0.04,1087,1,1.2347934605,102,26
1,0.04,1088,1,1.0424917216,99,31
1,0.04,1089,1,1.1291080530,107,19
1,0.04,1090,1,0.0857571233,7,21
1,0.04,1091,1,0.1004455253,8,24
1,0.04,1092,1,0.9657782113,79,19
1,0.04,1093,1,1.0966837027,75,17
1,0.04,1094,1,1.1062973803,103,25
1,0.04,1095,1,1.0942571905,109,16
1,0.04,1096,1,1.1655494575,108,17
1,0.04,1097,1,0.9275282781,83,17
1,0.04,1098,1,0.4190277620,17,19
1,0.04,1099,1,0.9611313082,73,16
1,0.04,1100,1,0.9267853579,79,19
1,0.04,1101,1,1.2379990241,107,19
1,0.04,1102,1,0.9905257153,108,17
1,0.04,1103,1,1.1054784167,104,23
1,0.04,1104,1,1.2247135827,109,16
1,0.04,1105,1,0.1666965576,7,21
1,0.04,1106,1,1.0394326814,79,17
1,0.04,1107,1,0.5122570244,23,20
1,0.04,1108,1,1.0854822506,82,17
1,0.04,1109,1,0.0968255273,10,30
1,0.04,1110,1,1.1187793687,107,19
1,0.04,1111,1,1.1627104569,108,17
1,0.04,1112,1,0.0883141915,10,29
1,0.04,1113,1,1.1939543884,107,19
1,0.04,1114,1,1.0929570689,107,19
1,0.04,1115,1,1.0348905247,107,19
1,0.04,1116,1,1.0871175482,105,22
1,0.04,1117,1,1.0303828282,109,16
1,0.04,1118,1,0.3049735195,6,19
1,0.04,1119,1,1.2306295566,106,20
1,0.04,1120,1,1.0138211500,105,22
1,0.04,1121,1,1.0641876893,106,20
1,0.04,1122,1,0.3777216539,22,26
1,0.04,1123,1,1.1792901200,108,17
1,0.04,1124,1,0.8576468571,75,28
1,0.04,1125,1,0.7160241553,36,23
1,0.04,1126,1,1.0717037528,103,25
1,0.04,1127,1,0.2319103981,13,17
1,0.04,1128,1,1.0170596106,85,17
1,0.04,1129,1,1.0187875489,101,28
1,0.04,1130,1,0.3157004805,7,21
1,0.04,1131,1,0.0951213665,8,25
1,0.04,1132,1,0.2381078132,6,19
1,0.04,1133,1,1.0922665180,102,26
1,0.04,1134,1,0.9620109763,76,19
1,0.04,1135,1,0.8789728992,77,28
1,0.04,1136,1,1.1757680643,104,23
1,0.04,1137,1,0.3399168312,7,21
1,0.04,1138,1,1.1898624469,111,13
1,0.04,1139,1,1.0303693692,105,22
1,0.04,1140,1,1.0977056388,106,20
1,0.04,1141,1,0.9380584382,52,17
1,0.04,1142,1,1.0524460132,79,17
1,0.04,1143,1,1.1780187721,106,20
1,0.04,1144,1,1.0266078727,89,20
1,0.04,1145,1,1.0994032369,104,23
1,0.04,1146,1,1.0887884338,104,23
1,0.04,1147,1,1.0352446954,107,19
1,0.04,1148,1,1.1089299459,101,28
1,0.04,1149,1,1.0247800748,76,14
1,0.04,1150,1,1.1961288971,106,20
1,0.04,1151,1,1.1695991389,94,17
1,0.04,1152,1,0.2954174516,21,22
1,0.04,1153,1,1.2439689173,109,16
1,0.04,1154,1,0.9826513438,100,29
1,0.04,1155,1,1.1803605609,103,25
1,0.04,1156,1,1.0732152745,106,20
1,0.04,1157,1,0.9600601350,75,23
1,0.04,1158,1,0.9630458188,102,26
1,0.04,1159,1,0.8859112329,28,16
1,0.04,1160,1,1.0545037439,106,20
1,0.04,1161,1,1.0337619009,104,23
1,0.04,1162,1,0.9618189279,100,29
1,0.04,1163,1,1.0436491527,79,22
1,0.04,1164,1,0.7358896653,32,19
1,0.04,1165,1,1.0289066610,110,14
1,0.04,1166,1,1.1708552844,103,25
1,0.04,1167,1,1.1235441838,105,22
1,0.04,1168,1,1.0609156357,100,16
1,0.04,1169,1,0.0773602256,10,29
1,0.04,1170,1,1.1220582175,94,19
1,0.04,1171,1,1.0499899794,94,19
1,0.04,1172,1,0.1618861314,6,18
1,0.04,1173,1,1.0656753548,107,19
1,0.04,1174,1,0.5691903526,38,25
1,0.04,1175,1,0.7660148142,6,19
1,0.04,1176,1,1.0513443543,108,17
1,0.04,1177,1,1.0974201211,100,29
1,0.04,1178,1,0.0831959640,10,29
1,0.04,1179,1,0.9673653176,98,32
1,0.04,1180,1,0.7788953697,47,23
1,0.04,1181,1,1.1260534663,108,17
1,0.04,1182,1,0.6288841234,7,20
1,0.04,1183,1,1.0077036640,84,22
1,0.04,1184,1,0.0817854525,7,19
1,0.04,1185,1,0.9535280389,75,17
1,0.04,1186,1,0.7904549221,37,19
1,0.04,1187,1,1.0898663671,106,20
1,0.04,1188,1,1.1232641701,99,31
1,0.04,1189,1,1.1094123062,110,14
1,0.04,1190,1,0.8560927065,46,19
1,0.04,1191,1,0.1125792655,8,24
1,0.04,1192,1,1.0594369720,108,17
1,0.04,1193,1,0.1219834141,7,22
1,0.04,1194,1,0.7181695463,52,25
1,0.04,1195,1,1.1478627040,111,13
1,0.04,1196,1,1.1852375709,106,20
1,0.04,1197,1,0.3709036059,29,28
1,0.04,1198,1,1.0775860774,93,20
1,0.04,1199,1,0.5849483979,40,20
2,0.04,1000,1,1.0947880448,106,10
2,0.04,1001,1,0.9746284389,106,10
2,0.04,1002,1,1.0477010461,82,8
2,0.04,1003,1,0.9514645880,68,13
2,0.04,1004,1,0.1932248816,8,13
2,0.04,1005,1,1.1630904879,104,11
2,0.04,1006,1,0.1899549665,8,12
2,0.04,1007,1,1.1028946099,108,8
2,0.04,1008,1,1.0658306187,82,7
2,0.04,1009,1,0.4061107946,8,12
2,0.04,1010,1,1.1719794951,108,8
2,0.04,1011,1,0.9416464995,82,8
2,0.04,1012,1,0.6353594269,38,11
2,0.04,1013,1,1.0911410525,104,11
2,0.04,1014,1,1.0398414829,106,10
2,0.04,1015,1,1.1755496615,106,10
2,0.04,1016,1,1.1023276385,100,8
2,0.04,1017,1,1.1397167706,104,11
2,0.04,1018,1,1.1793524281,104,11
2,0.04,1019,1,0.7800873381,38,10
2,0.04,1020,1,1.1875905631,106,10
2,0.04,1021,1,1.0430548003,106,10
2,0.04,1022,1,1.2420083424,106,10
2,0.04,1023,1,1.1552186733,110,7
2,0.04,1024,1,1.0223768109,104,11
2,0.04,1025,1,1.0966247961,108,8
2,0.04,1026,1,1.0222303019,66,11
2,0.04,1027,1,0.1809353367,8,13
2,0.04,1028,1,1.1062476819,102,13
2,0.04,1029,1,1.1387764672,108,8
2,0.04,1030,1,0.9948960130,82,7
2,0.04,1031,1,1.0864580354,104,11
2,0.04,1032,1,1.1708730580,106,10
2,0.04,1033,1,0.9793996634,106,10
2,0.04,1034,1,0.2846964132,8,10
2,0.04,1035,1,1.1645878358,110,7
2,0.04,1036,1,1.1786137088,104,11
2,0.04,1037,1,0.1537769362,6,9
2,0.04,1038,1,1.1116055520,104,11
2,0.04,1039,1,0.8980005325,80,13
2,0.04,1040,1,1.1693394404,110,7
2,0.04,1041,1,1.0507725679,100,14
2,0.04,1042,1,1.1398783865,108,8
2,0.04,1043,1,0.9923024720,104,11
2,0.04,1044,1,0.7889905655,54,11
2,0.04,1045,1,1.0889741938,108,8
2,0.04,1046,1,1.1817971616,110,7
2,0.04,1047,1,0.1199472144,10,14
2,0.04,1048,1,1.1260197669,110,7
2,0.04,1049,1,1.0785142585,108,8
2,0.04,1050,1,1.1730987622,106,10
2,0.04,1051,1,1.1325767277,110,7
2,0.04,1052,1,1.0808098039,110,7
2,0.04,1053,1,0.4491337854,24,10
2,0.04,1054,1,0.2968442894,6,9
2,0.04,1055,1,1.1067374882,84,10
2,0.04,1056,1,1.2487308418,110,7
2,0.04,1057,1,1.0624162544,104,11
2,0.04,1058,1,0.9626721223,72,11
2,0.04,1059,1,1.1814308009,106,10
2,0.04,1060,1,1.0643935338,92,7
2,0.04,1061,1,1.1028076918,106,10
2,0.04,1062,1,1.0578120708,82,10
2,0.04,1063,1,1.2011889970,90,8
2,0.04,1064,1,1.0781080697,104,11
2,0.04,1065,1,0.2651147105,6,9
2,0.04,1066,1,1.0705718891,110,7
2,0.04,1067,1,1.2337646957,102,13
2,0.04,1068,1,1.0798320626,110,7
2,0.04,1069,1,1.0983329300,108,8
2,0.04,1070,1,1.0346761926,88,10
2,0.04,1071,1,1.2889692304,108,8
2,0.04,1072,1,1.0613689867,106,10
2,0.04,1073,1,0.9846396483,82,8
2,0.04,1074,1,1.0325816460,104,11
2,0.04,1075,1,1.1757694526,104,11
2,0.04,1076,1,1.0363013122,106,10
2,0.04,1077,1,0.9249264937,72,10
2,0.04,1078,1,1.1954404996,104,11
2,0.04,1079,1,1.1414448683,106,10
2,0.04,1080,1,0.1114864978,10,14
2,0.04,1081,1,1.0999071411,106,10
2,0.04,1082,1,0.8926510249,58,13
2,0.04,1083,1,1.2165888068,110,7
2,0.04,1084,1,1.0844784417,102,13
2,0.04,1085,1,0.5061221305,22,10
2,0.04,1086,1,1.1180804143,104,11
2,0.04,1087,1,1.2280175955,100,14
2,0.04,1088,1,1.0379680644,98,16
2,0.04,1089,1,1.1262606913,106,10
2,0.04,1090,1,1.0988285071,108,8
2,0.04,1091,1,1.0491500265,76,10
2,0.04,1092,1,0.9933268012,82,10
2,0.04,1093,1,1.1924746924,108,8
2,0.04,1094,1,1.1017760093,102,13
2,0.04,1095,1,0.9977375692,76,10
2,0.04,1096,1,1.1678640773,108,8
2,0.04,1097,1,1.0287496011,108,8
2,0.04,1098,1,0.5374467817,22,10
2,0.04,1099,1,1.0101762201,82,7
2,0.04,1100,1,0.9124050103,76,10
2,0.04,1101,1,1.2348254766,106,10
2,0.04,1102,1,0.9921886971,108,8
2,0.04,1103,1,1.1071196811,104,11
2,0.04,1104,1,1.2265059199,110,7
2,0.04,1105,1,0.8707953114,76,10
2,0.04,1106,1,1.1077667147,108,8
2,0.04,1107,1,0.4185309740,18,11
2,0.04,1108,1,1.0901046033,82,8
2,0.04,1109,1,1.1898365456,104,11
2,0.04,1110,1,1.1151258764,106,10
2,0.04,1111,1,1.1650841747,108,8
2,0.04,1112,1,0.1083907507,10,15
2,0.04,1113,1,1.1921813511,106,10
2,0.04,1114,1,1.0906113437,106,10
2,0.04,1115,1,1.0310825227,106,10
2,0.04,1116,1,1.0897851475,106,10
2,0.04,1117,1,1.0315756830,110,7
2,0.04,1118,1,1.2191624794,108,8
2,0.04,1119,1,1.2261263239,104,11
2,0.04,1120,1,1.0161041896,106,10
2,0.04,1121,1,0.9584579254,82,11
2,0.04,1122,1,1.1483148041,104,11
2,0.04,1123,1,1.1800891352,108,8
2,0.04,1124,1,0.9923059999,102,13
2,0.04,1125,1,0.1704705391,10,11
2,0.04,1126,1,1.0674614225,102,13
2,0.04,1127,1,0.2283916576,6,10
2,0.04,1128,1,1.0421934722,90,8
2,0.04,1129,1,1.0240295633,102,13
2,0.04,1130,1,0.3154532086,8,12
2,0.04,1131,1,0.9049456168,72,11
2,0.04,1132,1,1.0506955658,82,8
2,0.04,1133,1,1.0841354943,100,14
2,0.04,1134,1,0.9520709440,76,10
2,0.04,1135,1,0.6452584875,50,16
2,0.04,1136,1,1.1780783671,104,11
2,0.04,1137,1,0.3601570793,8,11
2,0.04,1138,1,0.9678147912,36,7
2,0.04,1139,1,1.0317541325,106,10
2,0.04,1140,1,1.0926399553,104,11
2,0.04,1141,1,1.0920550134,108,8
2,0.04,1142,1,1.1467690137,108,8
2,0.04,1143,1,0.9107747480,52,11
2,0.04,1144,1,0.7917392294,56,11
2,0.04,1145,1,1.0994445226,104,11
2,0.04,1146,1,1.0907673466,104,11
2,0.04,1147,1,1.0313114026,106,10
2,0.04,1148,1,1.1149672431,102,13
2,0.04,1149,1,0.9912896687,70,8
2,0.04,1150,1,1.1914373499,104,11
2,0.04,1151,1,1.2037257659,108,8
2,0.04,1152,1,1.1317586134,106,10
2,0.04,1153,1,1.2451441531,110,7
2,0.04,1154,1,0.9847831214,100,14
2,0.04,1155,1,1.1765318916,102,13
2,0.04,1156,1,0.7884065771,48,11
2,0.04,1157,1,1.1020890505,104,11
2,0.04,1158,1,0.9557407499,100,14
2,0.04,1159,1,1.1908125448,110,7
2,0.04,1160,1,0.8921815093,64,11
2,0.04,1161,1,1.0355668690,104,11
2,0.04,1162,1,0.9635886159,100,14
2,0.04,1163,1,1.1918754177,106,10
2,0.04,1164,1,0.6758995502,28,10
2,0.04,1165,1,0.6401338263,6,10
2,0.04,1166,1,1.1650156575,102,13
2,0.04,1167,1,1.1273301219,106,10
2,0.04,1168,1,0.5780174307,38,13
2,0.04,1169,1,0.1221987985,12,16
2,0.04,1170,1,1.1432938436,110,7
2,0.04,1171,1,1.0493258699,94,10
2,0.04,1172,1,0.1658894744,6,9
2,0.04,1173,1,1.0702102704,110,7
2,0.04,1174,1,0.1343689534,10,14
2,0.04,1175,1,0.7736384906,6,10
2,0.04,1176,1,1.0516582511,108,8
2,0.04,1177,1,1.0991404263,100,14
2,0.04,1178,1,0.1246116585,10,14
2,0.04,1179,1,0.8631140925,80,17
2,0.04,1180,1,0.8408614826,54,11
2,0.04,1181,1,1.1269959060,108,8
2,0.04,1182,1,0.6106327459,34,10
2,0.04,1183,1,1.0558302175,106,10
2,0.04,1184,1,0.9441522415,78,10
2,0.04,1185,1,0.9722717707,78,8
2,0.04,1186,1,0.8226936142,40,10
2,0.04,1187,1,0.1364525772,10,15
2,0.04,1188,1,1.1170347105,98,16
2,0.04,1189,1,1.1064048148,108,8
2,0.04,1190,1,0.7750383160,38,10
2,0.04,1191,1,0.0893038176,10,15
2,0.04,1192,1,1.0598652619,108,8
2,0.04,1193,1,0.1196700630,6,9
2,0.04,1194,1,1.0612401235,106,10
2,0.04,1195,1,1.1459069892,110,7
2,0.04,1196,1,1.1933165075,108,8
2,0.04,1197,1,0.9973316034,106,10
2,0.04,1198,1,1.0647585971,90,11
2,0.04,1199,1,0.8747166391,80,11
3,0.04,1000,1,1.0937083717,105,7
3,0.04,1001,1,0.9722967632,105,7
3,0.04,1002,1,1.1183952229,108,5
3,0.04,1003,1,1.0922559435,105,7
3,0.04,1004,1,1.0566744955,78,8
3,0.04,1005,1,1.1562149415,102,8
3,0.04,1006,1,0.9945805082,93,7
3,0.04,1007,1,1.1048749891,108,5
3,0.04,1008,1,1.1903030107,111,4
3,0.04,1009,1,0.9748051002,75,7
3,0.04,1010,1,1.1740954079,108,5
3,0.04,1011,1,0.9538815873,84,5
3,0.04,1012,1,0.4693520857,27,8
3,0.04,1013,1,1.0855880101,102,8
3,0.04,1014,1,1.0359432437,105,7
3,0.04,1015,1,1.1734682878,105,7
3,0.04,1016,1,1.1157853215,108,5
3,0.04,1017,1,0.3983615255,24,8
3,0.04,1018,1,1.1736918978,102,8
3,0.04,1019,1,0.7563978697,36,7
3,0.04,1020,1,1.1830781000,105,7
3,0.04,1021,1,1.0395130275,105,7
3,0.04,1022,1,1.2402588929,105,7
3,0.04,1023,1,1.1584394972,111,4
3,0.04,1024,1,0.8449117543,69,8
3,0.04,1025,1,1.0971923213,108,5
3,0.04,1026,1,0.9786072712,60,8
3,0.04,1027,1,1.0317141203,72,8
3,0.04,1028,1,1.1167781572,105,7
3,0.04,1029,1,1.1401316192,108,5
3,0.04,1030,1,1.0468464781,111,4
3,0.04,1031,1,0.9503062146,78,8
3,0.04,1032,1,1.1694807010,105,7
3,0.04,1033,1,0.9784519103,105,7
3,0.04,1034,1,0.2978494454,6,6
3,0.04,1035,1,1.1681062394,111,4
3,0.04,1036,1,1.1933127827,108,5
3,0.04,1037,1,0.1537900519,6,6
3,0.04,1038,1,1.0393459300,81,8
3,0.04,1039,1,1.0390428863,105,7
3,0.04,1040,1,1.1715839940,111,4
3,0.04,1041,1,1.0629586380,102,8
3,0.04,1042,1,1.1401820755,108,5
3,0.04,1043,1,0.9867806306,102,8
3,0.04,1044,1,0.7672142941,51,8
3,0.04,1045,1,1.0911925302,108,5
3,0.04,1046,1,1.1837905947,111,4
3,0.04,1047,1,0.3682813625,27,10
3,0.04,1048,1,1.1277542848,111,4
3,0.04,1049,1,1.0794099508,108,5
3,0.04,1050,1,1.1698458085,105,7
3,0.04,1051,1,1.1346554197,111,4
3,0.04,1052,1,1.0843547640,111,4
3,0.04,1053,1,0.5776780586,33,7
3,0.04,1054,1,0.2963073672,6,6
3,0.04,1055,1,1.0951693956,81,7
3,0.04,1056,1,1.2525919389,111,4
3,0.04,1057,1,1.0565425408,102,8
3,0.04,1058,1,0.9485928234,69,8
3,0.04,1059,1,1.1779419395,105,7
3,0.04,1060,1,1.1022761060,111,4
3,0.04,1061,1,0.9406563116,78,7
3,0.04,1062,1,1.0528194130,81,7
3,0.04,1063,1,1.2411161706,108,5
3,0.04,1064,1,1.0915868270,108,5
3,0.04,1065,1,0.2753507634,6,6
3,0.04,1066,1,0.2211375941,9,8
3,0.04,1067,1,1.2482971829,105,7
3,0.04,1068,1,0.3520515979,6,6
3,0.04,1069,1,1.0990224551,108,5
3,0.04,1070,1,1.0294674474,84,7
3,0.04,1071,1,1.2913741552,108,5
3,0.04,1072,1,1.0602379647,105,7
3,0.04,1073,1,0.9954902382,84,5
3,0.04,1074,1,1.0265956090,102,8
3,0.04,1075,1,1.1683791733,102,8
3,0.04,1076,1,1.0328186736,105,7
3,0.04,1077,1,0.9806572002,90,7
3,0.04,1078,1,1.1867121954,102,8
3,0.04,1079,1,1.1398776398,105,7
3,0.04,1080,1,0.1585924733,12,11
3,0.04,1081,1,1.0319600023,87,7
3,0.04,1082,1,1.2042338909,105,7
3,0.04,1083,1,1.2176135276,111,4
3,0.04,1084,1,0.9931692585,75,10
3,0.04,1085,1,0.5506533575,24,7
3,0.04,1086,1,1.1122744849,102,8
3,0.04,1087,1,1.2404066182,102,8
3,0.04,1088,1,1.0449096427,99,10
3,0.04,1089,1,1.1234289546,105,7
3,0.04,1090,1,1.0989734800,108,5
3,0.04,1091,1,1.0491533687,75,7
3,0.04,1092,1,0.9966237270,84,7
3,0.04,1093,1,1.1946744233,108,5
3,0.04,1094,1,1.1154126706,105,7
3,0.04,1095,1,0.9961798854,78,7
3,0.04,1096,1,1.1702545036,108,5
3,0.04,1097,1,0.6845019056,45,8
3,0.04,1098,1,0.5163941717,21,7
3,0.04,1099,1,1.1036549842,111,4
3,0.04,1100,1,0.9088548490,75,7
3,0.04,1101,1,1.2316721083,105,7
3,0.04,1102,1,0.9939185545,108,5
3,0.04,1103,1,1.1186336274,108,5
3,0.04,1104,1,1.2282098932,111,4
3,0.04,1105,1,0.1120650287,6,6
3,0.04,1106,1,1.1086748008,108,5
3,0.04,1107,1,0.2658022688,12,8
3,0.04,1108,1,1.1025886471,84,5
3,0.04,1109,1,1.0480385216,78,8
3,0.04,1110,1,1.1114670104,105,7
3,0.04,1111,1,1.1675277231,108,5
3,0.04,1112,1,0.4644930692,30,11
3,0.04,1113,1,1.1905923760,105,7
3,0.04,1114,1,1.0884331127,105,7
3,0.04,1115,1,1.0272696805,105,7
3,0.04,1116,1,1.0858013037,105,7
3,0.04,1117,1,0.9022043037,72,7
3,0.04,1118,1,1.2208281770,108,5
3,0.04,1119,1,1.2355598275,108,5
3,0.04,1120,1,1.0122952292,105,7
3,0.04,1121,1,0.9375249522,78,8
3,0.04,1122,1,1.1398473349,102,8
3,0.04,1123,1,1.1810332411,108,5
3,0.04,1124,1,0.8622258295,75,10
3,0.04,1125,1,1.2045250544,108,5
3,0.04,1126,1,1.0810409566,105,7
3,0.04,1127,1,1.0627517577,108,5
3,0.04,1128,1,1.1046881742,108,5
3,0.04,1129,1,0.9474587063,87,10
3,0.04,1130,1,0.3625789674,24,8
3,0.04,1131,1,0.8620470600,66,8
3,0.04,1132,1,1.0689512511,84,5
3,0.04,1133,1,1.0977624667,102,8
3,0.04,1134,1,0.9513813797,78,7
3,0.04,1135,1,1.0383193332,105,7
3,0.04,1136,1,1.1705694614,102,8
3,0.04,1137,1,0.3797153427,9,8
3,0.04,1138,1,1.1908907701,111,4
3,0.04,1139,1,1.0296330427,105,7
3,0.04,1140,1,1.1084189614,108,5
3,0.04,1141,1,1.0938131291,108,5
3,0.04,1142,1,1.1486547837,108,5
3,0.04,1143,1,0.8509659889,45,8
3,0.04,1144,1,0.6869118322,45,8
3,0.04,1145,1,1.0925219262,102,8
3,0.04,1146,1,0.9691557434,78,8
3,0.04,1147,1,0.9248284638,81,7
3,0.04,1148,1,1.1313926102,105,7
3,0.04,1149,1,1.0246158888,75,5
3,0.04,1150,1,1.2073484070,108,5
3,0.04,1151,1,1.2059222267,108,5
3,0.04,1152,1,1.0254337729,84,7
3,0.04,1153,1,1.2462031464,111,4
3,0.04,1154,1,0.9956453459,102,8
3,0.04,1155,1,1.1898812470,105,7
3,0.04,1156,1,0.7619389265,45,8
3,0.04,1157,1,1.0238850840,84,8
3,0.04,1158,1,0.9671451532,102,8
3,0.04,1159,1,1.1933234366,111,4
3,0.04,1160,1,0.8689491544,60,8
3,0.04,1161,1,1.0484382016,108,5
3,0.04,1162,1,0.9734539312,102,8
3,0.04,1163,1,1.0625599250,81,7
3,0.04,1164,1,0.6065707663,24,7
3,0.04,1165,1,0.9360553156,84,5
3,0.04,1166,1,1.0675821497,81,10
3,0.04,1167,1,1.1254470681,105,7
3,0.04,1168,1,0.9309086365,75,7
3,0.04,1169,1,0.9679155760,84,7
3,0.04,1170,1,1.1464877429,111,4
3,0.04,1171,1,1.0463331982,93,7
3,0.04,1172,1,0.1698515341,6,6
3,0.04,1173,1,1.0715485558,111,4
3,0.04,1174,1,0.3729557614,27,10
3,0.04,1175,1,1.0619444316,78,5
3,0.04,1176,1,1.0521637696,108,5
3,0.04,1177,1,1.1092502202,102,8
3,0.04,1178,1,0.3798437778,30,10
3,0.04,1179,1,0.9594121092,96,11
3,0.04,1180,1,0.7710537922,45,8
3,0.04,1181,1,1.1280542327,108,5
3,0.04,1182,1,0.6682509105,39,7
3,0.04,1183,1,1.0125163257,84,7
3,0.04,1184,1,0.9397563971,78,7
3,0.04,1185,1,1.0016022257,84,5
3,0.04,1186,1,0.8978253462,48,7
3,0.04,1187,1,0.1753308002,18,11
3,0.04,1188,1,1.1236569199,99,10
3,0.04,1189,1,1.1073532789,108,5
3,0.04,1190,1,0.7512327953,36,7
3,0.04,1191,1,0.3042854424,24,11
3,0.04,1192,1,1.0603059880,108,5
3,0.04,1193,1,1.0608479070,75,5
3,0.04,1194,1,0.9470392065,81,7
3,0.04,1195,1,1.0005059984,69,7
3,0.04,1196,1,1.1952928538,108,5
3,0.04,1197,1,0.9934018104,105,7
3,0.04,1198,1,1.0570882883,90,8
3,0.04,1199,1,0.8489581278,75,8
4,0.04,1000,1,1.1031075524,108,4
4,0.04,1001,1,0.9827825626,108,4
4,0.04,1002,1,1.0077511786,72,5
4,0.04,1003,1,0.9293802214,64,7
4,0.04,1004,1,1.1973948681,104,5
4,0.04,1005,1,1.1653097032,104,5
4,0.04,1006,1,0.6025876224,40,7
4,0.04,1007,1,1.0246393767,76,5
4,0.04,1008,1,1.0853826180,84,4
4,0.04,1009,1,1.1498768051,108,4
4,0.04,1010,1,1.1654034201,104,5
4,0.04,1011,1,0.4225501433,4,4
4,0.04,1012,1,0.9118137313,68,5
4,0.04,1013,1,1.0924290916,104,5
4,0.04,1014,1,1.0441799627,108,4
4,0.04,1015,1,1.1820059710,108,4
4,0.04,1016,1,0.8677215246,40,5
4,0.04,1017,1,1.1424400227,104,5
4,0.04,1018,1,1.1816169311,104,5
4,0.04,1019,1,1.0037598706,64,4
4,0.04,1020,1,1.1934734816,108,4
4,0.04,1021,1,1.0495480853,108,4
4,0.04,1022,1,1.2493703776,108,4
4,0.04,1023,1,1.1533966888,108,4
4,0.04,1024,1,1.0263940136,104,5
4,0.04,1025,1,1.0919101924,104,5
4,0.04,1026,1,1.2025908418,104,5
4,0.04,1027,1,1.1334504143,84,5
4,0.04,1028,1,1.0271304154,80,7
4,0.04,1029,1,1.0989510594,80,5
4,0.04,1030,1,0.9973499708,84,4
4,0.04,1031,1,1.0886164053,104,5
4,0.04,1032,1,1.1786410098,108,4
4,0.04,1033,1,0.9810541370,108,4
4,0.04,1034,1,0.6484991465,32,4
4,0.04,1035,1,1.1608914349,108,4
4,0.04,1036,1,1.1838101527,104,5
4,0.04,1037,1,0.6309662085,32,4
4,0.04,1038,1,1.1164266158,104,5
4,0.04,1039,1,0.9040348140,80,7
4,0.04,1040,1,1.1656055989,108,4
4,0.04,1041,1,1.0330757901,96,8
4,0.04,1042,1,0.9631637332,76,5
4,0.04,1043,1,0.9971075435,104,5
4,0.04,1044,1,1.0373100210,104,5
4,0.04,1045,1,1.0812485241,104,5
4,0.04,1046,1,1.0579163164,84,4
4,0.04,1047,1,1.1553814875,104,4
4,0.04,1048,1,1.1244615333,108,4
4,0.04,1049,1,0.9562826519,80,5
4,0.04,1050,1,1.1785263224,108,4
4,0.04,1051,1,1.1299667689,108,4
4,0.04,1052,1,1.0777319492,108,4
4,0.04,1053,1,1.0592059603,108,4
4,0.04,1054,1,1.1429756973,92,4
4,0.04,1055,1,1.1827580672,108,4
4,0.04,1056,1,1.2453474057,108,4
4,0.04,1057,1,1.0638150080,104,5
4,0.04,1058,1,1.0526541143,88,5
4,0.04,1059,1,1.1897514184,108,4
4,0.04,1060,1,1.0529425732,88,4
4,0.04,1061,1,1.1111188689,108,4
4,0.04,1062,1,1.1581694961,108,4
4,0.04,1063,1,1.1665162583,80,5
4,0.04,1064,1,1.0829707194,104,5
4,0.04,1065,1,0.9189341761,88,4
4,0.04,1066,1,0.9451011293,84,4
4,0.04,1067,1,1.2224119167,100,7
4,0.04,1068,1,0.4679237673,16,4
4,0.04,1069,1,0.9523597252,76,5
4,0.04,1070,1,1.0535487959,108,4
4,0.04,1071,1,1.2816999672,104,5
4,0.04,1072,1,1.0679969652,108,4
4,0.04,1073,1,0.9275325735,68,5
4,0.04,1074,1,1.0378315765,104,5
4,0.04,1075,1,1.1806631460,104,5
4,0.04,1076,1,0.0687695369,12,7
4,0.04,1077,1,1.0200555464,108,4
4,0.04,1078,1,1.1994187487,104,5
4,0.04,1079,1,1.1512267894,108,4
4,0.04,1080,1,1.1482158375,108,4
4,0.04,1081,1,0.5187730806,28,7
4,0.04,1082,1,0.9097457183,60,7
4,0.04,1083,1,1.2147433130,108,4
4,0.04,1084,1,1.0762611304,100,7
4,0.04,1085,1,1.0850809328,92,4
4,0.04,1086,1,1.1212587631,104,5
4,0.04,1087,1,1.2515872422,104,5
4,0.04,1088,1,1.0518394518,100,7
4,0.04,1089,1,1.1323494779,108,4
4,0.04,1090,1,0.9291597396,72,5
4,0.04,1091,1,1.1288034719,88,4
4,0.04,1092,1,0.1040939707,8,6
4,0.04,1093,1,1.0942602333,72,5
4,0.04,1094,1,1.0926659496,100,7
4,0.04,1095,1,1.0903105756,108,4
4,0.04,1096,1,1.1368010303,84,5
4,0.04,1097,1,0.9179550010,80,5
4,0.04,1098,1,1.1470617532,108,4
4,0.04,1099,1,1.0228502934,84,4
4,0.04,1100,1,1.0598631578,108,4
4,0.04,1101,1,1.2416291848,108,4
4,0.04,1102,1,0.8850672600,76,5
4,0.04,1103,1,1.1108041076,104,5
4,0.04,1104,1,1.2228417864,108,4
4,0.04,1105,1,1.0076201882,108,4
4,0.04,1106,1,1.0047723871,68,5
4,0.04,1107,1,0.9924241019,76,5
4,0.04,1108,1,1.0218313416,68,5
4,0.04,1109,1,1.1945108757,104,5
4,0.04,1110,1,1.1214857204,108,4
4,0.04,1111,1,1.1283228328,76,5
4,0.04,1112,1,1.1290496679,104,5
4,0.04,1113,1,1.2018722521,108,4
4,0.04,1114,1,1.0999591822,108,4
4,0.04,1115,1,0.5622533398,32,7
4,0.04,1116,1,1.0954802881,108,4
4,0.04,1117,1,0.9746263445,88,4
4,0.04,1118,1,1.1079516619,80,5
4,0.04,1119,1,1.2272798693,104,5
4,0.04,1120,1,1.0210794255,108,4
4,0.04,1121,1,1.0604976695,104,5
4,0.04,1122,1,1.1525828763,104,5
4,0.04,1123,1,1.0249356591,72,5
4,0.04,1124,1,0.9837998370,100,7
4,0.04,1125,1,1.1024785322,80,5
4,0.04,1126,1,1.0591378743,100,7
4,0.04,1127,1,0.9741000473,80,5
4,0.04,1128,1,1.0167028946,84,5
4,0.04,1129,1,1.0138422178,100,7
4,0.04,1130,1,1.1452275285,104,5
4,0.04,1131,1,0.9665306757,80,5
4,0.04,1132,1,0.9535635361,68,5
4,0.04,1133,1,1.1102370849,104,5
4,0.04,1134,1,1.0408130147,108,4
4,0.04,1135,1,0.8471363955,72,7
4,0.04,1136,1,1.1831874326,104,5
4,0.04,1137,1,0.1369570562,8,6
4,0.04,1138,1,1.0215524255,44,4
4,0.04,1139,1,1.0346013334,108,4
4,0.04,1140,1,1.0978105601,104,5
4,0.04,1141,1,0.9003600556,44,5
4,0.04,1142,1,1.0423870898,76,5
4,0.04,1143,1,1.1772152468,104,5
4,0.04,1144,1,1.0523113463,92,5
4,0.04,1145,1,1.0999511421,104,5
4,0.04,1146,1,1.0950413105,104,5
4,0.04,1147,1,1.0383556659,108,4
4,0.04,1148,1,1.1051259273,100,7
4,0.04,1149,1,0.9261689345,60,5
4,0.04,1150,1,1.1972774826,104,5
4,0.04,1151,1,1.1472685723,92,5
4,0.04,1152,1,0.0871541519,8,6
4,0.04,1153,1,1.2435331064,108,4
4,0.04,1154,1,1.0055767323,104,5
4,0.04,1155,1,1.1691808357,100,7
4,0.04,1156,1,1.0713477433,104,5
4,0.04,1157,1,1.1066269668,104,5
4,0.04,1158,1,0.9778081393,104,5
4,0.04,1159,1,1.1780199963,92,4
4,0.04,1160,1,1.0516352409,104,5
4,0.04,1161,1,1.0396704482,104,5
4,0.04,1162,1,0.9826553595,104,5
4,0.04,1163,1,1.1993460179,108,4
4,0.04,1164,1,1.2229050798,96,4
4,0.04,1165,1,0.8484372193,68,5
4,0.04,1166,1,1.1018900641,88,7
4,0.04,1167,1,1.1344011821,108,4
4,0.04,1168,1,1.0907994425,108,4
4,0.04,1169,1,1.0413487338,108,4
4,0.04,1170,1,1.1409322414,108,4
4,0.04,1171,1,1.0813996630,108,4
4,0.04,1172,1,1.0743857463,88,4
4,0.04,1173,1,1.0679501372,108,4
4,0.04,1174,1,0.5466315581,36,7
4,0.04,1175,1,0.9463363260,60,5
4,0.04,1176,1,1.0397094933,104,5
4,0.04,1177,1,1.1184126540,104,5
4,0.04,1178,1,1.0533540759,108,4
4,0.04,1179,1,0.9618135301,96,8
4,0.04,1180,1,1.0073873438,84,5
4,0.04,1181,1,1.1196857510,104,5
4,0.04,1182,1,0.1195729442,8,6
4,0.04,1183,1,1.0644328629,108,4
4,0.04,1184,1,0.1052500541,8,6
4,0.04,1185,1,0.9216891254,68,5
4,0.04,1186,1,1.2142200861,108,4
4,0.04,1187,1,1.0862733713,104,5
4,0.04,1188,1,1.1302933093,100,7
4,0.04,1189,1,1.0506375240,84,5
4,0.04,1190,1,1.0124202139,68,4
4,0.04,1191,1,1.0357734973,92,5
4,0.04,1192,1,1.0572869982,104,5
4,0.04,1193,1,0.9624360525,60,5
4,0.04,1194,1,1.0693529068,108,4
4,0.04,1195,1,1.1417366770,108,4
4,0.04,1196,1,1.1856816313,104,5
4,0.04,1197,1,0.8044256827,72,7
4,0.04,1198,1,1.0841804625,104,5
4,0.04,1199,1,0.8664402332,80,5
5,0.04,1000,1,1.0975786981,105,4
5,0.04,1001,1,0.9747516706,105,4
5,0.04,1002,1,1.1221874854,110,2
5,0.04,1003,1,1.0945345003,105,4
5,0.04,1004,1,1.0747579154,80,5
5,0.04,1005,1,1.1503400328,100,5
5,0.04,1006,1,1.0428556471,105,4
5,0.04,1007,1,1.1134227602,110,2
5,0.04,1008,1,1.0032880331,70,4
5,0.04,1009,1,1.0122135057,80,4
5,0.04,1010,1,1.1824971622,110,2
5,0.04,1011,1,0.4972297582,5,4
5,0.04,1012,1,0.8120046670,55,5
5,0.04,1013,1,1.0807008932,100,5
5,0.04,1014,1,1.0347036502,105,4
5,0.04,1015,1,1.1753074329,105,4
5,0.04,1016,1,1.1245352107,110,2
5,0.04,1017,1,1.1261287524,100,5
5,0.04,1018,1,1.1694692566,100,5
5,0.04,1019,1,0.7586375291,35,4
5,0.04,1020,1,1.1824089740,105,4
5,0.04,1021,1,1.0398274494,105,4
5,0.04,1022,1,1.2429381485,105,4
5,0.04,1023,1,1.1237605853,80,4
5,0.04,1024,1,0.8901013734,75,5
5,0.04,1025,1,1.1005824359,110,2
5,0.04,1026,1,0.9449763700,55,5
5,0.04,1027,1,1.0206886330,70,5
5,0.04,1028,1,1.1186047544,105,4
5,0.04,1029,1,1.1456080034,110,2
5,0.04,1030,1,0.9519861831,70,4
5,0.04,1031,1,0.9975444152,85,5
5,0.04,1032,1,1.1727023736,105,4
5,0.04,1033,1,0.9786363293,105,4
5,0.04,1034,1,0.2695759525,10,4
5,0.04,1035,1,1.0851688780,80,4
5,0.04,1036,1,1.2022828757,110,2
5,0.04,1037,1,0.1252350490,5,3
5,0.04,1038,1,1.1026850605,100,5
5,0.04,1039,1,1.0412936926,105,4
5,0.04,1040,1,1.1581105236,105,4
5,0.04,1041,1,1.0577994202,100,5
5,0.04,1042,1,0.8270408015,60,5
5,0.04,1043,1,0.9840225142,100,5
5,0.04,1044,1,0.8026391909,55,5
5,0.04,1045,1,1.1004412949,110,2
5,0.04,1046,1,0.9921571681,75,4
5,0.04,1047,1,0.9855653899,75,4
5,0.04,1048,1,1.1203123392,105,4
5,0.04,1049,1,0.2201829434,5,4
5,0.04,1050,1,1.1699687363,105,4
5,0.04,1051,1,1.0986830644,85,4
5,0.04,1052,1,1.0439901427,80,4
5,0.04,1053,1,1.0485656616,105,4
5,0.04,1054,1,0.2317047930,10,4
5,0.04,1055,1,1.0976429668,80,4
5,0.04,1056,1,1.1963793953,80,4
5,0.04,1057,1,1.0514641586,100,5
5,0.04,1058,1,0.9594938073,70,5
5,0.04,1059,1,1.1793337481,105,4
5,0.04,1060,1,1.0043139754,75,4
5,0.04,1061,1,0.9591091610,80,4
5,0.04,1062,1,1.0761432669,85,4
5,0.04,1063,1,1.2509651593,110,2
5,0.04,1064,1,1.0995873839,110,2
5,0.04,1065,1,0.2539412074,5,3
5,0.04,1066,1,0.8829956897,75,4
5,0.04,1067,1,1.2485959103,105,4
5,0.04,1068,1,0.2925069936,5,3
5,0.04,1069,1,0.8351651163,60,5
5,0.04,1070,1,1.0338262659,85,4
5,0.04,1071,1,1.3007749023,110,2
5,0.04,1072,1,1.0631308959,105,4
5,0.04,1073,1,0.8504924945,55,5
5,0.04,1074,1,1.0236678149,100,5
5,0.04,1075,1,1.1638351635,100,5
5,0.04,1076,1,1.0329587190,105,4
5,0.04,1077,1,1.0134861488,105,4
5,0.04,1078,1,1.1799992806,100,5
5,0.04,1079,1,1.1439478254,105,4
5,0.04,1080,1,0.9733281469,75,4
5,0.04,1081,1,1.0970351646,105,4
5,0.04,1082,1,1.2053405622,105,4
5,0.04,1083,1,1.2105741491,105,4
5,0.04,1084,1,1.1024497933,105,4
5,0.04,1085,1,1.0420633966,80,4
5,0.04,1086,1,1.1082178424,100,5
5,0.04,1087,1,1.2379168872,100,5
5,0.04,1088,1,1.0767846485,105,4
5,0.04,1089,1,1.1242766045,105,4
5,0.04,1090,1,0.8353909696,60,5
5,0.04,1091,1,1.0636329667,75,4
5,0.04,1092,1,1.0839610846,105,4
5,0.04,1093,1,1.2028831028,110,2
5,0.04,1094,1,1.1164411491,105,4
5,0.04,1095,1,1.0798446975,105,4
5,0.04,1096,1,1.1794237349,110,2
5,0.04,1097,1,0.8343506794,65,5
5,0.04,1098,1,1.0881413382,85,4
5,0.04,1099,1,0.9553242201,70,4
5,0.04,1100,1,0.9172044680,75,4
5,0.04,1101,1,1.2326477500,105,4
5,0.04,1102,1,0.4126164204,5,4
5,0.04,1103,1,1.1253829463,110,2
5,0.04,1104,1,1.2159379482,105,4
5,0.04,1105,1,0.2022332605,10,4
5,0.04,1106,1,1.1137945990,110,2
5,0.04,1107,1,0.9223942351,65,5
5,0.04,1108,1,0.9299565561,55,5
5,0.04,1109,1,1.0675884441,80,5
5,0.04,1110,1,1.1116477558,105,4
5,0.04,1111,1,1.1765474980,110,2
5,0.04,1112,1,0.9836365508,75,5
5,0.04,1113,1,1.1947711379,105,4
5,0.04,1114,1,1.0918431191,105,4
5,0.04,1115,1,1.0277320334,105,4
5,0.04,1116,1,1.0853570080,105,4
5,0.04,1117,1,0.9209106080,75,4
5,0.04,1118,1,0.3554112360,5,4
5,0.04,1119,1,1.2174100969,100,5
5,0.04,1120,1,1.0114847099,105,4
5,0.04,1121,1,0.9527896682,80,5
5,0.04,1122,1,1.1335219946,100,5
5,0.04,1123,1,0.6783508130,35,5
5,0.04,1124,1,1.0081652007,105,4
5,0.04,1125,1,0.7909604612,40,5
5,0.04,1126,1,1.0824130472,105,4
5,0.04,1127,1,0.9197102448,70,5
5,0.04,1128,1,0.9542102690,75,5
5,0.04,1129,1,1.0401134049,105,4
5,0.04,1130,1,1.1288713956,100,5
5,0.04,1131,1,0.8612346022,65,5
5,0.04,1132,1,0.4642936763,25,5
5,0.04,1133,1,1.0936173382,100,5
5,0.04,1134,1,1.0298929877,105,4
5,0.04,1135,1,1.0395423689,105,4
5,0.04,1136,1,1.1661058077,100,5
5,0.04,1137,1,1.0792982311,105,4
5,0.04,1138,1,0.4122582819,10,4
5,0.04,1139,1,1.0293132665,105,4
5,0.04,1140,1,1.1176699540,110,2
5,0.04,1141,1,1.1009881014,110,2
5,0.04,1142,1,0.9767548728,75,5
5,0.04,1143,1,0.9025342324,50,5
5,0.04,1144,1,0.6436428184,40,5
5,0.04,1145,1,1.0857088427,100,5
5,0.04,1146,1,0.9575554908,75,5
5,0.04,1147,1,1.0275512356,105,4
5,0.04,1148,1,1.1332766654,105,4
5,0.04,1149,1,1.1579275460,110,2
5,0.04,1150,1,1.2169926171,110,2
5,0.04,1151,1,1.2153526211,110,2
5,0.04,1152,1,1.1290132237,105,4
5,0.04,1153,1,1.2399078348,105,4
5,0.04,1154,1,0.9917330535,100,5
5,0.04,1155,1,1.1920989000,105,4
5,0.04,1156,1,0.9914278585,80,5
5,0.04,1157,1,1.0329100934,85,5
5,0.04,1158,1,0.9629409424,100,5
5,0.04,1159,1,0.9134286487,30,4
5,0.04,1160,1,1.0417448013,100,5
5,0.04,1161,1,1.0559669189,110,2
5,0.04,1162,1,0.9697932435,100,5
5,0.04,1163,1,1.0627795737,80,4
5,0.04,1164,1,1.1521161659,80,4
5,0.04,1165,1,0.4073748773,5,4
5,0.04,1166,1,1.1800473123,105,4
5,0.04,1167,1,1.1278526395,105,4
5,0.04,1168,1,0.9404594919,75,4
5,0.04,1169,1,1.0070900645,95,4
5,0.04,1170,1,1.1090195953,85,4
5,0.04,1171,1,1.0726895548,105,4
5,0.04,1172,1,0.1484507868,5,3
5,0.04,1173,1,1.0634335930,105,4
5,0.04,1174,1,0.9827238717,75,4
5,0.04,1175,1,0.8586804419,50,5
5,0.04,1176,1,0.9277011227,80,5
5,0.04,1177,1,1.1051259839,100,5
5,0.04,1178,1,0.8864095970,75,4
5,0.04,1179,1,0.9874156019,100,5
5,0.04,1180,1,0.6848759218,35,5
5,0.04,1181,1,1.1339161837,110,2
5,0.04,1182,1,1.0270793284,105,4
5,0.04,1183,1,1.0197128006,85,4
5,0.04,1184,1,1.0423984127,105,4
5,0.04,1185,1,0.8315650372,55,5
5,0.04,1186,1,1.2021186883,105,4
5,0.04,1187,1,0.8853844106,70,5
5,0.04,1188,1,1.1588708345,105,4
5,0.04,1189,1,1.1126628711,110,2
5,0.04,1190,1,0.8571432431,45,4
5,0.04,1191,1,0.9262368702,75,5
5,0.04,1192,1,1.0621621212,110,2
5,0.04,1193,1,1.1837045233,110,2
5,0.04,1194,1,0.9459093648,80,4
5,0.04,1195,1,1.0540744284,80,4
5,0.04,1196,1,1.2037987516,110,2
5,0.04,1197,1,0.9949184129,105,4
5,0.04,1198,1,1.0701580437,100,5
5,0.04,1199,1,0.4186176818,25,5
7,0.04,1000,1,1.1148163688,113,1
7,0.04,1001,1,0.9976339858,113,1
7,0.04,1002,1,1.1176963567,106,2
7,0.04,1003,1,0.9724488396,71,4
7,0.04,1004,1,1.2086340818,106,2
7,0.04,1005,1,1.1758408952,106,2
7,0.04,1006,1,0.9540395580,85,4
7,0.04,1007,1,1.1082028677,106,2
7,0.04,1008,1,1.1978748023,113,1
7,0.04,1009,1,0.8289157009,57,4
7,0.04,1010,1,1.1787769474,106,2
7,0.04,1011,1,0.9695968331,85,2
7,0.04,1012,1,1.0219067828,85,2
7,0.04,1013,1,1.0999388524,106,2
7,0.04,1014,1,1.0110739631,99,4
7,0.04,1015,1,1.1933895812,113,1
7,0.04,1016,1,1.1188633075,106,2
7,0.04,1017,1,1.1551409001,106,2
7,0.04,1018,1,1.1914125208,106,2
7,0.04,1019,1,0.1689665993,7,3
7,0.04,1020,1,1.1564711731,99,4
7,0.04,1021,1,1.0165398422,99,4
7,0.04,1022,1,1.2604998678,113,1
7,0.04,1023,1,1.1654353217,113,1
7,0.04,1024,1,1.0419746660,106,2
7,0.04,1025,1,1.0976864616,106,2
7,0.04,1026,1,1.2147994585,106,2
7,0.04,1027,1,1.2524603189,106,2
7,0.04,1028,1,1.1015095422,99,4
7,0.04,1029,1,1.1428263607,106,2
7,0.04,1030,1,1.0507032863,113,1
7,0.04,1031,1,1.0995262589,106,2
7,0.04,1032,1,1.1902161556,113,1
7,0.04,1033,1,0.9838225382,113,1
7,0.04,1034,1,0.3470870374,7,3
7,0.04,1035,1,1.1764744196,113,1
7,0.04,1036,1,1.1978365147,106,2
7,0.04,1037,1,0.2001057653,7,3
7,0.04,1038,1,1.1307088255,106,2
7,0.04,1039,1,1.0160143167,99,4
7,0.04,1040,1,1.1766056918,113,1
7,0.04,1041,1,1.0899426417,106,2
7,0.04,1042,1,1.1358842239,106,2
7,0.04,1043,1,1.0109270321,106,2
7,0.04,1044,1,1.0524722018,106,2
7,0.04,1045,1,1.0957345089,106,2
7,0.04,1046,1,0.8196206706,57,4
7,0.04,1047,1,0.8186607782,57,4
7,0.04,1048,1,1.1315305275,113,1
7,0.04,1049,1,1.0771848062,106,2
7,0.04,1050,1,1.1484907778,99,4
7,0.04,1051,1,1.1397699869,113,1
7,0.04,1052,1,1.0925223940,113,1
7,0.04,1053,1,0.8817272149,71,4
7,0.04,1054,1,1.2385239651,113,1
7,0.04,1055,1,1.0065365128,64,4
7,0.04,1056,1,1.2611643309,113,1
7,0.04,1057,1,1.0724141154,106,2
7,0.04,1058,1,1.1009364632,106,2
7,0.04,1059,1,1.2069196411,113,1
7,0.04,1060,1,1.1091250612,113,1
7,0.04,1061,1,0.7504536463,57,4
7,0.04,1062,1,0.9442082164,64,4
7,0.04,1063,1,1.2441823541,106,2
7,0.04,1064,1,1.0956425593,106,2
7,0.04,1065,1,0.3151445865,7,3
7,0.04,1066,1,0.7254092862,57,4
7,0.04,1067,1,1.2802966888,113,1
7,0.04,1068,1,0.3808610440,7,3
7,0.04,1069,1,1.0966952484,106,2
7,0.04,1070,1,1.0644136829,113,1
7,0.04,1071,1,1.2965311556,106,2
7,0.04,1072,1,1.0777481681,113,1
7,0.04,1073,1,1.0100559310,85,2
7,0.04,1074,1,1.0526941218,106,2
7,0.04,1075,1,1.1963407312,106,2
7,0.04,1076,1,0.9551514929,85,4
7,0.04,1077,1,0.9649280217,85,4
7,0.04,1078,1,1.2160478784,106,2
7,0.04,1079,1,1.1651366002,113,1
7,0.04,1080,1,0.7997285595,57,4
7,0.04,1081,1,0.7266672717,43,4
7,0.04,1082,1,1.1734830349,99,4
7,0.04,1083,1,1.2195120186,113,1
7,0.04,1084,1,1.0763099956,99,4
7,0.04,1085,1,0.2731251221,7,3
7,0.04,1086,1,1.1328050898,106,2
7,0.04,1087,1,1.2666083372,106,2
7,0.04,1088,1,1.0529339893,99,4
7,0.04,1089,1,1.1048156148,99,4
7,0.04,1090,1,1.0956605613,106,2
7,0.04,1091,1,0.9374652838,57,4
7,0.04,1092,1,0.9840192386,85,4
7,0.04,1093,1,1.1993113881,106,2
7,0.04,1094,1,1.0895626986,99,4
7,0.04,1095,1,0.9667184359,78,4
7,0.04,1096,1,1.1752895913,106,2
7,0.04,1097,1,1.0276796654,106,2
7,0.04,1098,1,0.6517039907,29,4
7,0.04,1099,1,1.1105316824,113,1
7,0.04,1100,1,0.7908111752,57,4
7,0.04,1101,1,1.2552015761,113,1
7,0.04,1102,1,0.9944806549,106,2
7,0.04,1103,1,1.1214744344,106,2
7,0.04,1104,1,1.2317645283,113,1
7,0.04,1105,1,0.1417688703,7,3
7,0.04,1106,1,1.1097371762,106,2
7,0.04,1107,1,1.1276643067,106,2
7,0.04,1108,1,1.1186018454,85,2
7,0.04,1109,1,1.2105858510,106,2
7,0.04,1110,1,1.0320494053,85,4
7,0.04,1111,1,1.1728021521,106,2
7,0.04,1112,1,1.1439520848,106,2
7,0.04,1113,1,1.2165446640,113,1
7,0.04,1114,1,1.1150361565,113,1
7,0.04,1115,1,0.9108492389,78,4
7,0.04,1116,1,1.0609868398,99,4
7,0.04,1117,1,0.8115711468,57,4
7,0.04,1118,1,1.2214022907,106,2
7,0.04,1119,1,1.2334635789,106,2
7,0.04,1120,1,0.9880561215,99,4
7,0.04,1121,1,1.0740929692,106,2
7,0.04,1122,1,1.1688152329,106,2
7,0.04,1123,1,1.1796815115,106,2
7,0.04,1124,1,0.9817627633,99,4
7,0.04,1125,1,1.2043850673,106,2
7,0.04,1126,1,1.0572157143,99,4
7,0.04,1127,1,1.0617629368,106,2
7,0.04,1128,1,1.1046841510,106,2
7,0.04,1129,1,1.0102164449,99,4
7,0.04,1130,1,1.1568410188,106,2
7,0.04,1131,1,1.0991090905,106,2
7,0.04,1132,1,1.0921570927,85,2
7,0.04,1133,1,1.1268618362,106,2
7,0.04,1134,1,0.9264335909,78,4
7,0.04,1135,1,0.8472396645,71,4
7,0.04,1136,1,1.2001795488,106,2
7,0.04,1137,1,0.1197432021,15,4
7,0.04,1138,1,1.1960453180,113,1
7,0.04,1139,1,1.0161705216,99,4
7,0.04,1140,1,1.1121848488,106,2
7,0.04,1141,1,1.0975429789,106,2
7,0.04,1142,1,1.1502906552,106,2
7,0.04,1143,1,1.1932359184,106,2
7,0.04,1144,1,1.1257897597,106,2
7,0.04,1145,1,1.1083996862,106,2
7,0.04,1146,1,1.1107136506,106,2
7,0.04,1147,1,0.8172890180,64,4
7,0.04,1148,1,1.1032376875,99,4
7,0.04,1149,1,1.0835219586,85,2
7,0.04,1150,1,1.2126944733,106,2
7,0.04,1151,1,1.2090281618,106,2
7,0.04,1152,1,0.0769868274,7,3
7,0.04,1153,1,1.2481021930,113,1
7,0.04,1154,1,1.0183753407,106,2
7,0.04,1155,1,1.2187733950,113,1
7,0.04,1156,1,1.0833137612,106,2
7,0.04,1157,1,1.1218451552,106,2
7,0.04,1158,1,0.9920496590,106,2
7,0.04,1159,1,1.1989030095,113,1
7,0.04,1160,1,1.0582047932,106,2
7,0.04,1161,1,1.0517534911,106,2
7,0.04,1162,1,0.9947915765,106,2
7,0.04,1163,1,0.8769599875,57,4
7,0.04,1164,1,1.2802206268,113,1
7,0.04,1165,1,0.9528847029,85,2
7,0.04,1166,1,1.1481318476,99,4
7,0.04,1167,1,1.1458747710,113,1
7,0.04,1168,1,0.8086838165,57,4
7,0.04,1169,1,0.8679637565,64,4
7,0.04,1170,1,1.1536815788,113,1
7,0.04,1171,1,1.0971667449,113,1
7,0.04,1172,1,1.1776660240,113,1
7,0.04,1173,1,1.0742989039,113,1
7,0.04,1174,1,0.8209814867,57,4
7,0.04,1175,1,1.1068308491,85,2
7,0.04,1176,1,1.0500508704,106,2
7,0.04,1177,1,1.1302896535,106,2
7,0.04,1178,1,0.7327435965,57,4
7,0.04,1179,1,1.0213204792,106,2
7,0.04,1180,1,1.1101007473,106,2
7,0.04,1181,1,1.1292942739,106,2
7,0.04,1182,1,0.8961289141,71,4
7,0.04,1183,1,0.9444923229,64,4
7,0.04,1184,1,0.9245061128,78,4
7,0.04,1185,1,1.0747834566,106,2
7,0.04,1186,1,1.0097507105,64,4
7,0.04,1187,1,1.1024854090,106,2
7,0.04,1188,1,1.1269088789,99,4
7,0.04,1189,1,1.1080370739,106,2
7,0.04,1190,1,0.1349924546,8,4
7,0.04,1191,1,1.0891209793,106,2
7,0.04,1192,1,1.0607013875,106,2
7,0.04,1193,1,1.1172689650,85,2
7,0.04,1194,1,0.8276877476,64,4
7,0.04,1195,1,0.1534741169,7,3
7,0.04,1196,1,1.1991211996,106,2
7,0.04,1197,1,0.9675513277,99,4
7,0.04,1198,1,1.0921746775,106,2
7,0.04,1199,1,0.9770565421,106,2
10,0.04,1000,1,1.1143222625,110,1
10,0.04,1001,1,0.9953897613,110,1
10,0.04,1002,1,1.0538652195,80,2
10,0.04,1003,1,1.1178426339,110,1
10,0.04,1004,1,1.1899026299,100,2
10,0.04,1005,1,1.1584034249,100,2
10,0.04,1006,1,1.0632023313,110,1
10,0.04,1007,1,1.0530419668,80,2
10,0.04,1008,1,1.1970782565,110,1
10,0.04,1009,1,1.1598618862,110,1
10,0.04,1010,1,1.1717496257,100,2
10,0.04,1011,1,0.9087930867,70,2
10,0.04,1012,1,0.9484035090,70,2
10,0.04,1013,1,1.0865591616,100,2
10,0.04,1014,1,1.0508431979,110,1
10,0.04,1015,1,1.1925309108,110,1
10,0.04,1016,1,1.1085401291,100,2
10,0.04,1017,1,1.1370046864,100,2
10,0.04,1018,1,1.1802289494,100,2
10,0.04,1019,1,1.1737226927,110,1
10,0.04,1020,1,1.2024603974,110,1
10,0.04,1021,1,1.0587200052,110,1
10,0.04,1022,1,1.2595199055,110,1
10,0.04,1023,1,1.1649716716,110,1
10,0.04,1024,1,1.0228064186,100,2
10,0.04,1025,1,1.0924632807,100,2
10,0.04,1026,1,1.2011153349,100,2
10,0.04,1027,1,1.2316305677,100,2
10,0.04,1028,1,1.1346336217,110,1
10,0.04,1029,1,1.1095881188,80,2
10,0.04,1030,1,1.0500388272,110,1
10,0.04,1031,1,1.0815187451,100,2
10,0.04,1032,1,1.1893447742,110,1
10,0.04,1033,1,0.9832506750,110,1
10,0.04,1034,1,1.0885364763,110,1
10,0.04,1035,1,1.1736991021,110,1
10,0.04,1036,1,1.1892475954,100,2
10,0.04,1037,1,1.2689219607,110,1
10,0.04,1038,1,1.1178233847,100,2
10,0.04,1039,1,1.0666729141,110,1
10,0.04,1040,1,1.1738143234,110,1
10,0.04,1041,1,1.0733165188,100,2
10,0.04,1042,1,1.1174221523,100,2
10,0.04,1043,1,0.9989066708,100,2
10,0.04,1044,1,1.0367478745,100,2
10,0.04,1045,1,1.0873648060,100,2
10,0.04,1046,1,1.1819750937,110,1
10,0.04,1047,1,1.1832592064,110,1
10,0.04,1048,1,1.1313115477,110,1
10,0.04,1049,1,1.0592918116,100,2
10,0.04,1050,1,1.1860045388,110,1
10,0.04,1051,1,1.1381505944,110,1
10,0.04,1052,1,1.0906900368,110,1
10,0.04,1053,1,1.0687294810,110,1
10,0.04,1054,1,1.2312613288,110,1
10,0.04,1055,1,1.1981313656,110,1
10,0.04,1056,1,1.2590013869,110,1
10,0.04,1057,1,1.0591187994,100,2
10,0.04,1058,1,1.0891944551,100,2
10,0.04,1059,1,1.2006858037,110,1
10,0.04,1060,1,1.1065932304,110,1
10,0.04,1061,1,1.1225110366,110,1
10,0.04,1062,1,1.1695839140,110,1
10,0.04,1063,1,1.2312804538,100,2
10,0.04,1064,1,1.0876244993,100,2
10,0.04,1065,1,1.0109899663,110,1
10,0.04,1066,1,1.0703793839,110,1
10,0.04,1067,1,1.2737754695,110,1
10,0.04,1068,1,1.0879107524,110,1
10,0.04,1069,1,1.0791327651,100,2
10,0.04,1070,1,1.0639697592,110,1
10,0.04,1071,1,1.2885243497,100,2
10,0.04,1072,1,1.0770777265,110,1
10,0.04,1073,1,0.9568236216,70,2
10,0.04,1074,1,1.0391549665,100,2
10,0.04,1075,1,1.1790726709,100,2
10,0.04,1076,1,1.0524117454,110,1
10,0.04,1077,1,1.0275164534,110,1
10,0.04,1078,1,1.1939210451,100,2
10,0.04,1079,1,1.1643121328,110,1
10,0.04,1080,1,1.1632601558,110,1
10,0.04,1081,1,1.1189571809,110,1
10,0.04,1082,1,1.2350878630,110,1
10,0.04,1083,1,1.2185848519,110,1
10,0.04,1084,1,1.1294374016,110,1
10,0.04,1085,1,1.1346325288,110,1
10,0.04,1086,1,1.1195806708,100,2
10,0.04,1087,1,1.2547083505,100,2
10,0.04,1088,1,1.1017940234,110,1
10,0.04,1089,1,1.1405119471,110,1
10,0.04,1090,1,0.9960771923,80,2
10,0.04,1091,1,1.2061286922,110,1
10,0.04,1092,1,1.1126720356,110,1
10,0.04,1093,1,1.1922910110,100,2
10,0.04,1094,1,1.1392962580,110,1
10,0.04,1095,1,1.1000042025,110,1
10,0.04,1096,1,1.1670284205,100,2
10,0.04,1097,1,1.0106072498,100,2
10,0.04,1098,1,1.1613830247,110,1
10,0.04,1099,1,1.1097997909,110,1
10,0.04,1100,1,1.0729773447,110,1
10,0.04,1101,1,1.2513887603,110,1
10,0.04,1102,1,0.8793257350,70,2
10,0.04,1103,1,1.1135908025,100,2
10,0.04,1104,1,1.2288370119,110,1
10,0.04,1105,1,1.0227601236,110,1
10,0.04,1106,1,1.1018420417,100,2
10,0.04,1107,1,1.0325569718,80,2
10,0.04,1108,1,1.0557099550,70,2
10,0.04,1109,1,1.1900350396,100,2
10,0.04,1110,1,1.1311389960,110,1
10,0.04,1111,1,1.1454766511,80,2
10,0.04,1112,1,1.1258193133,100,2
10,0.04,1113,1,1.2162962702,110,1
10,0.04,1114,1,1.1129755593,110,1
10,0.04,1115,1,1.0503631326,110,1
10,0.04,1116,1,1.1039237318,110,1
10,0.04,1117,1,1.0322484643,110,1
10,0.04,1118,1,1.1282889277,80,2
10,0.04,1119,1,1.2224807172,100,2
10,0.04,1120,1,1.0285297985,110,1
10,0.04,1121,1,1.0558239783,100,2
10,0.04,1122,1,1.1468826659,100,2
10,0.04,1123,1,1.1632981798,100,2
10,0.04,1124,1,1.0333295221,110,1
10,0.04,1125,1,1.1905340045,100,2
10,0.04,1126,1,1.1051010540,110,1
10,0.04,1127,1,1.0485591616,100,2
10,0.04,1128,1,1.0887419692,100,2
10,0.04,1129,1,1.0681562992,110,1
10,0.04,1130,1,1.1375264323,100,2
10,0.04,1131,1,1.0780583263,100,2
10,0.04,1132,1,0.9978943567,70,2
10,0.04,1133,1,1.1104414059,100,2
10,0.04,1134,1,1.0516697269,110,1
10,0.04,1135,1,1.0674938969,110,1
10,0.04,1136,1,1.1833931303,100,2
10,0.04,1137,1,1.1081100983,110,1
10,0.04,1138,1,1.1952370730,110,1
10,0.04,1139,1,1.0385039647,110,1
10,0.04,1140,1,1.1018887684,100,2
10,0.04,1141,1,1.0912555272,100,2
10,0.04,1142,1,1.1351537082,100,2
10,0.04,1143,1,1.1787000054,100,2
10,0.04,1144,1,1.1040125827,100,2
10,0.04,1145,1,1.0909883893,100,2
10,0.04,1146,1,1.0911464231,100,2
10,0.04,1147,1,1.0487354323,110,1
10,0.04,1148,1,1.1619433186,110,1
10,0.04,1149,1,0.9543791299,60,2
10,0.04,1150,1,1.2039685438,100,2
10,0.04,1151,1,1.1969265953,100,2
10,0.04,1152,1,1.1557806993,110,1
10,0.04,1153,1,1.2472456897,110,1
10,0.04,1154,1,1.0041433888,100,2
10,0.04,1155,1,1.2159540761,110,1
10,0.04,1156,1,1.0699656968,100,2
10,0.04,1157,1,1.1062434274,100,2
10,0.04,1158,1,0.9764012973,100,2
10,0.04,1159,1,1.1983736726,110,1
10,0.04,1160,1,1.0474329347,100,2
10,0.04,1161,1,1.0442949365,100,2
10,0.04,1162,1,0.9815771741,100,2
10,0.04,1163,1,1.2101324525,110,1
10,0.04,1164,1,1.2744665268,110,1
10,0.04,1165,1,0.8830917497,70,2
10,0.04,1166,1,1.2075849738,110,1
10,0.04,1167,1,1.1450740122,110,1
10,0.04,1168,1,1.1034451544,110,1
10,0.04,1169,1,1.0496514251,110,1
10,0.04,1170,1,1.1529096973,110,1
10,0.04,1171,1,1.0947543053,110,1
10,0.04,1172,1,1.1741754595,110,1
10,0.04,1173,1,1.0726566578,110,1
10,0.04,1174,1,1.1718391909,110,1
10,0.04,1175,1,0.9761493750,60,2
10,0.04,1176,1,1.0329211400,100,2
10,0.04,1177,1,1.1174742985,100,2
10,0.04,1178,1,1.0672828334,110,1
10,0.04,1179,1,1.0017444981,100,2
10,0.04,1180,1,1.0935117147,100,2
10,0.04,1181,1,1.1201596325,100,2
10,0.04,1182,1,1.0500075272,110,1
10,0.04,1183,1,1.0777127772,110,1
10,0.04,1184,1,1.0628467711,110,1
10,0.04,1185,1,1.0597189630,100,2
10,0.04,1186,1,1.2296812012,110,1
10,0.04,1187,1,1.0813561263,100,2
10,0.04,1188,1,1.1891010739,110,1
10,0.04,1189,1,1.0988186895,100,2
10,0.04,1190,1,1.1410398781,110,1
10,0.04,1191,1,1.0729259349,100,2
10,0.04,1192,1,1.0573458942,100,2
10,0.04,1193,1,1.0494180002,70,2
10,0.04,1194,1,1.0798160938,110,1
10,0.04,1195,1,1.1485004202,110,1
10,0.04,1196,1,1.1904434285,100,2
10,0.04,1197,1,1.0217680408,110,1
10,0.04,1198,1,1.0740659055,100,2
10,0.04,1199,1,0.9597994957,100,2
15,0.04,1000,1,1.1128253738,105,1
15,0.04,1001,1,0.9905447580,105,1
15,0.04,1002,1,0.8929658595,45,2
15,0.04,1003,1,1.1094042810,105,1
15,0.04,1004,1,1.1510107213,90,2
15,0.04,1005,1,1.1210781840,90,2
15,0.04,1006,1,1.0517585975,105,1
15,0.04,1007,1,0.9039622168,45,2
15,0.04,1008,1,1.1948387371,105,1
15,0.04,1009,1,1.1460056982,105,1
15,0.04,1010,1,1.1581289617,90,2
15,0.04,1011,1,0.7667925685,45,2
15,0.04,1012,1,0.7701565456,45,2
15,0.04,1013,1,1.0582375536,90,2
15,0.04,1014,1,1.0388370357,105,1
15,0.04,1015,1,1.1897332212,105,1
15,0.04,1016,1,1.0873745094,90,2
15,0.04,1017,1,1.0988157219,90,2
15,0.04,1018,1,1.1565320477,90,2
15,0.04,1019,1,1.1653698783,105,1
15,0.04,1020,1,1.1898648013,105,1
15,0.04,1021,1,1.0478782753,105,1
15,0.04,1022,1,1.2563952540,105,1
15,0.04,1023,1,1.1634704610,105,1
15,0.04,1024,1,0.9847400579,90,2
15,0.04,1025,1,1.0823174169,90,2
15,0.04,1026,1,1.1714281030,90,2
15,0.04,1027,1,1.1867038572,90,2
15,0.04,1028,1,1.1286718380,105,1
15,0.04,1029,1,1.0573280887,60,2
15,0.04,1030,1,1.0478734192,105,1
15,0.04,1031,1,1.0442979980,90,2
15,0.04,1032,1,1.1865223087,105,1
15,0.04,1033,1,0.9814090471,105,1
15,0.04,1034,1,1.0775741444,105,1
15,0.04,1035,1,1.1675590087,105,1
15,0.04,1036,1,1.1705985417,90,2
15,0.04,1037,1,1.2518766081,105,1
15,0.04,1038,1,1.0912198214,90,2
15,0.04,1039,1,1.0579277660,105,1
15,0.04,1040,1,1.1672957594,105,1
15,0.04,1041,1,1.0396250018,90,2
15,0.04,1042,1,0.8676243897,60,2
15,0.04,1043,1,0.9746546515,90,2
15,0.04,1044,1,1.0062122417,90,2
15,0.04,1045,1,1.0708619657,90,2
15,0.04,1046,1,1.1685248662,105,1
15,0.04,1047,1,1.1713432583,105,1
15,0.04,1048,1,1.1306187844,105,1
15,0.04,1049,1,0.8595995671,60,2
15,0.04,1050,1,1.1775383699,105,1
15,0.04,1051,1,1.1350159937,105,1
15,0.04,1052,1,1.0873711728,105,1
15,0.04,1053,1,1.0553178500,105,1
15,0.04,1054,1,1.2155553534,105,1
15,0.04,1055,1,1.1894901831,105,1
15,0.04,1056,1,1.2544486418,105,1
15,0.04,1057,1,1.0314053855,90,2
15,0.04,1058,1,1.0659362430,90,2
15,0.04,1059,1,1.1884990178,105,1
15,0.04,1060,1,1.1008025988,105,1
15,0.04,1061,1,1.1069647769,105,1
15,0.04,1062,1,1.1590810479,105,1
15,0.04,1063,1,1.2037103074,90,2
15,0.04,1064,1,1.0700400149,90,2
15,0.04,1065,1,0.9973987268,105,1
15,0.04,1066,1,1.0559342265,105,1
15,0.04,1067,1,1.2598634072,105,1
15,0.04,1068,1,1.0771280909,105,1
15,0.04,1069,1,1.0428994264,90,2
15,0.04,1070,1,1.0626160559,105,1
15,0.04,1071,1,1.2704605999,90,2
15,0.04,1072,1,1.0752301267,105,1
15,0.04,1073,1,0.8212679825,45,2
15,0.04,1074,1,1.0114460299,90,2
15,0.04,1075,1,1.1450566777,90,2
15,0.04,1076,1,1.0432317817,105,1
15,0.04,1077,1,1.0219714476,105,1
15,0.04,1078,1,1.1493659439,90,2
15,0.04,1079,1,1.1616372690,105,1
15,0.04,1080,1,1.1469962635,105,1
15,0.04,1081,1,1.1077168635,105,1
15,0.04,1082,1,1.2191183579,105,1
15,0.04,1083,1,1.2155872739,105,1
15,0.04,1084,1,1.1217882069,105,1
15,0.04,1085,1,1.1267671789,105,1
15,0.04,1086,1,1.0910933863,90,2
15,0.04,1087,1,1.2302997826,90,2
15,0.04,1088,1,1.0942646735,105,1
15,0.04,1089,1,1.1325547176,105,1
15,0.04,1090,1,0.7447713229,45,2
15,0.04,1091,1,1.1964080596,105,1
15,0.04,1092,1,1.0999073946,105,1
15,0.04,1093,1,1.1768278373,90,2
15,0.04,1094,1,1.1269969378,105,1
15,0.04,1095,1,1.0884556537,105,1
15,0.04,1096,1,1.0904864380,60,2
15,0.04,1097,1,0.9769849421,90,2
15,0.04,1098,1,1.1538468540,105,1
15,0.04,1099,1,1.1075600167,105,1
15,0.04,1100,1,1.0594689697,105,1
15,0.04,1101,1,1.2436249524,105,1
15,0.04,1102,1,0.7567167376,45,2
15,0.04,1103,1,1.0951266547,90,2
15,0.04,1104,1,1.2224268144,105,1
15,0.04,1105,1,1.0111450688,105,1
15,0.04,1106,1,1.0843262044,90,2
15,0.04,1107,1,0.8202260670,45,2
15,0.04,1108,1,0.8957575699,45,2
15,0.04,1109,1,1.1486710907,90,2
15,0.04,1110,1,1.1207897966,105,1
15,0.04,1111,1,1.0562138769,45,2
15,0.04,1112,1,1.0890513974,90,2
15,0.04,1113,1,1.2155342084,105,1
15,0.04,1114,1,1.1084872126,105,1
15,0.04,1115,1,1.0383871677,105,1
15,0.04,1116,1,1.0921254036,105,1
15,0.04,1117,1,1.0250556386,105,1
15,0.04,1118,1,0.8948916015,45,2
15,0.04,1119,1,1.2007711391,90,2
15,0.04,1120,1,1.0172152515,105,1
15,0.04,1121,1,1.0193815376,90,2
15,0.04,1122,1,1.1030055377,90,2
15,0.04,1123,1,1.1293798231,90,2
15,0.04,1124,1,1.0198083908,105,1
15,0.04,1125,1,1.1603533081,90,2
15,0.04,1126,1,1.0926302149,105,1
15,0.04,1127,1,1.0199756041,90,2
15,0.04,1128,1,1.0569172477,90,2
15,0.04,1129,1,1.0539027288,105,1
15,0.04,1130,1,0.8837201275,60,2
15,0.04,1131,1,1.0363530371,90,2
15,0.04,1132,1,0.7887756989,45,2
15,0.04,1133,1,1.0776536982,90,2
15,0.04,1134,1,1.0392226326,105,1
15,0.04,1135,1,1.0531196939,105,1
15,0.04,1136,1,1.1508700589,90,2
15,0.04,1137,1,1.0933605984,105,1
15,0.04,1138,1,1.1930269522,105,1
15,0.04,1139,1,1.0322216921,105,1
15,0.04,1140,1,1.0803788844,90,2
15,0.04,1141,1,1.0773365075,90,2
15,0.04,1142,1,1.1045562727,90,2
15,0.04,1143,1,1.1496048391,90,2
15,0.04,1144,1,1.0600083861,90,2
15,0.04,1145,1,1.0550159476,90,2
15,0.04,1146,1,1.0526806034,90,2
15,0.04,1147,1,1.0371575000,105,1
15,0.04,1148,1,1.1493304267,105,1
15,0.04,1149,1,0.8397849839,45,2
15,0.04,1150,1,1.1841376214,90,2
15,0.04,1151,1,1.1710851147,90,2
15,0.04,1152,1,1.1428898153,105,1
15,0.04,1153,1,1.2448012415,105,1
15,0.04,1154,1,0.9745246483,90,2
15,0.04,1155,1,1.2104634985,105,1
15,0.04,1156,1,1.0422656951,90,2
15,0.04,1157,1,1.0742276036,90,2
15,0.04,1158,1,0.9471887155,90,2
15,0.04,1159,1,1.1967454132,105,1
15,0.04,1160,1,1.0237511490,90,2
15,0.04,1161,1,1.0299463898,90,2
15,0.04,1162,1,0.9563737035,90,2
15,0.04,1163,1,1.1967579598,105,1
15,0.04,1164,1,1.2633366153,105,1
15,0.04,1165,1,0.7143487130,45,2
15,0.04,1166,1,1.1922193595,105,1
15,0.04,1167,1,1.1426383597,105,1
15,0.04,1168,1,1.0907197323,105,1
15,0.04,1169,1,1.0420153532,105,1
15,0.04,1170,1,1.1505507223,105,1
15,0.04,1171,1,1.0893333856,105,1
15,0.04,1172,1,1.1670572259,105,1
15,0.04,1173,1,1.0695588943,105,1
15,0.04,1174,1,1.1603919036,105,1
15,0.04,1175,1,0.8610561332,45,2
15,0.04,1176,1,0.9972000992,90,2
15,0.04,1177,1,1.0921915043,90,2
15,0.04,1178,1,1.0545886096,105,1
15,0.04,1179,1,0.9610588849,90,2
15,0.04,1180,1,1.0608392300,90,2
15,0.04,1181,1,1.1001715931,90,2
15,0.04,1182,1,1.0419789639,105,1
15,0.04,1183,1,1.0721669598,105,1
15,0.04,1184,1,1.0528643479,105,1
15,0.04,1185,1,0.8980333469,60,2
15,0.04,1186,1,1.2186566901,105,1
15,0.04,1187,1,1.0382158569,90,2
15,0.04,1188,1,1.1737899207,105,1
15,0.04,1189,1,1.0783779527,90,2
15,0.04,1190,1,1.1335115314,105,1
15,0.04,1191,1,1.0399060350,90,2
15,0.04,1192,1,1.0487024765,90,2
15,0.04,1193,1,0.8732063792,45,2
15,0.04,1194,1,1.0680923961,105,1
15,0.04,1195,1,1.1405139020,105,1
15,0.04,1196,1,1.1723746735,90,2
15,0.04,1197,1,1.0102979767,105,1
15,0.04,1198,1,1.0371176767,90,2
15,0.04,1199,1,0.9260911454,90,2
20,0.04,1000,1,1.1106017251,100,1
20,0.04,1001,1,0.9842387651,100,1
20,0.04,1002,1,0.7185977114,20,2
20,0.04,1003,1,1.0997164467,100,1
20,0.04,1004,1,1.1018753432,80,2
20,0.04,1005,1,1.0727376603,80,2
20,0.04,1006,1,1.0383902415,100,1
20,0.04,1007,1,0.7112370163,20,2
20,0.04,1008,1,1.1916555595,100,1
20,0.04,1009,1,1.1297326349,100,1
20,0.04,1010,1,1.1424197359,80,2
20,0.04,1011,1,0.5200240931,20,2
20,0.04,1012,1,0.4464339976,20,2
20,0.04,1013,1,0.7494759880,40,2
20,0.04,1014,1,1.0247512667,100,1
20,0.04,1015,1,1.1851092631,100,1
20,0.04,1016,1,1.0047273227,60,2
20,0.04,1017,1,0.9165975668,60,2
20,0.04,1018,1,1.1263987148,80,2
20,0.04,1019,1,1.1553602616,100,1
20,0.04,1020,1,1.1753468654,100,1
20,0.04,1021,1,1.0352924005,100,1
20,0.04,1022,1,1.2513792545,100,1
20,0.04,1023,1,1.1610808408,100,1
20,0.04,1024,1,0.9391269135,80,2
20,0.04,1025,1,1.0703744008,80,2
20,0.04,1026,1,1.1323263089,80,2
20,0.04,1027,1,1.1285761284,80,2
20,0.04,1028,1,1.1219500840,100,1
20,0.04,1029,1,0.9696067857,40,2
20,0.04,1030,1,1.0442981992,100,1
20,0.04,1031,1,0.9973100839,80,2
20,0.04,1032,1,1.1818627973,100,1
20,0.04,1033,1,0.9785021506,100,1
20,0.04,1034,1,1.0652970742,100,1
20,0.04,1035,1,1.1593611150,100,1
20,0.04,1036,1,1.1471434850,80,2
20,0.04,1037,1,1.2313519206,100,1
20,0.04,1038,1,1.0573114748,80,2
20,0.04,1039,1,1.0478307158,100,1
20,0.04,1040,1,1.1585932391,100,1
20,0.04,1041,1,0.9977153759,80,2
20,0.04,1042,1,0.6715430948,40,2
20,0.04,1043,1,0.9445849063,80,2
20,0.04,1044,1,0.9692408465,80,2
20,0.04,1045,1,1.0512868140,80,2
20,0.04,1046,1,1.1520402841,100,1
20,0.04,1047,1,1.1573784672,100,1
20,0.04,1048,1,1.1293097239,100,1
20,0.04,1049,1,0.6992613335,40,2
20,0.04,1050,1,1.1674690534,100,1
20,0.04,1051,1,1.1312959484,100,1
20,0.04,1052,1,1.0836098269,100,1
20,0.04,1053,1,1.0403323625,100,1
20,0.04,1054,1,1.1967498833,100,1
20,0.04,1055,1,1.1796652610,100,1
20,0.04,1056,1,1.2490335259,100,1
20,0.04,1057,1,0.9963645135,80,2
20,0.04,1058,1,1.0375117406,80,2
20,0.04,1059,1,1.1741900872,100,1
20,0.04,1060,1,1.0931865088,100,1
20,0.04,1061,1,1.0882721121,100,1
20,0.04,1062,1,1.1469050115,100,1
20,0.04,1063,1,1.1682400879,80,2
20,0.04,1064,1,1.0475850687,80,2
20,0.04,1065,1,0.9816282574,100,1
20,0.04,1066,1,1.0383368119,100,1
20,0.04,1067,1,1.2428874075,100,1
20,0.04,1068,1,1.0652109037,100,1
20,0.04,1069,1,0.9975046951,80,2
20,0.04,1070,1,1.0606687011,100,1
20,0.04,1071,1,1.2466432448,80,2
20,0.04,1072,1,1.0724655422,100,1
20,0.04,1073,1,0.5616936969,20,2
20,0.04,1074,1,0.9764138394,80,2
20,0.04,1075,1,1.1038150389,80,2
20,0.04,1076,1,1.0323091187,100,1
20,0.04,1077,1,1.0154714739,100,1
20,0.04,1078,1,0.9431112652,60,2
20,0.04,1079,1,1.1572295395,100,1
20,0.04,1080,1,1.1271297026,100,1
20,0.04,1081,1,1.0948212210,100,1
20,0.04,1082,1,1.2004875091,100,1
20,0.04,1083,1,1.2106472168,100,1
20,0.04,1084,1,1.1131111346,100,1
20,0.04,1085,1,1.1174421892,100,1
20,0.04,1086,1,1.0540846685,80,2
20,0.04,1087,1,1.1993192016,80,2
20,0.04,1088,1,1.0856943978,100,1
20,0.04,1089,1,1.1234358087,100,1
20,0.04,1090,1,0.4050150138,20,2
20,0.04,1091,1,1.1850564027,100,1
20,0.04,1092,1,1.0852972787,100,1
20,0.04,1093,1,1.1562548240,80,2
20,0.04,1094,1,1.1120620439,100,1
20,0.04,1095,1,1.0746348031,100,1
20,0.04,1096,1,0.8528064618,20,2
20,0.04,1097,1,0.9364699836,80,2
20,0.04,1098,1,1.1452939523,100,1
20,0.04,1099,1,1.1040217762,100,1
20,0.04,1100,1,1.0441046806,100,1
20,0.04,1101,1,1.2345699289,100,1
20,0.04,1102,1,0.5541984971,20,2
20,0.04,1103,1,1.0132046743,60,2
20,0.04,1104,1,1.2144663605,100,1
20,0.04,1105,1,0.9978244907,100,1
20,0.04,1106,1,0.9943757721,60,2
20,0.04,1107,1,0.5705181510,20,2
20,0.04,1108,1,0.6077377296,20,2
20,0.04,1109,1,0.9599973785,60,2
20,0.04,1110,1,1.1088456421,100,1
20,0.04,1111,1,0.8731729690,20,2
20,0.04,1112,1,1.0431096127,80,2
20,0.04,1113,1,1.2141722366,100,1
20,0.04,1114,1,1.1028339372,100,1
20,0.04,1115,1,1.0243083552,100,1
20,0.04,1116,1,1.0792078230,100,1
20,0.04,1117,1,1.0160981843,100,1
20,0.04,1118,1,0.5450519492,20,2
20,0.04,1119,1,1.1743707702,80,2
20,0.04,1120,1,1.0038403923,100,1
20,0.04,1121,1,0.9751754306,80,2
20,0.04,1122,1,1.0491625962,80,2
20,0.04,1123,1,1.0865672751,80,2
20,0.04,1124,1,1.0042391490,100,1
20,0.04,1125,1,1.1209256889,80,2
20,0.04,1126,1,1.0779984126,100,1
20,0.04,1127,1,0.9832660458,80,2
20,0.04,1128,1,1.0175629110,80,2
20,0.04,1129,1,1.0369642999,100,1
20,0.04,1130,1,0.6814157952,40,2
20,0.04,1131,1,0.9858262005,80,2
20,0.04,1132,1,0.4681149550,20,2
20,0.04,1133,1,1.0369456894,80,2
20,0.04,1134,1,1.0247317193,100,1
20,0.04,1135,1,1.0359874962,100,1
20,0.04,1136,1,1.1120011257,80,2
20,0.04,1137,1,1.0758393689,100,1
20,0.04,1138,1,1.1899814803,100,1
20,0.04,1139,1,1.0248732483,100,1
20,0.04,1140,1,1.0533518217,80,2
20,0.04,1141,1,1.0587615877,80,2
20,0.04,1142,1,1.0666312596,80,2
20,0.04,1143,1,1.1135833860,80,2
20,0.04,1144,1,0.8743780148,60,2
20,0.04,1145,1,1.0096664916,80,2
20,0.04,1146,1,1.0065599793,80,2
20,0.04,1147,1,1.0236545349,100,1
20,0.04,1148,1,1.1347586858,100,1
20,0.04,1149,1,0.5545442601,20,2
20,0.04,1150,1,1.1587378690,80,2
20,0.04,1151,1,1.1379003798,80,2
20,0.04,1152,1,1.1270674493,100,1
20,0.04,1153,1,1.2411773554,100,1
20,0.04,1154,1,0.9367919254,80,2
20,0.04,1155,1,1.2043147175,100,1
20,0.04,1156,1,1.0074418316,80,2
20,0.04,1157,1,1.0338498303,80,2
20,0.04,1158,1,0.9132570234,80,2
20,0.04,1159,1,1.1944016164,100,1
20,0.04,1160,1,0.9927122338,80,2
20,0.04,1161,1,1.0136662011,80,2
20,0.04,1162,1,0.9260265936,80,2
20,0.04,1163,1,1.1806773939,100,1
20,0.04,1164,1,1.2506485263,100,1
20,0.04,1165,1,0.4203752620,20,2
20,0.04,1166,1,1.1744420972,100,1
20,0.04,1167,1,1.1388352418,100,1
20,0.04,1168,1,1.0756860510,100,1
20,0.04,1169,1,1.0324254339,100,1
20,0.04,1170,1,1.1468333473,100,1
20,0.04,1171,1,1.0821378674,100,1
20,0.04,1172,1,1.1586991545,100,1
20,0.04,1173,1,1.0659619850,100,1
20,0.04,1174,1,1.1469769170,100,1
20,0.04,1175,1,0.5330380777,20,2
20,0.04,1176,1,0.9523649889,80,2
20,0.04,1177,1,1.0617465072,80,2
20,0.04,1178,1,1.0402509917,100,1
20,0.04,1179,1,0.9100382983,80,2
20,0.04,1180,1,1.0221485788,80,2
20,0.04,1181,1,1.0740700458,80,2
20,0.04,1182,1,1.0321341953,100,1
20,0.04,1183,1,1.0658648834,100,1
20,0.04,1184,1,1.0410328533,100,1
20,0.04,1185,1,0.7523421815,40,2
20,0.04,1186,1,1.2061047450,100,1
20,0.04,1187,1,0.9845118995,80,2
20,0.04,1188,1,1.1563151545,100,1
20,0.04,1189,1,1.0517193237,80,2
20,0.04,1190,1,1.1249634147,100,1
20,0.04,1191,1,0.9984808794,80,2
20,0.04,1192,1,1.0359804880,80,2
20,0.04,1193,1,0.5212297056,20,2
20,0.04,1194,1,1.0537104153,100,1
20,0.04,1195,1,1.1308048568,100,1
20,0.04,1196,1,1.1493849319,80,2
20,0.04,1197,1,0.9972333119,100,1
20,0.04,1198,1,0.9905518711,80,2
20,0.04,1199,1,0.8855822171,80,2
30,0.04,1000,1,1.1037832585,90,1
30,0.04,1001,1,0.9679504417,90,1
30,0.04,1002,1,0.1965857184,0,1
30,0.04,1003,1,1.0770036007,90,1
30,0.04,1004,1,0.6168899839,30,2
30,0.04,1005,1,0.6016751293,30,2
30,0.04,1006,1,1.0062749520,90,1
30,0.04,1007,1,0.2002910178,0,1
30,0.04,1008,1,1.1819197790,90,1
30,0.04,1009,1,1.0906431162,90,1
30,0.04,1010,1,1.1047398193,60,2
30,0.04,1011,1,0.3475864056,0,1
30,0.04,1012,1,0.3461038412,0,1
30,0.04,1013,1,0.1035536917,0,1
30,0.04,1014,1,0.9912081759,90,1
30,0.04,1015,1,1.1710621959,90,1
30,0.04,1016,1,0.8485882950,30,2
30,0.04,1017,1,0.6033909786,30,2
30,0.04,1018,1,0.0488212996,0,1
30,0.04,1019,1,1.1308861555,90,1
30,0.04,1020,1,1.1422332615,90,1
30,0.04,1021,1,1.0053957796,90,1
30,0.04,1022,1,1.2370619267,90,1
30,0.04,1023,1,1.1537303237,90,1
30,0.04,1024,1,0.8253809380,60,2
30,0.04,1025,1,1.0400600527,60,2
30,0.04,1026,1,1.0208686971,60,2
30,0.04,1027,1,0.9720628663,60,2
30,0.04,1028,1,1.1065068482,90,1
30,0.04,1029,1,0.1729362675,0,1
30,0.04,1030,1,1.0328934713,90,1
30,0.04,1031,1,0.8729683904,60,2
30,0.04,1032,1,1.1670507163,90,1
30,0.04,1033,1,0.9700038488,90,1
30,0.04,1034,1,1.0371249742,90,1
30,0.04,1035,1,1.1378398778,90,1
30,0.04,1036,1,1.0839695113,60,2
30,0.04,1037,1,1.1825579030,90,1
30,0.04,1038,1,0.7090158890,30,2
30,0.04,1039,1,1.0236537353,90,1
30,0.04,1040,1,1.1358138946,90,1
30,0.04,1041,1,0.8857456909,60,2
30,0.04,1042,1,0.1592914076,0,1
30,0.04,1043,1,0.8634957175,60,2
30,0.04,1044,1,0.8729233416,60,2
30,0.04,1045,1,1.0015482189,60,2
30,0.04,1046,1,1.1104253736,90,1
30,0.04,1047,1,1.1239273201,90,1
30,0.04,1048,1,1.1246187557,90,1
30,0.04,1049,1,0.1486098180,0,1
30,0.04,1050,1,1.1429400508,90,1
30,0.04,1051,1,1.1220619708,90,1
30,0.04,1052,1,1.0750334266,90,1
30,0.04,1053,1,1.0056866547,90,1
30,0.04,1054,1,1.1500306537,90,1
30,0.04,1055,1,1.1563092818,90,1
30,0.04,1056,1,1.2363017203,90,1
30,0.04,1057,1,0.0568658627,0,1
30,0.04,1058,1,0.9608661338,60,2
30,0.04,1059,1,1.1395987971,90,1
30,0.04,1060,1,1.0733502136,90,1
30,0.04,1061,1,1.0428555399,90,1
30,0.04,1062,1,1.1175393687,90,1
30,0.04,1063,1,1.0702319669,60,2
30,0.04,1064,1,0.9864065549,60,2
30,0.04,1065,1,0.9460135529,90,1
30,0.04,1066,1,0.9961551294,90,1
30,0.04,1067,1,1.2011026641,90,1
30,0.04,1068,1,1.0387284799,90,1
30,0.04,1069,1,0.0749836637,0,1
30,0.04,1070,1,1.0545737818,90,1
30,0.04,1071,1,0.0487491008,0,1
30,0.04,1072,1,1.0642406195,90,1
30,0.04,1073,1,0.3439310369,0,1
30,0.04,1074,1,0.8808735280,60,2
30,0.04,1075,1,0.0637549148,0,1
30,0.04,1076,1,1.0054900660,90,1
30,0.04,1077,1,0.9998535794,90,1
30,0.04,1078,1,0.1176018425,0,1
30,0.04,1079,1,1.1437196966,90,1
30,0.04,1080,1,1.0791766541,90,1
30,0.04,1081,1,1.0646018086,90,1
30,0.04,1082,1,1.1567128254,90,1
30,0.04,1083,1,1.1951450624,90,1
30,0.04,1084,1,1.0927972828,90,1
30,0.04,1085,1,1.0949136382,90,1
30,0.04,1086,1,0.9514386293,60,2
30,0.04,1087,1,1.1137528847,60,2
30,0.04,1088,1,1.0656613462,90,1
30,0.04,1089,1,1.1020282769,90,1
30,0.04,1090,1,0.1837632675,0,1
30,0.04,1091,1,1.1575165644,90,1
30,0.04,1092,1,1.0527872154,90,1
30,0.04,1093,1,1.0957225669,60,2
30,0.04,1094,1,1.0751859488,90,1
30,0.04,1095,1,1.0406495643,90,1
30,0.04,1096,1,0.1839191494,0,1
30,0.04,1097,1,0.8350950730,60,2
30,0.04,1098,1,1.1250701320,90,1
30,0.04,1099,1,1.0934759732,90,1
30,0.04,1100,1,1.0077603776,90,1
30,0.04,1101,1,1.2126347285,90,1
30,0.04,1102,1,0.2933346042,0,1
30,0.04,1103,1,0.0955407047,0,1
30,0.04,1104,1,1.1949366291,90,1
30,0.04,1105,1,0.9686501841,90,1
30,0.04,1106,1,0.8341027185,30,2
30,0.04,1107,1,0.2006634273,0,1
30,0.04,1108,1,0.3419358523,0,1
30,0.04,1109,1,0.6436906163,30,2
30,0.04,1110,1,1.0804307172,90,1
30,0.04,1111,1,0.1964649842,0,1
30,0.04,1112,1,0.9214405458,60,2
30,0.04,1113,1,1.2098635210,90,1
30,0.04,1114,1,1.0884097571,90,1
30,0.04,1115,1,0.9923261718,90,1
30,0.04,1116,1,1.0506109556,90,1
30,0.04,1117,1,0.9933031847,90,1
30,0.04,1118,1,0.2257244990,0,1
30,0.04,1119,1,1.1031879067,60,2
30,0.04,1120,1,0.9714895671,90,1
30,0.04,1121,1,0.8641358777,60,2
30,0.04,1122,1,0.6087739673,30,2
30,0.04,1123,1,0.9703111974,60,2
30,0.04,1124,1,0.9690316849,90,1
30,0.04,1125,1,0.7388305019,30,2
30,0.04,1126,1,1.0430090885,90,1
30,0.04,1127,1,0.8848418493,60,2
30,0.04,1128,1,0.9136293319,60,2
30,0.04,1129,1,0.9968994253,90,1
30,0.04,1130,1,0.1544065593,0,1
30,0.04,1131,1,0.8594122230,60,2
30,0.04,1132,1,0.3494273877,0,1
30,0.04,1133,1,0.6787173487,30,2
30,0.04,1134,1,0.9921623393,90,1
30,0.04,1135,1,0.9950079759,90,1
30,0.04,1136,1,0.0760604141,0,1
30,0.04,1137,1,1.0333081475,90,1
30,0.04,1138,1,1.1812311546,90,1
30,0.04,1139,1,1.0078012415,90,1
30,0.04,1140,1,0.9806391271,60,2
30,0.04,1141,1,0.8479567412,30,2
30,0.04,1142,1,0.0505932343,0,1
30,0.04,1143,1,1.0170496087,60,2
30,0.04,1144,1,0.5931350673,30,2
30,0.04,1145,1,0.8913718690,60,2
30,0.04,1146,1,0.6082656194,30,2
30,0.04,1147,1,0.9914663184,90,1
30,0.04,1148,1,1.1005174108,90,1
30,0.04,1149,1,0.3640017648,0,1
30,0.04,1150,1,1.0894745472,60,2
30,0.04,1151,1,1.0473509146,60,2
30,0.04,1152,1,1.0872305791,90,1
30,0.04,1153,1,1.2299513807,90,1
30,0.04,1154,1,0.8327483499,60,2
30,0.04,1155,1,1.1903061841,90,1
30,0.04,1156,1,0.6654126122,30,2
30,0.04,1157,1,0.9235089278,60,2
30,0.04,1158,1,0.8296882125,60,2
30,0.04,1159,1,1.1868919468,90,1
30,0.04,1160,1,0.6764880123,30,2
30,0.04,1161,1,0.9748472940,60,2
30,0.04,1162,1,0.8465371760,60,2
30,0.04,1163,1,1.1414558923,90,1
30,0.04,1164,1,1.2206038626,90,1
30,0.04,1165,1,0.3465349648,0,1
30,0.04,1166,1,1.1331887928,90,1
30,0.04,1167,1,1.1276787928,90,1
30,0.04,1168,1,1.0412237768,90,1
30,0.04,1169,1,1.0081362309,90,1
30,0.04,1170,1,1.1357808579,90,1
30,0.04,1171,1,1.0631424264,90,1
30,0.04,1172,1,1.1383624096,90,1
30,0.04,1173,1,1.0576380672,90,1
30,0.04,1174,1,1.1142272976,90,1
30,0.04,1175,1,0.3507407199,0,1
30,0.04,1176,1,0.8354956303,60,2
30,0.04,1177,1,0.7959299401,30,2
30,0.04,1178,1,1.0069358764,90,1
30,0.04,1179,1,0.7789510481,60,2
30,0.04,1180,1,0.9241043565,60,2
30,0.04,1181,1,0.8454989825,30,2
30,0.04,1182,1,1.0075143857,90,1
30,0.04,1183,1,1.0509388267,90,1
30,0.04,1184,1,1.0126438938,90,1
30,0.04,1185,1,0.1522095374,0,1
30,0.04,1186,1,1.1766594652,90,1
30,0.04,1187,1,0.8488826582,60,2
30,0.04,1188,1,1.1157816660,90,1
30,0.04,1189,1,0.9774415059,60,2
30,0.04,1190,1,1.1047501091,90,1
30,0.04,1191,1,0.8872662976,60,2
30,0.04,1192,1,0.8630908190,30,2
30,0.04,1193,1,0.3432299130,0,1
30,0.04,1194,1,1.0178503349,90,1
30,0.04,1195,1,1.1065457768,90,1
30,0.04,1196,1,0.9610135905,30,2
30,0.04,1197,1,0.9664346469,90,1
30,0.04,1198,1,0.5618007474,30,2
30,0.04,1199,1,0.0511818289,0,1
40,0.04,1000,1,1.0935286831,80,1
40,0.04,1001,1,0.9468991003,80,1
40,0.04,1002,1,0.2685951752,0,1
40,0.04,1003,1,1.0488032481,80,1
40,0.04,1004,1,0.0777917352,0,1
40,0.04,1005,1,0.0844334873,0,1
40,0.04,1006,1,0.9658334932,80,1
40,0.04,1007,1,0.2602011286,0,1
40,0.04,1008,1,1.1678367844,80,1
40,0.04,1009,1,1.0418622865,80,1
40,0.04,1010,1,1.0531190283,40,2
40,0.04,1011,1,0.4473577423,0,1
40,0.04,1012,1,0.4448985024,0,1
40,0.04,1013,1,0.1627667423,0,1
40,0.04,1014,1,0.9501500698,80,1
40,0.04,1015,1,1.1517945204,80,1
40,0.04,1016,1,0.1529222889,0,1
40,0.04,1017,1,0.1555894602,0,1
40,0.04,1018,1,0.0681040881,0,1
40,0.04,1019,1,1.1000715929,80,1
40,0.04,1020,1,1.1042048021,80,1
40,0.04,1021,1,0.9685116923,80,1
40,0.04,1022,1,1.2169466572,80,1
40,0.04,1023,1,1.1429068587,80,1
40,0.04,1024,1,0.6727049167,40,2
40,0.04,1025,1,0.9982329886,40,2
40,0.04,1026,1,0.8496253157,40,2
40,0.04,1027,1,0.7455734796,40,2
40,0.04,1028,1,1.0877076138,80,1
40,0.04,1029,1,0.2225101475,0,1
40,0.04,1030,1,1.0160105584,80,1
40,0.04,1031,1,0.6938074148,40,2
40,0.04,1032,1,1.1450737861,80,1
40,0.04,1033,1,0.9587645266,80,1
40,0.04,1034,1,1.0030126150,80,1
40,0.04,1035,1,1.1099160351,80,1
40,0.04,1036,1,0.9917521362,40,2
40,0.04,1037,1,1.1240348423,80,1
40,0.04,1038,1,0.0758862962,0,1
40,0.04,1039,1,0.9932107423,80,1
40,0.04,1040,1,1.1062946581,80,1
40,0.04,1041,1,0.7203284731,40,2
40,0.04,1042,1,0.2048145478,0,1
40,0.04,1043,1,0.7398168783,40,2
40,0.04,1044,1,0.7377891409,40,2
40,0.04,1045,1,0.9366134791,40,2
40,0.04,1046,1,1.0567934217,80,1
40,0.04,1047,1,1.0825139833,80,1
40,0.04,1048,1,1.1166878100,80,1
40,0.04,1049,1,0.1914125404,0,1
40,0.04,1050,1,1.1121182035,80,1
40,0.04,1051,1,1.1101339805,80,1
40,0.04,1052,1,1.0648780011,80,1
40,0.04,1053,1,0.9645861160,80,1
40,0.04,1054,1,1.0911459433,80,1
40,0.04,1055,1,1.1267590746,80,1
40,0.04,1056,1,1.2206614324,80,1
40,0.04,1057,1,0.0897951520,0,1
40,0.04,1058,1,0.8420002555,40,2
40,0.04,1059,1,1.0960473458,80,1
40,0.04,1060,1,1.0470679840,80,1
40,0.04,1061,1,0.9859566829,80,1
40,0.04,1062,1,1.0799178231,80,1
40,0.04,1063,1,0.9276051549,40,2
40,0.04,1064,1,0.8967503279,40,2
40,0.04,1065,1,0.9037360144,80,1
40,0.04,1066,1,0.9436184451,80,1
40,0.04,1067,1,1.1491854970,80,1
40,0.04,1068,1,1.0078249121,80,1
40,0.04,1069,1,0.1146837343,0,1
40,0.04,1070,1,1.0455439316,80,1
40,0.04,1071,1,0.0675596909,0,1
40,0.04,1072,1,1.0520478986,80,1
40,0.04,1073,1,0.4402712415,0,1
40,0.04,1074,1,0.7368903542,40,2
40,0.04,1075,1,0.0989267359,0,1
40,0.04,1076,1,0.9711729817,80,1
40,0.04,1077,1,0.9799670898,80,1
40,0.04,1078,1,0.1907467784,0,1
40,0.04,1079,1,1.1253943289,80,1
40,0.04,1080,1,1.0212357115,80,1
40,0.04,1081,1,1.0276857046,80,1
40,0.04,1082,1,1.1043666171,80,1
40,0.04,1083,1,1.1731964843,80,1
40,0.04,1084,1,1.0677079508,80,1
40,0.04,1085,1,1.0666653612,80,1
40,0.04,1086,1,0.7982168546,40,2
40,0.04,1087,1,0.9848129052,40,2
40,0.04,1088,1,1.0407445942,80,1
40,0.04,1089,1,1.0753889535,80,1
40,0.04,1090,1,0.2357157866,0,1
40,0.04,1091,1,1.1227091470,80,1
40,0.04,1092,1,1.0152653481,80,1
40,0.04,1093,1,0.9979166234,40,2
40,0.04,1094,1,1.0286251163,80,1
40,0.04,1095,1,0.9975172616,80,1
40,0.04,1096,1,0.2521752404,0,1
40,0.04,1097,1,0.6995649632,40,2
40,0.04,1098,1,1.0994222612,80,1
40,0.04,1099,1,1.0785027376,80,1
40,0.04,1100,1,0.9634824739,80,1
40,0.04,1101,1,1.1848431316,80,1
40,0.04,1102,1,0.4033624752,0,1
40,0.04,1103,1,0.1497687299,0,1
40,0.04,1104,1,1.1706188764,80,1
40,0.04,1105,1,0.9354670769,80,1
40,0.04,1106,1,0.1444867012,0,1
40,0.04,1107,1,0.2587091798,0,1
40,0.04,1108,1,0.4399343749,0,1
40,0.04,1109,1,0.1640423082,0,1
40,0.04,1110,1,1.0448512516,80,1
40,0.04,1111,1,0.2525283736,0,1
40,0.04,1112,1,0.7455822401,40,2
40,0.04,1113,1,1.2028632249,80,1
40,0.04,1114,1,1.0692031677,80,1
40,0.04,1115,1,0.9536712562,80,1
40,0.04,1116,1,1.0173692414,80,1
40,0.04,1117,1,0.9632235983,80,1
40,0.04,1118,1,0.3128515806,0,1
40,0.04,1119,1,0.9915245563,40,2
40,0.04,1120,1,0.9312339970,80,1
40,0.04,1121,1,0.7193007171,40,2
40,0.04,1122,1,0.0780517857,0,1
40,0.04,1123,1,0.0429665660,0,1
40,0.04,1124,1,0.9267783837,80,1
40,0.04,1125,1,0.0812822654,0,1
40,0.04,1126,1,0.9992800762,80,1
40,0.04,1127,1,0.7449978138,40,2
40,0.04,1128,1,0.7671949461,40,2
40,0.04,1129,1,0.9489512594,80,1
40,0.04,1130,1,0.2273082194,0,1
40,0.04,1131,1,0.6880501535,40,2
40,0.04,1132,1,0.4510451130,0,1
40,0.04,1133,1,0.0816574345,0,1
40,0.04,1134,1,0.9534089633,80,1
40,0.04,1135,1,0.9451164542,80,1
40,0.04,1136,1,0.1184437890,0,1
40,0.04,1137,1,0.9803621891,80,1
40,0.04,1138,1,1.1693601978,80,1
40,0.04,1139,1,0.9873049672,80,1
40,0.04,1140,1,0.0554187624,0,1
40,0.04,1141,1,0.1386123761,0,1
40,0.04,1142,1,0.0684146017,0,1
40,0.04,1143,1,0.8740400084,40,2
40,0.04,1144,1,0.1477263019,0,1
40,0.04,1145,1,0.7232743616,40,2
40,0.04,1146,1,0.0596492533,0,1
40,0.04,1147,1,0.9513871806,80,1
40,0.04,1148,1,1.0585684918,80,1
40,0.04,1149,1,0.4777287068,0,1
40,0.04,1150,1,0.9913603686,40,2
40,0.04,1151,1,0.9224858223,40,2
40,0.04,1152,1,1.0361248635,80,1
40,0.04,1153,1,1.2135398937,80,1
40,0.04,1154,1,0.0536792931,0,1
40,0.04,1155,1,1.1732280346,80,1
40,0.04,1156,1,0.0759846352,0,1
40,0.04,1157,1,0.7597496054,40,2
40,0.04,1158,1,0.7198415328,40,2
40,0.04,1159,1,1.1755961618,80,1
40,0.04,1160,1,0.1393543445,0,1
40,0.04,1161,1,0.9241614425,40,2
40,0.04,1162,1,0.7347785813,40,2
40,0.04,1163,1,1.0925387711,80,1
40,0.04,1164,1,1.1827880166,80,1
40,0.04,1165,1,0.4452093269,0,1
40,0.04,1166,1,1.0836968910,80,1
40,0.04,1167,1,1.1123666551,80,1
40,0.04,1168,1,0.9995606904,80,1
40,0.04,1169,1,0.9766741752,80,1
40,0.04,1170,1,1.1202035493,80,1
40,0.04,1171,1,1.0381708432,80,1
40,0.04,1172,1,1.1124630642,80,1
40,0.04,1173,1,1.0476546883,80,1
40,0.04,1174,1,1.0721447448,80,1
40,0.04,1175,1,0.4553330249,0,1
40,0.04,1176,1,0.6724409199,40,2
40,0.04,1177,1,0.0897748826,0,1
40,0.04,1178,1,0.9667238471,80,1
40,0.04,1179,1,0.5983103393,40,2
40,0.04,1180,1,0.0501985213,0,1
40,0.04,1181,1,0.1119194271,0,1
40,0.04,1182,1,0.9756640030,80,1
40,0.04,1183,1,1.0319862655,80,1
40,0.04,1184,1,0.9778853124,80,1
40,0.04,1185,1,0.1977248067,0,1
40,0.04,1186,1,1.1406959050,80,1
40,0.04,1187,1,0.6651430348,40,2
40,0.04,1188,1,1.0670172077,80,1
40,0.04,1189,1,0.8749664974,40,2
40,0.04,1190,1,1.0790363898,80,1
40,0.04,1191,1,0.7213726586,40,2
40,0.04,1192,1,0.1334689371,0,1
40,0.04,1193,1,0.4398553704,0,1
40,0.04,1194,1,0.9721735790,80,1
40,0.04,1195,1,1.0754377289,80,1
40,0.04,1196,1,0.0693051711,0,1
40,0.04,1197,1,0.9282727146,80,1
40,0.04,1198,1,0.0663909086,0,1
40,0.04,1199,1,0.0692873398,0,1
60,0.04,1000,1,1.0609628933,60,1
60,0.04,1001,1,0.8887064642,60,1
60,0.04,1002,1,0.3908240302,0,1
60,0.04,1003,1,0.9698483629,60,1
60,0.04,1004,1,0.1309684818,0,1
60,0.04,1005,1,0.1432508785,0,1
60,0.04,1006,1,0.8573457348,60,1
60,0.04,1007,1,0.3508725307,0,1
60,0.04,1008,1,1.1236779041,60,1
60,0.04,1009,1,0.9156986755,60,1
60,0.04,1010,1,0.0117577029,0,1
60,0.04,1011,1,0.5956397074,0,1
60,0.04,1012,1,0.5910547489,0,1
60,0.04,1013,1,0.2722694834,0,1
60,0.04,1014,1,0.8436497150,60,1
60,0.04,1015,1,1.0951323960,60,1
60,0.04,1016,1,0.2523367343,0,1
60,0.04,1017,1,0.2618170093,0,1
60,0.04,1018,1,0.0980344352,0,1
60,0.04,1019,1,1.0143265858,60,1
60,0.04,1020,1,1.0097830163,60,1
60,0.04,1021,1,0.8689050292,60,1
60,0.04,1022,1,1.1553298934,60,1
60,0.04,1023,1,1.1090932216,60,1
60,0.04,1024,1,0.0310738382,0,1
60,0.04,1025,0,0.0000000000,0,1
60,0.04,1026,1,0.0955010408,0,1
60,0.04,1027,1,0.0879045105,0,1
60,0.04,1028,1,1.0351817015,60,1
60,0.04,1029,1,0.2951513701,0,1
60,0.04,1030,1,0.9654516761,60,1
60,0.04,1031,1,0.0942303122,0,1
60,0.04,1032,1,1.0791850912,60,1
60,0.04,1033,1,0.9245371206,60,1
60,0.04,1034,1,0.9126687070,60,1
60,0.04,1035,1,1.0327386553,60,1
60,0.04,1036,1,0.0156742085,0,1
60,0.04,1037,1,0.9800779325,60,1
60,0.04,1038,1,0.1254217503,0,1
60,0.04,1039,1,0.9091503596,60,1
60,0.04,1040,1,1.0261928484,60,1
60,0.04,1041,1,0.0164407317,0,1
60,0.04,1042,1,0.2733129006,0,1
60,0.04,1043,1,0.0369412716,0,1
60,0.04,1044,1,0.0584994648,0,1
60,0.04,1045,1,0.0109164794,0,1
60,0.04,1046,1,0.9130265274,60,1
60,0.04,1047,1,0.9707356043,60,1
60,0.04,1048,1,1.0894065628,60,1
60,0.04,1049,1,0.2541027194,0,1
60,0.04,1050,1,1.0263814070,60,1
60,0.04,1051,1,1.0750981376,60,1
60,0.04,1052,1,1.0379950994,60,1
60,0.04,1053,1,0.8614614777,60,1
60,0.04,1054,1,0.9381325339,60,1
60,0.04,1055,1,1.0421407583,60,1
60,0.04,1056,1,1.1779812606,60,1
60,0.04,1057,1,0.1526022250,0,1
60,0.04,1058,1,0.0117038396,0,1
60,0.04,1059,1,0.9798728269,60,1
60,0.04,1060,1,0.9730660004,60,1
60,0.04,1061,1,0.8396855597,60,1
60,0.04,1062,1,0.9747103372,60,1
60,0.04,1063,1,0.0672418367,0,1
60,0.04,1064,0,0.0000000000,0,1
60,0.04,1065,1,0.7993392209,60,1
60,0.04,1066,1,0.8093327495,60,1
60,0.04,1067,1,1.0149109845,60,1
60,0.04,1068,1,0.9289564253,60,1
60,0.04,1069,1,0.1891919428,0,1
60,0.04,1070,1,1.0162536138,60,1
60,0.04,1071,1,0.0991962409,0,1
60,0.04,1072,1,1.0124195909,60,1
60,0.04,1073,1,0.5807910899,0,1
60,0.04,1074,1,0.0742648775,0,1
60,0.04,1075,1,0.1648760574,0,1
60,0.04,1076,1,0.8741860354,60,1
60,0.04,1077,1,0.9241007034,60,1
60,0.04,1078,1,0.3249721573,0,1
60,0.04,1079,1,1.0711935237,60,1
60,0.04,1080,1,0.8761029712,60,1
60,0.04,1081,1,0.9292901189,60,1
60,0.04,1082,1,0.9753191152,60,1
60,0.04,1083,1,1.1095944390,60,1
60,0.04,1084,1,0.9969990709,60,1
60,0.04,1085,1,0.9883396911,60,1
60,0.04,1086,1,0.0263119488,0,1
60,0.04,1087,1,0.0254665457,0,1
60,0.04,1088,1,0.9701850071,60,1
60,0.04,1089,1,1.0003274576,60,1
60,0.04,1090,1,0.3110546774,0,1
60,0.04,1091,1,1.0255668176,60,1
60,0.04,1092,1,0.9250575750,60,1
60,0.04,1093,1,0.0853266787,0,1
60,0.04,1094,1,0.9037686368,60,1
60,0.04,1095,1,0.8808116104,60,1
60,0.04,1096,1,0.3691454173,0,1
60,0.04,1097,1,0.0885687557,0,1
60,0.04,1098,1,1.0247011169,60,1
60,0.04,1099,1,1.0347046967,60,1
60,0.04,1100,1,0.8504752742,60,1
60,0.04,1101,1,1.1071827195,60,1
60,0.04,1102,1,0.5813381691,0,1
60,0.04,1103,1,0.2437210784,0,1
60,0.04,1104,1,1.1049554038,60,1
60,0.04,1105,1,0.8538909794,60,1
60,0.04,1106,1,0.2391892486,0,1
60,0.04,1107,1,0.3450854211,0,1
60,0.04,1108,1,0.5878417251,0,1
60,0.04,1109,1,0.2662889094,0,1
60,0.04,1110,1,0.9466025912,60,1
60,0.04,1111,1,0.3339953761,0,1
60,0.04,1112,0,0.0082431497,0,1
60,0.04,1113,1,1.1791414923,60,1
60,0.04,1114,1,1.0144640961,60,1
60,0.04,1115,1,0.8561611684,60,1
60,0.04,1116,1,0.9324825000,60,1
60,0.04,1117,1,0.8773594473,60,1
60,0.04,1118,1,0.4621192251,0,1
60,0.04,1119,0,0.0025737494,0,1
60,0.04,1120,1,0.8244658973,60,1
60,0.04,1121,1,0.0219250183,0,1
60,0.04,1122,1,0.1324580078,0,1
60,0.04,1123,1,0.1071600652,0,1
60,0.04,1124,1,0.8207587687,60,1
60,0.04,1125,1,0.1377469259,0,1
60,0.04,1126,1,0.8827162707,60,1
60,0.04,1127,1,0.0217474568,0,1
60,0.04,1128,0,0.0000000000,0,1
60,0.04,1129,1,0.8313052156,60,1
60,0.04,1130,1,0.3501052757,0,1
60,0.04,1131,1,0.0285870515,0,1
60,0.04,1132,1,0.6042307052,0,1
60,0.04,1133,1,0.1496140958,0,1
60,0.04,1134,1,0.8571801258,60,1
60,0.04,1135,1,0.8187020186,60,1
60,0.04,1136,1,0.1986549917,0,1
60,0.04,1137,1,0.8432380491,60,1
60,0.04,1138,1,1.1326412152,60,1
60,0.04,1139,1,0.9324032599,60,1
60,0.04,1140,1,0.0940988164,0,1
60,0.04,1141,1,0.2294114651,0,1
60,0.04,1142,1,0.0947333921,0,1
60,0.04,1143,1,0.0459497308,0,1
60,0.04,1144,1,0.2432245596,0,1
60,0.04,1145,1,0.0140611667,0,1
60,0.04,1146,1,0.0825878616,0,1
60,0.04,1147,1,0.8439297865,60,1
60,0.04,1148,1,0.9487671167,60,1
60,0.04,1149,1,0.6561697906,0,1
60,0.04,1150,0,0.0011219948,0,1
60,0.04,1151,1,0.0779660326,0,1
60,0.04,1152,1,0.8998288444,60,1
60,0.04,1153,1,1.1607241700,60,1
60,0.04,1154,1,0.0763249052,0,1
60,0.04,1155,1,1.1250837434,60,1
60,0.04,1156,1,0.1446875545,0,1
60,0.04,1157,0,0.0000000000,0,1
60,0.04,1158,0,0.0076695571,0,1
60,0.04,1159,1,1.1380208916,60,1
60,0.04,1160,1,0.2302977660,0,1
60,0.04,1161,1,0.0433036552,0,1
60,0.04,1162,1,0.0131080040,0,1
60,0.04,1163,1,0.9649954570,60,1
60,0.04,1164,1,1.0783949288,60,1
60,0.04,1165,1,0.5907506198,0,1
60,0.04,1166,1,0.9601895567,60,1
60,0.04,1167,1,1.0698329200,60,1
60,0.04,1168,1,0.8946226936,60,1
60,0.04,1169,1,0.8892396377,60,1
60,0.04,1170,1,1.0750058825,60,1
60,0.04,1171,1,0.9678545215,60,1
60,0.04,1172,1,1.0404384538,60,1
60,0.04,1173,1,1.0204788682,60,1
60,0.04,1174,1,0.9541970591,60,1
60,0.04,1175,1,0.6171630849,0,1
60,0.04,1176,1,0.0125463653,0,1
60,0.04,1177,1,0.1470073627,0,1
60,0.04,1178,1,0.8646850882,60,1
60,0.04,1179,0,0.0000000000,0,1
60,0.04,1180,1,0.1161586521,0,1
60,0.04,1181,1,0.2075777732,0,1
60,0.04,1182,1,0.8866356289,60,1
60,0.04,1183,1,0.9767295987,60,1
60,0.04,1184,1,0.8853596412,60,1
60,0.04,1185,1,0.2659716083,0,1
60,0.04,1186,1,1.0440600655,60,1
60,0.04,1187,0,0.0000000000,0,1
60,0.04,1188,1,0.9446398024,60,1
60,0.04,1189,1,0.0161848806,0,1
60,0.04,1190,1,1.0037166165,60,1
60,0.04,1191,0,0.0000000000,0,1
60,0.04,1192,1,0.2207406153,0,1
60,0.04,1193,1,0.5819999295,0,1
60,0.04,1194,1,0.8512662457,60,1
60,0.04,1195,1,0.9883590693,60,1
60,0.04,1196,1,0.1173597965,0,1
60,0.04,1197,1,0.8287240695,60,1
60,0.04,1198,1,0.1101818335,0,1
60,0.04,1199,1,0.0963245992,0,1
