decision_block_steps,evaluation_threshold,seed,success,first_passage_step,peak_goal_activation,final_goal_rank,useful_dwell_steps,switch_count,first_useful_entry_step
1,0.001,0,1,26,0.0265835746,6,4,12,2
1,0.001,1,1,10,1.2892335926,2,115,7,1
1,0.001,2,1,8,1.1438064438,2,117,4,1
1,0.001,3,1,11,1.1774203322,2,114,8,2
1,0.001,4,1,8,1.1241431813,2,116,5,2
1,0.001,5,1,9,1.1492558605,2,116,5,2
1,0.001,6,1,10,1.1612421457,2,115,7,1
1,0.001,7,1,11,1.1257407670,2,114,8,2
1,0.001,8,1,30,0.9378719955,2,59,10,1
1,0.001,9,1,8,1.0939072236,2,117,4,1
1,0.001,10,1,23,1.0914815228,2,100,5,2
1,0.001,11,1,9,1.1772307981,2,116,5,2
1,0.001,12,1,19,1.1718841485,2,104,5,2
1,0.001,13,1,9,1.2086268663,2,116,5,2
1,0.001,14,1,10,1.2312432650,2,115,7,1
1,0.001,15,1,9,0.9872198976,2,116,5,2
1,0.001,16,1,10,1.1570890177,2,115,7,1
1,0.001,17,1,20,0.0376042244,8,2,7,2
1,0.001,18,1,22,1.2172946697,2,100,5,2
1,0.001,19,1,19,0.2017410503,6,2,6,1
1,0.001,20,1,8,1.1027785098,2,117,4,1
1,0.001,21,1,11,1.2384361340,2,114,8,2
1,0.001,22,1,9,0.9533710118,2,117,4,1
1,0.001,23,1,23,1.1452118148,2,100,5,2
1,0.001,24,1,11,0.8973357388,2,62,7,1
1,0.001,25,1,23,0.6551365830,3,3,8,1
1,0.001,26,1,24,0.0536833873,6,3,9,1
1,0.001,27,1,24,1.1530563743,2,101,7,1
1,0.001,28,1,11,1.1584747180,2,114,8,2
1,0.001,29,1,11,1.1249866148,2,115,7,1
1,0.001,30,1,11,0.1763438518,6,3,9,2
1,0.001,31,1,11,1.1381700522,2,115,7,1
1,0.001,32,1,25,0.1105199286,6,3,9,2
1,0.001,33,1,9,1.1736835331,2,116,5,2
1,0.001,34,1,9,1.1425356318,2,116,5,2
1,0.001,35,1,8,1.1707989143,2,117,4,1
1,0.001,36,1,8,1.2463967214,2,116,5,2
1,0.001,37,1,40,0.9115521280,2,84,10,1
1,0.001,38,1,18,1.1078014655,2,106,5,2
1,0.001,39,1,20,0.9997988136,2,79,8,2
1,0.001,40,1,8,1.2029963121,2,117,4,1
1,0.001,41,1,11,0.6418049049,2,35,13,1
1,0.001,42,1,9,1.0152815622,2,116,5,2
1,0.001,43,1,11,1.2397668799,2,114,8,2
1,0.001,44,1,17,1.1430135015,2,76,5,2
1,0.001,45,1,10,1.1699616478,2,115,7,1
1,0.001,46,1,9,1.0465396575,2,117,4,1
1,0.001,47,1,19,1.1310450097,2,105,5,2
1,0.001,48,1,8,1.0735529669,2,117,4,1
1,0.001,49,1,27,1.1253486492,2,98,7,1
1,0.001,50,1,19,1.0928354874,2,105,5,2
1,0.001,51,1,10,1.1571411906,2,115,7,1
1,0.001,52,1,45,0.0148948550,8,7,20,1
1,0.001,53,1,9,1.1721959530,2,116,5,2
1,0.001,54,1,13,0.9904004909,2,109,5,2
1,0.001,55,1,8,1.2646731614,2,117,4,1
1,0.001,56,1,34,0.1749129000,6,3,9,1
1,0.001,57,1,8,1.2168026477,2,117,4,1
1,0.001,58,1,43,1.0087045254,2,79,5,2
1,0.001,59,1,10,1.3035842810,2,115,7,1
1,0.001,60,1,11,1.1596674583,2,115,7,1
1,0.001,61,1,9,1.1749377938,2,116,5,2
1,0.001,62,1,9,1.0386199825,2,116,5,2
1,0.001,63,1,27,0.9521817736,2,71,11,2
1,0.001,64,1,24,0.3597538266,6,2,7,2
1,0.001,65,1,26,0.9522195205,2,71,8,2
1,0.001,66,1,16,1.1800028096,2,108,4,1
1,0.001,67,1,9,1.2840685390,2,116,5,2
1,0.001,68,1,8,1.1714009176,2,117,4,1
1,0.001,69,1,34,0.9786056097,2,88,5,2
1,0.001,70,1,23,0.8908570299,2,69,8,2
1,0.001,71,1,18,0.2552086661,6,2,6,1
1,0.001,72,1,8,1.2656497933,2,117,4,1
1,0.001,73,1,8,1.1827491021,2,117,4,1
1,0.001,74,1,23,0.0293921249,8,6,18,2
1,0.001,75,1,25,0.3458202557,5,2,7,2
1,0.001,76,1,17,1.2319593046,2,105,5,2
1,0.001,77,1,39,0.9323595102,2,85,7,1
1,0.001,78,1,27,0.1639823949,7,9,11,2
1,0.001,79,1,26,1.1207769324,2,99,7,1
1,0.001,80,1,18,0.2608121492,8,2,7,2
1,0.001,81,1,10,1.1324444876,2,115,7,1
1,0.001,82,1,10,1.1729282846,2,115,7,1
1,0.001,83,1,24,1.0023840277,2,71,8,2
1,0.001,84,1,22,1.1529546633,2,100,5,2
1,0.001,85,1,9,1.1831874688,2,116,5,2
1,0.001,86,1,9,1.0234884149,2,116,5,2
1,0.001,87,1,9,0.7244158929,2,2,7,2
1,0.001,88,1,29,0.9877321840,2,72,10,1
1,0.001,89,1,23,1.2350693406,2,101,8,2
1,0.001,90,1,23,1.0836415497,2,102,8,2
1,0.001,91,1,10,1.1144240117,2,95,7,1
1,0.001,92,1,25,1.1242946992,2,98,5,2
1,0.001,93,1,8,1.0838892636,2,117,4,1
1,0.001,94,1,13,1.0421147172,2,113,10,1
1,0.001,95,1,9,1.1143090253,2,116,5,2
1,0.001,96,1,22,0.5523592587,4,3,8,1
1,0.001,97,1,8,1.2243899298,2,116,5,2
1,0.001,98,1,28,0.5263787830,3,3,9,1
1,0.001,99,1,26,0.8508952742,2,54,8,2
3,0.001,0,1,11,1.1327371528,2,114,2,6
3,0.001,1,1,8,1.2920454922,2,117,1,3
3,0.001,2,1,8,1.1438533224,2,117,1,3
3,0.001,3,1,10,1.1790939124,2,114,2,6
3,0.001,4,1,9,1.1234582380,2,114,2,6
3,0.001,5,1,11,1.1470229401,2,114,2,6
3,0.001,6,1,8,1.1638896551,2,117,1,3
3,0.001,7,1,11,1.1279854861,2,114,2,6
3,0.001,8,1,8,1.2504609138,2,117,1,3
3,0.001,9,1,8,1.0946411728,2,117,1,3
3,0.001,10,1,26,1.0836353254,2,96,2,24
3,0.001,11,1,11,1.1748693127,2,114,2,6
3,0.001,12,1,10,1.2003162715,2,114,2,6
3,0.001,13,1,10,1.2063043872,2,114,2,6
3,0.001,14,1,8,1.2345579642,2,117,1,3
3,0.001,15,1,9,0.9872001372,2,114,2,6
3,0.001,16,1,8,1.1595759929,2,117,1,3
3,0.001,17,1,10,1.2148196510,2,114,2,6
3,0.001,18,1,25,1.2130661316,2,96,2,24
3,0.001,19,1,8,1.1613783212,2,117,1,3
3,0.001,20,1,8,1.1035395865,2,117,1,3
3,0.001,21,1,10,1.2400145531,2,114,2,6
3,0.001,22,1,8,0.9540156996,2,117,1,3
3,0.001,23,1,26,1.1365970013,2,96,2,24
3,0.001,24,1,8,1.1346051397,2,117,1,3
3,0.001,25,1,8,1.2620323771,2,117,1,3
3,0.001,26,1,9,1.0231232404,2,117,1,3
3,0.001,27,1,8,1.1918112419,2,117,1,3
3,0.001,28,1,11,1.1604272524,2,114,2,6
3,0.001,29,1,8,1.1284635834,2,117,1,3
3,0.001,30,1,11,1.0629913805,2,114,2,6
3,0.001,31,1,8,1.1427167211,2,117,1,3
3,0.001,32,1,10,1.1288148562,2,114,2,6
3,0.001,33,1,20,1.1515529217,2,102,2,18
3,0.001,34,1,9,1.1424616425,2,114,2,6
3,0.001,35,1,8,1.1715168293,2,117,1,3
3,0.001,36,1,9,1.2463831451,2,114,2,6
3,0.001,37,1,9,1.0120013513,2,117,1,3
3,0.001,38,1,20,1.0990090167,2,102,2,18
3,0.001,39,1,10,1.1569041532,2,114,2,6
3,0.001,40,1,7,1.2037624073,2,117,1,3
3,0.001,41,1,8,1.0724373831,2,117,1,3
3,0.001,42,1,9,1.0145503325,2,114,2,6
3,0.001,43,1,10,1.2421042098,2,114,2,6
3,0.001,44,1,9,1.2011112380,2,114,2,6
3,0.001,45,1,8,1.1725308084,2,117,1,3
3,0.001,46,1,9,1.0465814915,2,117,1,3
3,0.001,47,1,20,1.1254992892,2,102,2,18
3,0.001,48,1,8,1.0743105138,2,117,1,3
3,0.001,49,1,8,1.1749030769,2,117,1,3
3,0.001,50,1,11,1.1098505918,2,114,2,6
3,0.001,51,1,8,1.1594844899,2,117,1,3
3,0.001,52,1,9,0.9771259757,2,117,1,3
3,0.001,53,1,10,1.1697557240,2,114,2,6
3,0.001,54,1,9,0.9953241923,2,114,2,6
3,0.001,55,1,8,1.2654765282,2,117,1,3
3,0.001,56,1,9,1.0693426809,2,117,1,3
3,0.001,57,1,8,1.2175705825,2,117,1,3
3,0.001,58,1,9,1.0578452391,2,114,2,6
3,0.001,59,1,8,1.3082362537,2,117,1,3
3,0.001,60,1,8,1.1642294720,2,117,1,3
3,0.001,61,1,10,1.1724172625,2,114,2,6
3,0.001,62,1,10,1.0372033451,2,114,2,6
3,0.001,63,1,11,1.1297143709,2,114,2,6
3,0.001,64,1,22,1.1107549496,2,102,2,18
3,0.001,65,1,11,1.1276680698,2,114,2,6
3,0.001,66,1,8,1.2002356730,2,117,1,3
3,0.001,67,1,10,1.2826319048,2,114,2,6
3,0.001,68,1,8,1.1722240291,2,117,1,3
3,0.001,69,1,9,1.0051742018,2,114,2,6
3,0.001,70,1,11,1.0397274571,2,114,2,6
3,0.001,71,1,8,1.1502399425,2,117,1,3
3,0.001,72,1,7,1.2665132453,2,117,1,3
3,0.001,73,1,8,1.1835340710,2,117,1,3
3,0.001,74,1,11,1.0800084929,2,114,2,6
3,0.001,75,1,21,1.0810689586,2,102,2,18
3,0.001,76,1,19,1.2305022433,2,102,2,18
3,0.001,77,1,9,1.0331049137,2,117,1,3
3,0.001,78,1,11,1.0126865228,2,114,2,6
3,0.001,79,1,8,1.1718007248,2,117,1,3
3,0.001,80,1,10,1.1719052793,2,114,2,6
3,0.001,81,1,8,1.1347948795,2,117,1,3
3,0.001,82,1,8,1.1761946635,2,117,1,3
3,0.001,83,1,10,1.1933792048,2,114,2,6
3,0.001,84,1,25,1.1470449605,2,96,2,24
3,0.001,85,1,9,1.1823295191,2,114,2,6
3,0.001,86,1,9,1.0229602493,2,114,2,6
3,0.001,87,1,27,1.0954920874,2,96,2,24
3,0.001,88,1,8,1.1082764459,2,117,1,3
3,0.001,89,1,10,1.2726834434,2,114,2,6
3,0.001,90,1,11,1.1089086445,2,114,2,6
3,0.001,91,1,8,1.1758913295,2,117,1,3
3,0.001,92,1,26,1.1224459065,2,96,2,24
3,0.001,93,1,8,1.0841908676,2,117,1,3
3,0.001,94,1,9,1.0516246269,2,117,1,3
3,0.001,95,1,10,1.1128815877,2,114,2,6
3,0.001,96,1,8,1.2421317423,2,117,1,3
3,0.001,97,1,19,1.2191986619,2,102,2,18
3,0.001,98,1,8,1.2417542554,2,117,1,3
3,0.001,99,1,11,1.0873330864,2,114,2,6
5,0.001,0,1,14,1.1240825302,2,110,2,10
5,0.001,1,1,10,1.2893100378,2,115,1,5
5,0.001,2,1,8,1.1427938151,2,115,1,5
5,0.001,3,1,14,1.1713162210,2,110,2,10
5,0.001,4,1,12,1.1190527299,2,110,2,10
5,0.001,5,1,14,1.1380759113,2,110,2,10
5,0.001,6,1,10,1.1614673800,2,115,1,5
5,0.001,7,1,14,1.1195777887,2,110,2,10
5,0.001,8,1,10,1.2478957107,2,115,1,5
5,0.001,9,1,8,1.0937289218,2,115,1,5
5,0.001,10,1,7,1.0335270348,2,80,2,40
5,0.001,11,1,14,1.1653440391,2,110,2,10
5,0.001,12,1,14,1.1914728729,2,110,2,10
5,0.001,13,1,13,1.1985724849,2,110,2,10
5,0.001,14,1,10,1.2320333386,2,115,1,5
5,0.001,15,1,12,0.9869759650,2,110,2,10
5,0.001,16,1,10,1.1573057641,2,115,1,5
5,0.001,17,1,14,1.2073254919,2,110,2,10
5,0.001,18,1,7,1.1789381699,2,80,2,40
5,0.001,19,1,10,1.1589134430,2,115,1,5
5,0.001,20,1,8,1.1034464288,2,115,1,5
5,0.001,21,1,14,1.2313541460,2,110,2,10
5,0.001,22,1,8,0.9539498238,2,115,1,5
5,0.001,23,1,7,1.0818494929,2,80,2,40
5,0.001,24,1,10,1.1322419842,2,115,1,5
5,0.001,25,1,10,1.2593589858,2,115,1,5
5,0.001,26,1,10,1.0212382775,2,115,1,5
5,0.001,27,1,10,1.1896475556,2,115,1,5
5,0.001,28,1,14,1.1528448415,2,110,2,10
5,0.001,29,1,10,1.1265530264,2,115,1,5
5,0.001,30,1,14,1.0576581441,2,110,2,10
5,0.001,31,1,10,1.1403537037,2,115,1,5
5,0.001,32,1,14,1.1213415214,2,110,2,10
5,0.001,33,1,31,1.1231562360,2,90,2,30
5,0.001,34,1,12,1.1402155423,2,110,2,10
5,0.001,35,1,8,1.1706027826,2,115,1,5
5,0.001,36,1,12,1.2432810687,2,110,2,10
5,0.001,37,1,10,1.0098875245,2,115,1,5
5,0.001,38,1,31,1.0579933185,2,90,2,30
5,0.001,39,1,13,1.1487662624,2,110,2,10
5,0.001,40,1,8,1.2036477852,2,115,1,5
5,0.001,41,1,10,1.0702417752,2,115,1,5
5,0.001,42,1,12,1.0103664144,2,110,2,10
5,0.001,43,1,14,1.2329115700,2,110,2,10
5,0.001,44,1,12,1.1979962843,2,110,2,10
5,0.001,45,1,10,1.1700569135,2,115,1,5
5,0.001,46,1,10,1.0443105158,2,115,1,5
5,0.001,47,1,10,1.0679521485,2,85,2,35
5,0.001,48,1,8,1.0742269167,2,115,1,5
5,0.001,49,1,10,1.1734137256,2,115,1,5
5,0.001,50,1,14,1.1028486057,2,110,2,10
5,0.001,51,1,10,1.1570990032,2,115,1,5
5,0.001,52,1,10,0.9749892905,2,115,1,5
5,0.001,53,1,13,1.1623390104,2,110,2,10
5,0.001,54,1,12,0.9910843225,2,110,2,10
5,0.001,55,1,9,1.2629342368,2,115,1,5
5,0.001,56,1,10,1.0673853136,2,115,1,5
5,0.001,57,1,8,1.2164944181,2,115,1,5
5,0.001,58,1,12,1.0553249387,2,110,2,10
5,0.001,59,1,10,1.3054527416,2,115,1,5
5,0.001,60,1,10,1.1618514096,2,115,1,5
5,0.001,61,1,13,1.1646402160,2,110,2,10
5,0.001,62,1,13,1.0330079328,2,110,2,10
5,0.001,63,1,14,1.1225058425,2,110,2,10
5,0.001,64,1,11,1.0366191515,2,85,2,35
5,0.001,65,1,14,1.1198104053,2,110,2,10
5,0.001,66,1,10,1.1978038726,2,115,1,5
5,0.001,67,1,13,1.2778189911,2,110,2,10
5,0.001,68,1,8,1.1713222254,2,115,1,5
5,0.001,69,1,12,1.0030182982,2,110,2,10
5,0.001,70,1,14,1.0338717824,2,110,2,10
5,0.001,71,1,10,1.1479411399,2,115,1,5
5,0.001,72,1,8,1.2655828087,2,115,1,5
5,0.001,73,1,8,1.1825790816,2,115,1,5
5,0.001,74,1,14,1.0715006374,2,110,2,10
5,0.001,75,1,11,1.0332893027,2,85,2,35
5,0.001,76,1,10,1.2129343208,2,85,2,35
5,0.001,77,1,10,1.0308987223,2,115,1,5
5,0.001,78,1,14,1.0048480681,2,110,2,10
5,0.001,79,1,10,1.1693887153,2,115,1,5
5,0.001,80,1,14,1.1633532793,2,110,2,10
5,0.001,81,1,10,1.1325188098,2,115,1,5
5,0.001,82,1,10,1.1739311976,2,115,1,5
5,0.001,83,1,14,1.1852118770,2,110,2,10
5,0.001,84,1,7,1.1014072807,2,80,2,40
5,0.001,85,1,12,1.1773038129,2,110,2,10
5,0.001,86,1,12,1.0193395392,2,110,2,10
5,0.001,87,1,7,1.0097516805,2,80,2,40
5,0.001,88,1,10,1.1068524754,2,115,1,5
5,0.001,89,1,14,1.2635668494,2,110,2,10
5,0.001,90,1,14,1.1006286631,2,110,2,10
5,0.001,91,1,10,1.1734279998,2,115,1,5
5,0.001,92,1,7,1.0763595742,2,80,2,40
5,0.001,93,1,8,1.0833191538,2,115,1,5
5,0.001,94,1,10,1.0493816453,2,115,1,5
5,0.001,95,1,13,1.1083452045,2,110,2,10
5,0.001,96,1,10,1.2395550520,2,115,1,5
5,0.001,97,1,31,1.2054486303,2,90,2,30
5,0.001,98,1,10,1.2391019938,2,115,1,5
5,0.001,99,1,14,1.0796588504,2,110,2,10
10,0.001,0,1,24,1.0937641645,2,100,2,20
10,0.001,1,1,14,1.2775102797,2,110,1,10
10,0.001,2,1,11,1.1383909627,2,110,1,10
10,0.001,3,1,22,1.1439864571,2,100,2,20
10,0.001,4,1,21,1.1026200754,2,100,2,20
10,0.001,5,1,33,1.0647872431,2,90,2,30
10,0.001,6,1,14,1.1518698941,2,110,1,10
10,0.001,7,1,23,1.0920702582,2,100,2,20
10,0.001,8,1,14,1.2376593413,2,110,1,10
10,0.001,9,1,12,1.0900538475,2,110,1,10
10,0.001,10,1,11,0.8918361120,2,50,2,70
10,0.001,11,1,24,1.1308561682,2,100,2,20
10,0.001,12,1,22,1.1612244265,2,100,2,20
10,0.001,13,1,22,1.1721466318,2,100,2,20
10,0.001,14,1,14,1.2211910206,2,110,1,10
10,0.001,15,1,21,0.9857115356,2,100,2,20
10,0.001,16,1,14,1.1493351745,2,110,1,10
10,0.001,17,1,23,1.1792169465,2,100,2,20
10,0.001,18,1,11,1.0748974951,2,50,2,70
10,0.001,19,1,14,1.1486690056,2,110,1,10
10,0.001,20,1,11,1.1024834343,2,110,1,10
10,0.001,21,1,23,1.1989086506,2,100,2,20
10,0.001,22,1,12,0.9532471739,2,110,1,10
10,0.001,23,1,11,0.9285308142,2,50,2,70
10,0.001,24,1,14,1.1223409387,2,110,1,10
10,0.001,25,1,14,1.2478720302,2,110,1,10
10,0.001,26,1,14,1.0140177867,2,110,1,10
10,0.001,27,1,14,1.1819918103,2,110,1,10
10,0.001,28,1,17,0.9988052288,2,70,2,50
10,0.001,29,1,14,1.1200984310,2,110,1,10
10,0.001,30,1,23,1.0381024373,2,100,2,20
10,0.001,31,1,14,1.1305708252,2,110,1,10
10,0.001,32,1,43,1.0176357216,2,80,2,40
10,0.001,33,1,12,1.0097904077,2,60,2,60
10,0.001,34,1,21,1.1292102956,2,100,2,20
10,0.001,35,1,11,1.1667157946,2,110,1,10
10,0.001,36,1,16,1.1850127005,2,70,2,50
10,0.001,37,1,14,1.0014132033,2,110,1,10
10,0.001,38,1,11,0.9127993169,2,60,2,60
10,0.001,39,1,22,1.1170993755,2,100,2,20
10,0.001,40,1,11,1.2025259693,2,110,1,10
10,0.001,41,1,14,1.0608421199,2,110,1,10
10,0.001,42,1,21,0.9952823359,2,100,2,20
10,0.001,43,1,23,1.1982780699,2,100,2,20
10,0.001,44,1,41,1.1608022092,2,80,2,40
10,0.001,45,1,14,1.1594123088,2,110,1,10
10,0.001,46,1,14,1.0346376406,2,110,1,10
10,0.001,47,1,11,0.9434970807,2,60,2,60
10,0.001,48,1,12,1.0733391515,2,110,1,10
10,0.001,49,1,14,1.1677412989,2,110,1,10
10,0.001,50,1,23,1.0784522594,2,100,2,20
10,0.001,51,1,14,1.1468056579,2,110,1,10
10,0.001,52,1,14,0.9668208844,2,110,1,10
10,0.001,53,1,22,1.1347034253,2,100,2,20
10,0.001,54,1,21,0.9755707314,2,100,2,20
10,0.001,55,1,14,1.2518793829,2,110,1,10
10,0.001,56,1,14,1.0599642885,2,110,1,10
10,0.001,57,1,12,1.2123043926,2,110,1,10
10,0.001,58,1,31,1.0338416028,2,90,2,30
10,0.001,59,1,14,1.2939376928,2,110,1,10
10,0.001,60,1,14,1.1518956543,2,110,1,10
10,0.001,61,1,22,1.1351333298,2,100,2,20
10,0.001,62,1,31,0.9984195913,2,90,2,30
10,0.001,63,1,23,1.0966211819,2,100,2,20
10,0.001,64,1,11,0.8766841185,2,60,2,60
10,0.001,65,1,33,1.0579490943,2,90,2,30
10,0.001,66,1,14,1.1878355901,2,110,1,10
10,0.001,67,1,15,1.1506539956,2,60,2,60
10,0.001,68,1,11,1.1672979442,2,110,1,10
10,0.001,69,1,31,0.9886182144,2,90,2,30
10,0.001,70,1,42,0.9508951923,2,80,2,40
10,0.001,71,1,14,1.1380209439,2,110,1,10
10,0.001,72,1,11,1.2614778994,2,110,1,10
10,0.001,73,1,11,1.1785845779,2,110,1,10
10,0.001,74,1,24,1.0393198561,2,100,2,20
10,0.001,75,1,11,0.9148128337,2,60,2,60
10,0.001,76,1,11,1.1703053632,2,60,2,60
10,0.001,77,1,14,1.0215514539,2,110,1,10
10,0.001,78,1,52,0.8469629522,2,70,2,50
10,0.001,79,1,14,1.1593957521,2,110,1,10
10,0.001,80,1,33,1.0882442301,2,90,2,30
10,0.001,81,1,14,1.1235693426,2,110,1,10
10,0.001,82,1,14,1.1659149970,2,110,1,10
10,0.001,83,1,32,1.1171479716,2,90,2,30
10,0.001,84,1,11,0.9612537402,2,50,2,70
10,0.001,85,1,21,1.1577315934,2,100,2,20
10,0.001,86,1,21,1.0087845027,2,100,2,20
10,0.001,87,1,11,0.7769592864,2,50,2,70
10,0.001,88,1,14,1.1016695844,2,110,1,10
10,0.001,89,1,23,1.2332746708,2,100,2,20
10,0.001,90,1,23,1.0704871105,2,100,2,20
10,0.001,91,1,14,1.1628519450,2,110,1,10
10,0.001,92,1,11,0.9323677262,2,50,2,70
10,0.001,93,1,11,1.0795400379,2,110,1,10
10,0.001,94,1,14,1.0402471764,2,110,1,10
10,0.001,95,1,32,1.0645768948,2,90,2,30
10,0.001,96,1,14,1.2294980051,2,110,1,10
10,0.001,97,1,12,1.1364301894,2,60,2,60
10,0.001,98,1,14,1.2277222164,2,110,1,10
10,0.001,99,1,31,1.0230416526,2,90,2,30
15,0.001,0,1,33,1.0536621677,2,90,2,30
15,0.001,1,1,18,1.2606221765,2,105,1,15
15,0.001,2,1,16,1.1321419694,2,105,1,15
15,0.001,3,1,31,1.1099515955,2,90,2,30
15,0.001,4,1,31,1.0798882666,2,90,2,30
15,0.001,5,1,63,0.8742735009,2,60,2,60
15,0.001,6,1,18,1.1391501835,2,105,1,15
15,0.001,7,1,32,1.0580265158,2,90,2,30
15,0.001,8,1,19,1.2236624586,2,105,1,15
15,0.001,9,1,16,1.0848822363,2,105,1,15
15,0.001,10,1,16,0.7429599495,2,30,2,90
15,0.001,11,1,33,1.0865509296,2,90,2,30
15,0.001,12,1,32,1.1219818816,2,90,2,30
15,0.001,13,1,31,1.1385402911,2,90,2,30
15,0.001,14,1,19,1.2062011773,2,105,1,15
15,0.001,15,1,31,0.9835795769,2,90,2,30
15,0.001,16,1,18,1.1395095184,2,105,1,15
15,0.001,17,1,33,1.1398987819,2,90,2,30
15,0.001,18,1,16,0.9616718431,2,30,2,90
15,0.001,19,1,19,1.1353694105,2,105,1,15
15,0.001,20,1,16,1.1005021616,2,105,1,15
15,0.001,21,1,32,1.1549690466,2,90,2,30
15,0.001,22,1,16,0.9515391582,2,105,1,15
15,0.001,23,1,16,0.7619998928,2,30,2,90
15,0.001,24,1,19,1.1094093360,2,105,1,15
15,0.001,25,1,19,1.2318271218,2,105,1,15
15,0.001,26,1,19,1.0043038843,2,105,1,15
15,0.001,27,1,18,1.1723604638,2,105,1,15
15,0.001,28,1,17,0.8158324376,2,45,2,75
15,0.001,29,1,18,1.1122046429,2,105,1,15
15,0.001,30,1,33,1.0120414305,2,90,2,30
15,0.001,31,1,19,1.1173921393,2,105,1,15
15,0.001,32,1,17,0.9016046241,2,60,2,60
15,0.001,33,1,16,0.9147294825,2,45,2,75
15,0.001,34,1,31,1.1116973651,2,90,2,30
15,0.001,35,1,16,1.1612938924,2,105,1,15
15,0.001,36,1,17,1.0952522811,2,45,2,75
15,0.001,37,1,18,0.9908526744,2,105,1,15
15,0.001,38,1,16,0.6974042156,2,30,2,90
15,0.001,39,1,32,1.0744396723,2,90,2,30
15,0.001,40,1,16,1.2002547574,2,105,1,15
15,0.001,41,1,19,1.0472561222,2,105,1,15
15,0.001,42,1,31,0.9756493834,2,90,2,30
15,0.001,43,1,33,1.1510741778,2,90,2,30
15,0.001,44,1,17,1.1084242378,2,60,2,60
15,0.001,45,1,19,1.1439819888,2,105,1,15
15,0.001,46,1,19,1.0207338739,2,105,1,15
15,0.001,47,1,16,0.7101820639,2,30,2,90
15,0.001,48,1,16,1.0713065401,2,105,1,15
15,0.001,49,1,18,1.1596561715,2,105,1,15
15,0.001,50,1,32,1.0471264769,2,90,2,30
15,0.001,51,1,19,1.1319000280,2,105,1,15
15,0.001,52,1,19,0.9560350268,2,105,1,15
15,0.001,53,1,32,1.0984159589,2,90,2,30
15,0.001,54,1,31,0.9545833141,2,90,2,30
15,0.001,55,1,19,1.2356741378,2,105,1,15
15,0.001,56,1,19,1.0498081932,2,105,1,15
15,0.001,57,1,16,1.2061909697,2,105,1,15
15,0.001,58,1,61,0.9689672277,2,60,2,60
15,0.001,59,1,19,1.2787864958,2,105,1,15
15,0.001,60,1,19,1.1388467032,2,105,1,15
15,0.001,61,1,31,1.0973308979,2,90,2,30
15,0.001,62,1,61,0.9146492160,2,60,2,60
15,0.001,63,1,33,1.0615130245,2,90,2,30
15,0.001,64,1,16,0.5730181854,3,30,2,90
15,0.001,65,1,61,0.8994975897,2,60,2,60
15,0.001,66,1,18,1.1744203534,2,105,1,15
15,0.001,67,1,17,1.0651904000,2,45,2,75
15,0.001,68,1,16,1.1613174959,2,105,1,15
15,0.001,69,1,46,0.9679302877,2,75,2,45
15,0.001,70,1,18,0.8584470492,2,60,2,60
15,0.001,71,1,19,1.1236215931,2,105,1,15
15,0.001,72,1,16,1.2553931806,2,105,1,15
15,0.001,73,1,16,1.1726968871,2,105,1,15
15,0.001,74,1,33,0.9967431054,2,90,2,30
15,0.001,75,1,16,0.6548274354,2,30,2,90
15,0.001,76,1,16,1.0832126406,2,30,2,90
15,0.001,77,1,19,1.0084974676,2,105,1,15
15,0.001,78,1,26,0.6836595774,2,45,2,75
15,0.001,79,1,19,1.1465815102,2,105,1,15
15,0.001,80,1,20,0.9019320986,2,60,2,60
15,0.001,81,1,18,1.1124372432,2,105,1,15
15,0.001,82,1,18,1.1557331903,2,105,1,15
15,0.001,83,1,61,0.9400738088,2,60,2,60
15,0.001,84,1,16,0.8300181951,2,30,2,90
15,0.001,85,1,31,1.1301880171,2,90,2,30
15,0.001,86,1,31,0.9971144161,2,90,2,30
15,0.001,87,1,16,0.5496778193,3,30,2,90
15,0.001,88,1,18,1.0945649643,2,105,1,15
15,0.001,89,1,32,1.1943839756,2,90,2,30
15,0.001,90,1,33,1.0312547800,2,90,2,30
15,0.001,91,1,19,1.1475433455,2,105,1,15
15,0.001,92,1,16,0.7573551825,2,30,2,90
15,0.001,93,1,16,1.0741531831,2,105,1,15
15,0.001,94,1,18,1.0280492984,2,105,1,15
15,0.001,95,1,63,0.9366458415,2,60,2,60
15,0.001,96,1,19,1.2157035124,2,105,1,15
15,0.001,97,1,16,1.0700374489,2,45,2,75
15,0.001,98,1,19,1.2117022433,2,105,1,15
15,0.001,99,1,61,0.9026643809,2,60,2,60
20,0.001,0,1,43,1.0041816852,2,80,2,40
20,0.001,1,1,23,1.2405578248,2,100,1,20
20,0.001,2,1,21,1.1242339394,2,100,1,20
20,0.001,3,1,41,1.0689518531,2,80,2,40
20,0.001,4,1,41,1.0515607134,2,80,2,40
20,0.001,5,1,22,0.6773449718,2,40,2,80
20,0.001,6,1,22,1.1245194865,2,100,1,20
20,0.001,7,1,42,1.0174684955,2,80,2,40
20,0.001,8,1,23,1.2065071338,2,100,1,20
20,0.001,9,1,21,1.0782780835,2,100,1,20
20,0.001,10,1,21,0.2244070255,9,0,1,
20,0.001,11,1,43,1.0322788852,2,80,2,40
20,0.001,12,1,41,1.0737507803,2,80,2,40
20,0.001,13,1,41,1.0978141132,2,80,2,40
20,0.001,14,1,23,1.1878516160,2,100,1,20
20,0.001,15,1,41,0.9801054997,2,80,2,40
20,0.001,16,1,22,1.1283564011,2,100,1,20
20,0.001,17,1,43,1.0888943703,2,80,2,40
20,0.001,18,1,21,0.2237253502,9,0,1,
20,0.001,19,1,24,1.1195843707,2,100,1,20
20,0.001,20,1,21,1.0974827074,2,100,1,20
20,0.001,21,1,62,0.9392199350,2,60,2,60
20,0.001,22,1,21,0.9487462698,2,100,1,20
20,0.001,23,1,21,0.2272259477,9,0,1,
20,0.001,24,1,24,1.0942380905,2,100,1,20
20,0.001,25,1,23,1.2123522613,2,100,1,20
20,0.001,26,1,24,0.9926111938,2,100,1,20
20,0.001,27,1,22,1.1612420439,2,100,1,20
20,0.001,28,1,21,0.4802829004,4,20,2,100
20,0.001,29,1,22,1.1032557331,2,100,1,20
20,0.001,30,1,43,0.9792680179,2,80,2,40
20,0.001,31,1,23,1.1024515012,2,100,1,20
20,0.001,32,1,21,0.7319837005,2,40,2,80
20,0.001,33,1,21,0.6258477114,2,20,2,100
20,0.001,34,1,41,1.0883252995,2,80,2,40
20,0.001,35,1,21,1.1545820185,2,100,1,20
20,0.001,36,1,21,0.9012144766,2,20,2,100
20,0.001,37,1,22,0.9786490504,2,100,1,20
20,0.001,38,1,21,0.1500486417,9,0,1,
20,0.001,39,1,62,0.8870769383,2,60,2,60
20,0.001,40,1,21,1.1971142035,2,100,1,20
20,0.001,41,1,24,1.0307431759,2,100,1,20
20,0.001,42,1,41,0.9519129851,2,80,2,40
20,0.001,43,1,42,1.0914778197,2,80,2,40
20,0.001,44,1,21,0.8695412814,2,20,2,100
20,0.001,45,1,23,1.1255816213,2,100,1,20
20,0.001,46,1,24,1.0038802610,2,100,1,20
20,0.001,47,1,21,0.5770964258,3,20,2,100
20,0.001,48,1,21,1.0681029718,2,100,1,20
20,0.001,49,1,23,1.1496931544,2,100,1,20
20,0.001,50,1,41,1.0086104627,2,80,2,40
20,0.001,51,1,23,1.1137694426,2,100,1,20
20,0.001,52,1,24,0.9429663214,2,100,1,20
20,0.001,53,1,82,0.7650445655,2,40,2,80
20,0.001,54,1,61,0.8722260340,2,60,2,60
20,0.001,55,1,23,1.2158850478,2,100,1,20
20,0.001,56,1,24,1.0374066057,2,100,1,20
20,0.001,57,1,21,1.1983836235,2,100,1,20
20,0.001,58,1,22,0.8890927064,2,40,2,80
20,0.001,59,1,23,1.2606394270,2,100,1,20
20,0.001,60,1,23,1.1231707012,2,100,1,20
20,0.001,61,1,41,1.0510741127,2,80,2,40
20,0.001,62,1,23,0.8270945792,2,40,2,80
20,0.001,63,1,62,0.9001341277,2,60,2,60
20,0.001,64,1,21,0.4101622038,5,20,2,100
20,0.001,65,1,23,0.7329785199,2,40,2,80
20,0.001,66,1,22,1.1587467864,2,100,1,20
20,0.001,67,1,21,0.7827077725,2,20,2,100
20,0.001,68,1,21,1.1532898611,2,100,1,20
20,0.001,69,1,23,0.8783261800,2,40,2,80
20,0.001,70,1,22,0.7205452337,2,40,2,80
20,0.001,71,1,23,1.1062300300,2,100,1,20
20,0.001,72,1,21,1.2474273977,2,100,1,20
20,0.001,73,1,21,1.1649854836,2,100,1,20
20,0.001,74,1,43,0.9451125230,2,80,2,40
20,0.001,75,1,21,0.4882944200,3,20,2,100
20,0.001,76,1,21,1.0054597022,2,20,2,100
20,0.001,77,1,24,0.9936146947,2,100,1,20
20,0.001,78,1,28,0.4369091425,4,20,2,100
20,0.001,79,1,23,1.1316069421,2,100,1,20
20,0.001,80,1,22,0.7112112925,2,40,2,80
20,0.001,81,1,22,1.1001661285,2,100,1,20
20,0.001,82,1,22,1.1440552200,2,100,1,20
20,0.001,83,1,22,0.7588432177,2,40,2,80
20,0.001,84,1,21,0.2334503187,9,0,1,
20,0.001,85,1,41,1.0949707800,2,80,2,40
20,0.001,86,1,61,0.9726666053,2,60,2,60
20,0.001,87,1,21,0.2241320101,9,0,1,
20,0.001,88,1,23,1.0859117320,2,100,1,20
20,0.001,89,1,42,1.1462469593,2,80,2,40
20,0.001,90,1,81,0.6919860915,2,40,2,80
20,0.001,91,1,24,1.1293146174,2,100,1,20
20,0.001,92,1,21,0.2534771334,9,0,1,
20,0.001,93,1,21,1.0670750640,2,100,1,20
20,0.001,94,1,22,1.0142029520,2,100,1,20
20,0.001,95,1,23,0.7886469925,2,40,2,80
20,0.001,96,1,23,1.1988721006,2,100,1,20
20,0.001,97,1,21,0.8474886379,2,20,2,100
20,0.001,98,1,23,1.1931029204,2,100,1,20
20,0.001,99,1,23,0.7863619995,2,40,2,80
30,0.001,0,1,63,0.8756863149,2,60,2,60
30,0.001,1,1,33,1.1930995899,2,90,1,30
30,0.001,2,1,31,1.1042198096,2,90,1,30
30,0.001,3,1,61,0.9656275029,2,60,2,60
30,0.001,4,1,61,0.9764174105,2,60,2,60
30,0.001,5,1,31,0.0482299820,9,0,1,
30,0.001,6,1,31,1.0913742401,2,90,1,30
30,0.001,7,1,61,0.9150127318,2,60,2,60
30,0.001,8,1,33,1.1641361983,2,90,1,30
30,0.001,9,1,31,1.0612031073,2,90,1,30
30,0.001,10,1,31,0.3444002499,9,0,1,
30,0.001,11,1,63,0.8942900904,2,60,2,60
30,0.001,12,1,45,0.0122124710,9,0,1,
30,0.001,13,0,,0.0085988359,9,0,1,
30,0.001,14,1,33,1.1417802953,2,90,1,30
30,0.001,15,1,61,0.9675738436,2,60,2,60
30,0.001,16,1,31,1.1022252293,2,90,1,30
30,0.001,17,0,,0.0028841053,9,0,1,
30,0.001,18,1,31,0.3431244809,9,0,1,
30,0.001,19,1,33,1.0810101108,2,90,1,30
30,0.001,20,1,31,1.0885346039,2,90,1,30
30,0.001,21,1,33,0.0175430002,9,0,1,
30,0.001,22,1,31,0.9399452104,2,90,1,30
30,0.001,23,1,31,0.3549140679,9,0,1,
30,0.001,24,1,33,1.0582137132,2,90,1,30
30,0.001,25,1,33,1.1642367449,2,90,1,30
30,0.001,26,1,33,0.9639300660,2,90,1,30
30,0.001,27,1,31,1.1346180762,2,90,1,30
30,0.001,28,1,31,0.1425860023,9,0,1,
30,0.001,29,1,31,1.0823126558,2,90,1,30
30,0.001,30,1,35,0.6636039318,2,30,2,90
30,0.001,31,1,33,1.0688469013,2,90,1,30
30,0.001,32,1,31,0.0991702734,9,0,1,
30,0.001,33,1,31,0.1452978724,9,0,1,
30,0.001,34,1,91,0.8650642648,2,30,2,90
30,0.001,35,1,31,1.1381579786,2,90,1,30
30,0.001,36,1,31,0.1534442822,9,0,1,
30,0.001,37,1,32,0.9499148261,2,90,1,30
30,0.001,38,1,31,0.2600167158,9,0,1,
30,0.001,39,1,34,0.6009890627,3,30,2,90
30,0.001,40,1,31,1.1879643795,2,90,1,30
30,0.001,41,1,33,0.9908765081,2,90,1,30
30,0.001,42,1,91,0.7940508748,2,30,2,90
30,0.001,43,1,62,0.9375035581,2,60,2,60
30,0.001,44,1,31,0.1166074372,9,0,1,
30,0.001,45,1,33,1.0801513548,2,90,1,30
30,0.001,46,1,33,0.9630867700,2,90,1,30
30,0.001,47,1,31,0.1872692537,9,0,1,
30,0.001,48,1,31,1.0588751621,2,90,1,30
30,0.001,49,1,32,1.1251362038,2,90,1,30
30,0.001,50,1,61,0.9066480553,2,60,2,60
30,0.001,51,1,33,1.0703792149,2,90,1,30
30,0.001,52,1,34,0.9103373213,2,90,1,30
30,0.001,53,1,42,0.0206520884,9,0,1,
30,0.001,54,1,35,0.7372367156,2,30,2,90
30,0.001,55,1,33,1.1677617952,2,90,1,30
30,0.001,56,1,33,1.0061997470,2,90,1,30
30,0.001,57,1,31,1.1782582183,2,90,1,30
30,0.001,58,1,31,0.0669184934,9,0,1,
30,0.001,59,1,33,1.2162049604,2,90,1,30
30,0.001,60,1,33,1.0843886387,2,90,1,30
30,0.001,61,0,,0.0031371905,9,0,1,
30,0.001,62,1,31,0.0411252580,9,0,1,
30,0.001,63,1,33,0.5933666294,2,30,2,90
30,0.001,64,1,31,0.1748929258,9,0,1,
30,0.001,65,1,31,0.0442101507,9,0,1,
30,0.001,66,1,31,1.1236202829,2,90,1,30
30,0.001,67,1,31,0.1643949013,9,0,1,
30,0.001,68,1,31,1.1322909122,2,90,1,30
30,0.001,69,1,31,0.0360608513,9,0,1,
30,0.001,70,1,31,0.0836859638,9,0,1,
30,0.001,71,1,33,1.0629742448,2,90,1,30
30,0.001,72,1,31,1.2269437301,2,90,1,30
30,0.001,73,1,31,1.1449738397,2,90,1,30
30,0.001,74,1,63,0.8159254004,2,60,2,60
30,0.001,75,1,31,0.1949789071,9,0,1,
30,0.001,76,1,31,0.1987231382,9,0,1,
30,0.001,77,1,33,0.9585994111,2,90,1,30
30,0.001,78,1,36,0.0410457836,9,0,1,
30,0.001,79,1,33,1.0962183545,2,90,1,30
30,0.001,80,1,31,0.0727994668,9,0,1,
30,0.001,81,1,31,1.0727785338,2,90,1,30
30,0.001,82,1,31,1.1162993981,2,90,1,30
30,0.001,83,1,31,0.0470866463,9,0,1,
30,0.001,84,1,31,0.3647846051,9,0,1,
30,0.001,85,1,61,1.0007054764,2,60,2,60
30,0.001,86,1,34,0.9300342057,2,30,2,90
30,0.001,87,1,31,0.3440387352,9,0,1,
30,0.001,88,1,33,1.0642709396,2,90,1,30
30,0.001,89,1,61,1.0188962854,2,60,2,60
30,0.001,90,1,42,0.0214847140,9,0,1,
30,0.001,91,1,33,1.0847805441,2,90,1,30
30,0.001,92,1,31,0.4061637572,9,0,1,
30,0.001,93,1,31,1.0486081266,2,90,1,30
30,0.001,94,1,31,0.9831889942,2,90,1,30
30,0.001,95,1,31,0.0402989978,9,0,1,
30,0.001,96,1,33,1.1569173535,2,90,1,30
30,0.001,97,1,31,0.1511367194,9,0,1,
30,0.001,98,1,33,1.1490626777,2,90,1,30
30,0.001,99,1,31,0.0482040893,9,0,1,
40,0.001,0,1,83,0.6924201042,2,40,2,80
40,0.001,1,1,42,1.1357123465,2,80,1,40
40,0.001,2,1,41,1.0783554486,2,80,1,40
40,0.001,3,1,81,0.8261897797,2,40,2,80
40,0.001,4,1,81,0.8772352893,2,40,2,80
40,0.001,5,1,41,0.0779697250,9,0,1,
40,0.001,6,1,41,1.0519243520,2,80,1,40
40,0.001,7,0,,0.0029122629,9,0,1,
40,0.001,8,1,43,1.1111109088,2,80,1,40
40,0.001,9,1,41,1.0385403355,2,80,1,40
40,0.001,10,1,41,0.4416963404,7,0,1,
40,0.001,11,1,83,0.7045477408,2,40,2,80
40,0.001,12,1,43,0.0255868404,9,0,1,
40,0.001,13,1,43,0.0205758404,9,0,1,
40,0.001,14,1,43,1.0833596979,2,80,1,40
40,0.001,15,1,81,0.9414821386,2,40,2,80
40,0.001,16,1,41,1.0698211836,2,80,1,40
40,0.001,17,1,64,0.0105045813,9,0,1,
40,0.001,18,1,41,0.4399483198,7,0,1,
40,0.001,19,1,43,1.0319704760,2,80,1,40
40,0.001,20,1,41,1.0753141337,2,80,1,40
40,0.001,21,1,41,0.0421655014,9,0,1,
40,0.001,22,1,41,0.9273701673,2,80,1,40
40,0.001,23,1,41,0.4632149116,7,0,1,
40,0.001,24,1,43,1.0141737682,2,80,1,40
40,0.001,25,1,43,1.1035875325,2,80,1,40
40,0.001,26,1,43,0.9275242243,2,80,1,40
40,0.001,27,1,41,1.1010606681,2,80,1,40
40,0.001,28,1,41,0.2113100585,9,0,1,
40,0.001,29,1,41,1.0561732343,2,80,1,40
40,0.001,30,1,42,0.0302941679,9,0,1,
40,0.001,31,1,42,1.0290729752,2,80,1,40
40,0.001,32,1,41,0.1567927301,9,0,1,
40,0.001,33,1,41,0.1871762948,9,0,1,
40,0.001,34,1,45,0.0107548574,9,0,1,
40,0.001,35,1,41,1.1174878566,2,80,1,40
40,0.001,36,1,41,0.2271796728,9,0,1,
40,0.001,37,1,41,0.9146658688,2,80,1,40
40,0.001,38,1,41,0.3607002465,8,0,1,
40,0.001,39,1,42,0.0317348421,9,0,1,
40,0.001,40,1,41,1.1752099798,2,80,1,40
40,0.001,41,1,43,0.9411710271,2,80,1,40
40,0.001,42,1,44,0.0107129337,9,0,1,
40,0.001,43,1,82,0.7268692706,2,40,2,80
40,0.001,44,1,41,0.1880736777,9,0,1,
40,0.001,45,1,43,1.0230788524,2,80,1,40
40,0.001,46,1,43,0.9124491198,2,80,1,40
40,0.001,47,1,41,0.2413762045,9,0,1,
40,0.001,48,1,41,1.0468484952,2,80,1,40
40,0.001,49,1,42,1.0940748155,2,80,1,40
40,0.001,50,0,,0.0085445832,9,0,1,
40,0.001,51,1,42,1.0188131615,2,80,1,40
40,0.001,52,1,43,0.8679146098,2,80,1,40
40,0.001,53,1,49,0.0352717354,9,0,1,
40,0.001,54,1,42,0.0275616106,9,0,1,
40,0.001,55,1,43,1.1084702537,2,80,1,40
40,0.001,56,1,43,0.9659543243,2,80,1,40
40,0.001,57,1,41,1.1517639920,2,80,1,40
40,0.001,58,1,41,0.1173252821,9,0,1,
40,0.001,59,1,43,1.1605898794,2,80,1,40
40,0.001,60,1,43,1.0348121951,2,80,1,40
40,0.001,61,0,,0.0082614721,9,0,1,
40,0.001,62,1,41,0.0670411568,9,0,1,
40,0.001,63,1,41,0.0356509001,9,0,1,
40,0.001,64,1,41,0.2262007414,9,0,1,
40,0.001,65,1,41,0.0724337110,9,0,1,
40,0.001,66,1,41,1.0825300189,2,80,1,40
40,0.001,67,1,41,0.2417250119,8,0,1,
40,0.001,68,1,41,1.1054064896,2,80,1,40
40,0.001,69,1,41,0.0589035594,9,0,1,
40,0.001,70,1,41,0.1345442116,9,0,1,
40,0.001,71,1,43,1.0084956981,2,80,1,40
40,0.001,72,1,41,1.2011023311,2,80,1,40
40,0.001,73,1,41,1.1187732051,2,80,1,40
40,0.001,74,1,83,0.6432553688,2,40,2,80
40,0.001,75,1,41,0.2558349917,8,0,1,
40,0.001,76,1,41,0.2647773099,8,0,1,
40,0.001,77,1,42,0.9165240256,2,80,1,40
40,0.001,78,1,45,0.0577158228,9,0,1,
40,0.001,79,1,42,1.0528083867,2,80,1,40
40,0.001,80,1,41,0.1270433127,9,0,1,
40,0.001,81,1,41,1.0405387672,2,80,1,40
40,0.001,82,1,41,1.0816754998,2,80,1,40
40,0.001,83,1,41,0.0756288869,9,0,1,
40,0.001,84,1,41,0.4748733553,6,0,1,
40,0.001,85,1,81,0.8710800116,2,40,2,80
40,0.001,86,1,41,0.0332452503,9,0,1,
40,0.001,87,1,41,0.4409516268,7,0,1,
40,0.001,88,1,43,1.0362478947,2,80,1,40
40,0.001,89,1,81,0.8357032402,2,40,2,80
40,0.001,90,1,49,0.0363980965,9,0,1,
40,0.001,91,1,43,1.0287212284,2,80,1,40
40,0.001,92,1,41,0.5369094666,6,0,1,
40,0.001,93,1,41,1.0246756932,2,80,1,40
40,0.001,94,1,41,0.9470599402,2,80,1,40
40,0.001,95,1,41,0.0654099115,9,0,1,
40,0.001,96,1,43,1.1034685760,2,80,1,40
40,0.001,97,1,41,0.1946154682,9,0,1,
40,0.001,98,1,43,1.0955814045,2,80,1,40
40,0.001,99,1,41,0.0775494453,9,0,1,
60,0.001,0,0,,0.0068137811,9,0,1,
60,0.001,1,1,61,0.9927218796,2,60,1,60
60,0.001,2,1,61,1.0073017619,2,60,1,60
60,0.001,3,0,,0.0030019635,9,0,1,
60,0.001,4,0,,0.0000000000,9,0,1,
60,0.001,5,1,61,0.1318737781,9,0,1,
60,0.001,6,1,61,0.9525745890,2,60,1,60
60,0.001,7,0,,0.0077476073,9,0,1,
60,0.001,8,1,63,0.9733425490,2,60,1,60
60,0.001,9,1,61,0.9731158821,2,60,1,60
60,0.001,10,1,61,0.5848133979,5,0,1,
60,0.001,11,1,63,0.0150271066,9,0,1,
60,0.001,12,1,61,0.0524943321,8,0,1,
60,0.001,13,1,61,0.0462692740,9,0,1,
60,0.001,14,1,63,0.9311346464,2,60,1,60
60,0.001,15,0,,0.0000000000,9,0,1,
60,0.001,16,1,61,0.9804523226,2,60,1,60
60,0.001,17,1,70,0.0275813114,8,0,1,
60,0.001,18,1,61,0.5825476216,5,0,1,
60,0.001,19,1,63,0.8994508561,2,60,1,60
60,0.001,20,1,61,1.0320020924,2,60,1,60
60,0.001,21,1,61,0.0983701984,8,0,1,
60,0.001,22,1,61,0.8902908092,2,60,1,60
60,0.001,23,1,61,0.6313617586,4,0,1,
60,0.001,24,1,63,0.9000910480,2,60,1,60
60,0.001,25,1,63,0.9463275797,2,60,1,60
60,0.001,26,1,63,0.8283407521,2,60,1,60
60,0.001,27,1,61,1.0079924040,2,60,1,60
60,0.001,28,1,61,0.3278952830,8,0,1,
60,0.001,29,1,61,0.9818162142,2,60,1,60
60,0.001,30,1,61,0.0816794723,9,0,1,
60,0.001,31,1,61,0.9300595016,2,60,1,60
60,0.001,32,1,61,0.2586590175,7,0,1,
60,0.001,33,1,61,0.2487280725,8,0,1,
60,0.001,34,1,62,0.0303202039,9,0,1,
60,0.001,35,1,61,1.0607350810,2,60,1,60
60,0.001,36,1,61,0.3500683448,6,0,1,
60,0.001,37,1,61,0.8234952318,2,60,1,60
60,0.001,38,1,61,0.5249205150,4,0,1,
60,0.001,39,1,61,0.0771362363,9,0,1,
60,0.001,40,1,61,1.1353416474,2,60,1,60
60,0.001,41,1,63,0.8149750497,2,60,1,60
60,0.001,42,1,61,0.0400001478,9,0,1,
60,0.001,43,0,,0.0000000000,9,0,1,
60,0.001,44,1,61,0.3193240517,8,0,1,
60,0.001,45,1,63,0.8779862979,2,60,1,60
60,0.001,46,1,63,0.7835839440,2,60,1,60
60,0.001,47,1,61,0.3206921168,8,0,1,
60,0.001,48,1,61,1.0111704535,2,60,1,60
60,0.001,49,1,61,1.0086417553,2,60,1,60
60,0.001,50,1,66,0.0266792351,9,0,1,
60,0.001,51,1,61,0.8937829781,2,60,1,60
60,0.001,52,1,63,0.7521885936,2,60,1,60
60,0.001,53,1,67,0.0599278096,8,0,1,
60,0.001,54,1,61,0.0685342484,9,0,1,
60,0.001,55,1,63,0.9571040279,2,60,1,60
60,0.001,56,1,63,0.8551572337,2,60,1,60
60,0.001,57,1,61,1.0759034968,2,60,1,60
60,0.001,58,1,61,0.2172060101,8,0,1,
60,0.001,59,1,63,1.0126440196,2,60,1,60
60,0.001,60,1,63,0.9019201822,2,60,1,60
60,0.001,61,1,66,0.0190288867,8,0,1,
60,0.001,62,1,61,0.1136029362,8,0,1,
60,0.001,63,1,61,0.0855775257,9,0,1,
60,0.001,64,1,61,0.3035878985,8,0,1,
60,0.001,65,1,61,0.1248130689,9,0,1,
60,0.001,66,1,61,0.9830650671,2,60,1,60
60,0.001,67,1,61,0.3704080669,7,0,1,
60,0.001,68,1,61,1.0315858727,2,60,1,60
60,0.001,69,1,61,0.1008269155,9,0,1,
60,0.001,70,1,61,0.2264912421,9,0,1,
60,0.001,71,1,63,0.8683533773,2,60,1,60
60,0.001,72,1,61,1.1314816410,2,60,1,60
60,0.001,73,1,61,1.0455368967,2,60,1,60
60,0.001,74,0,,0.0000000000,9,0,1,
60,0.001,75,1,61,0.3481644312,5,0,1,
60,0.001,76,1,61,0.3753622453,6,0,1,
60,0.001,77,1,62,0.8113306193,2,60,1,60
60,0.001,78,1,64,0.0866676133,8,0,1,
60,0.001,79,1,62,0.9385282234,2,60,1,60
60,0.001,80,1,61,0.2338337363,8,0,1,
60,0.001,81,1,61,0.9574202715,2,60,1,60
60,0.001,82,1,61,0.9857984563,2,60,1,60
60,0.001,83,1,61,0.1256166213,8,0,1,
60,0.001,84,1,61,0.6428521824,4,0,1,
60,0.001,85,0,,0.0000000000,9,0,1,
60,0.001,86,1,61,0.0872739873,9,0,1,
60,0.001,87,1,61,0.5827096558,5,0,1,
60,0.001,88,1,62,0.9568447121,2,60,1,60
60,0.001,89,0,,0.0000000000,9,0,1,
60,0.001,90,1,67,0.0614758323,8,0,1,
60,0.001,91,1,63,0.8823604198,2,60,1,60
60,0.001,92,1,61,0.7385111458,4,0,1,
60,0.001,93,1,61,0.9583875916,2,60,1,60
60,0.001,94,1,61,0.8597484107,2,60,1,60
60,0.001,95,1,61,0.1101153030,8,0,1,
60,0.001,96,1,63,0.9605801787,2,60,1,60
60,0.001,97,1,61,0.2582285002,8,0,1,
60,0.001,98,1,63,0.9605249104,2,60,1,60
60,0.001,99,1,61,0.1287317139,8,0,1,
1,0.005,0,1,12,0.0577320721,6,5,15,1
1,0.005,1,1,10,1.2892223320,2,114,8,2
1,0.005,2,1,9,1.1090302964,2,95,8,2
1,0.005,3,1,13,1.1723264101,2,112,11,2
1,0.005,4,1,10,1.1210282348,2,114,8,2
1,0.005,5,1,11,0.7453911955,2,36,10,1
1,0.005,6,1,10,1.1612270607,2,114,8,2
1,0.005,7,1,22,1.0941113677,2,104,14,2
1,0.005,8,1,11,0.9968661682,2,66,14,2
1,0.005,9,1,9,1.0914359683,2,115,7,1
1,0.005,10,1,9,1.0686787598,2,93,8,2
1,0.005,11,1,10,0.3262065458,6,19,14,2
1,0.005,12,1,9,1.1368678367,2,95,8,2
1,0.005,13,1,11,1.2030118783,2,113,10,1
1,0.005,14,1,10,1.2307254267,2,114,8,2
1,0.005,15,1,10,0.9870981468,2,114,8,2
1,0.005,16,1,12,1.1537523975,2,113,10,1
1,0.005,17,1,10,0.0724161055,8,3,10,2
1,0.005,18,1,20,1.0179089849,2,43,8,2
1,0.005,19,1,9,1.1580280310,2,115,7,1
1,0.005,20,1,10,1.0989017054,2,114,8,2
1,0.005,21,1,15,1.2294905950,2,111,13,1
1,0.005,22,1,13,0.9468087035,2,112,11,2
1,0.005,23,1,9,1.1169972110,2,92,8,2
1,0.005,24,1,11,1.1289838448,2,114,8,2
1,0.005,25,1,9,1.1882738505,2,92,8,2
1,0.005,26,1,14,0.9805389606,2,95,11,2
1,0.005,27,1,13,1.1366126257,2,97,10,1
1,0.005,28,1,15,1.1499836136,2,111,13,1
1,0.005,29,1,15,1.1166456169,2,111,13,1
1,0.005,30,1,10,0.2483848702,6,4,12,2
1,0.005,31,1,13,1.1306169532,2,112,11,2
1,0.005,32,1,12,1.1249997518,2,113,10,1
1,0.005,33,1,13,1.1656238029,2,113,10,1
1,0.005,34,1,12,1.1390862765,2,113,10,1
1,0.005,35,1,10,1.1670442960,2,114,8,2
1,0.005,36,1,12,1.2402493825,2,113,10,1
1,0.005,37,1,25,0.9636256604,2,101,14,2
1,0.005,38,1,12,1.0487119905,2,93,10,1
1,0.005,39,1,9,1.1578409112,2,115,7,1
1,0.005,40,1,10,1.1995374170,2,114,8,2
1,0.005,41,1,10,0.0703355042,8,6,17,1
1,0.005,42,1,10,1.0123654423,2,114,8,2
1,0.005,43,1,15,1.2291478027,2,111,13,1
1,0.005,44,1,9,1.1986597162,2,115,7,1
1,0.005,45,1,12,1.1663074448,2,113,10,1
1,0.005,46,1,9,1.0444636566,2,115,7,1
1,0.005,47,1,12,1.1476734724,2,113,10,1
1,0.005,48,1,12,1.0690779917,2,113,10,1
1,0.005,49,1,11,1.0895126276,2,90,10,1
1,0.005,50,1,11,1.1076363530,2,114,8,2
1,0.005,51,1,12,1.1538707651,2,113,10,1
1,0.005,52,1,11,0.0282590035,6,6,18,2
1,0.005,53,1,10,1.1694511480,2,114,8,2
1,0.005,54,1,10,0.9938057457,2,115,7,1
1,0.005,55,1,10,1.2606895541,2,115,7,1
1,0.005,56,1,24,0.9027279391,2,72,10,1
1,0.005,57,1,11,1.2101248663,2,113,10,1
1,0.005,58,1,9,0.9106610061,2,50,8,2
1,0.005,59,1,15,1.2918645739,2,111,13,1
1,0.005,60,1,15,1.1484961858,2,111,13,1
1,0.005,61,1,9,1.1741368285,2,115,7,1
1,0.005,62,1,13,1.0340550473,2,112,11,2
1,0.005,63,1,12,0.0878069191,6,4,12,1
1,0.005,64,1,20,0.1726874879,7,3,9,1
1,0.005,65,1,12,1.1215321849,2,113,10,1
1,0.005,66,1,10,1.1958582920,2,115,7,1
1,0.005,67,1,10,1.2814221616,2,114,8,2
1,0.005,68,1,9,1.1687508362,2,115,7,1
1,0.005,69,1,9,0.9387308535,2,69,8,2
1,0.005,70,1,13,1.0355831991,2,113,10,1
1,0.005,71,1,10,0.2729748300,6,3,9,2
1,0.005,72,1,9,1.2627637929,2,115,7,1
1,0.005,73,1,11,1.1761269266,2,113,10,1
1,0.005,74,1,10,0.0248481257,9,7,21,2
1,0.005,75,1,9,0.4406144246,4,3,10,2
1,0.005,76,1,11,1.2241617095,2,99,8,2
1,0.005,77,1,10,1.0308578156,2,114,8,2
1,0.005,78,1,12,0.0830722972,8,4,13,2
1,0.005,79,1,13,1.1589182658,2,112,11,2
1,0.005,80,1,21,1.1561842304,2,102,7,1
1,0.005,81,1,12,1.1292325286,2,113,10,1
1,0.005,82,1,10,1.1723149542,2,114,8,2
1,0.005,83,1,12,0.2985876253,6,4,12,1
1,0.005,84,1,10,1.1739550141,2,115,7,1
1,0.005,85,1,10,1.1799424596,2,114,8,2
1,0.005,86,1,10,1.0206359189,2,114,8,2
1,0.005,87,1,16,0.7746559044,2,52,8,2
1,0.005,88,1,11,0.0665662707,8,4,13,2
1,0.005,89,1,15,1.2079730681,2,94,11,2
1,0.005,90,1,13,1.0621976132,2,95,11,2
1,0.005,91,1,20,0.7992280075,2,42,8,2
1,0.005,92,1,21,1.1264155540,2,103,7,1
1,0.005,93,1,10,1.0818540759,2,114,8,2
1,0.005,94,1,16,1.0331394333,2,110,14,2
1,0.005,95,1,9,1.1131047213,2,115,7,1
1,0.005,96,1,10,0.6603345787,3,4,11,1
1,0.005,97,1,23,1.2068752415,2,101,10,1
1,0.005,98,1,12,0.4275685521,4,23,11,2
1,0.005,99,1,12,0.7548869380,2,41,11,2
3,0.005,0,1,10,1.0540169774,2,93,4,3
3,0.005,1,1,9,1.2919979240,2,114,2,6
3,0.005,2,1,9,1.1436631970,2,114,2,6
3,0.005,3,1,10,1.1790939124,2,114,2,6
3,0.005,4,1,9,1.1234582380,2,114,2,6
3,0.005,5,1,9,0.5519620435,3,21,4,3
3,0.005,6,1,9,1.1638205150,2,114,2,6
3,0.005,7,1,26,1.0801810127,2,99,5,6
3,0.005,8,1,10,1.2465264907,2,114,2,6
3,0.005,9,1,8,1.0946411728,2,117,1,3
3,0.005,10,1,10,1.1251436636,2,114,2,6
3,0.005,11,1,10,1.0048489642,2,78,5,6
3,0.005,12,1,10,1.2003162715,2,114,2,6
3,0.005,13,1,8,1.2106776106,2,117,1,3
3,0.005,14,1,9,1.2330367586,2,114,2,6
3,0.005,15,1,9,0.9872001372,2,114,2,6
3,0.005,16,1,14,1.1490662484,2,111,4,3
3,0.005,17,1,10,1.2148196510,2,114,2,6
3,0.005,18,1,8,1.2346369236,2,114,2,6
3,0.005,19,1,10,1.0002945266,2,78,4,3
3,0.005,20,1,10,1.0991954412,2,114,2,6
3,0.005,21,1,15,1.2307296021,2,111,4,3
3,0.005,22,1,11,0.9502846916,2,114,2,6
3,0.005,23,1,10,1.1821826218,2,114,2,6
3,0.005,24,1,13,1.0155423472,2,81,5,6
3,0.005,25,1,10,1.2577703463,2,114,2,6
3,0.005,26,1,15,0.9580814680,2,87,5,6
3,0.005,27,1,9,0.9988311292,2,63,4,3
3,0.005,28,1,15,1.1511441166,2,111,4,3
3,0.005,29,1,15,1.1170964521,2,111,4,3
3,0.005,30,1,10,0.8031785684,2,51,5,6
3,0.005,31,1,10,1.1387584440,2,114,2,6
3,0.005,32,1,16,1.0697704392,2,90,4,3
3,0.005,33,1,15,1.1598911746,2,111,4,3
3,0.005,34,1,14,1.1365760020,2,111,4,3
3,0.005,35,1,10,1.1680983904,2,114,2,6
3,0.005,36,1,14,1.2347261200,2,111,4,3
3,0.005,37,1,24,0.9701238295,2,102,5,6
3,0.005,38,1,13,1.0342876125,2,90,4,3
3,0.005,39,1,8,1.1611941459,2,117,1,3
3,0.005,40,1,10,1.1999023724,2,114,2,6
3,0.005,41,1,8,0.9806883318,2,84,4,3
3,0.005,42,1,9,1.0145503325,2,114,2,6
3,0.005,43,1,15,1.2301098397,2,111,4,3
3,0.005,44,1,11,1.0436797220,2,81,4,3
3,0.005,45,1,14,1.1607011261,2,111,4,3
3,0.005,46,1,11,0.8999387822,2,81,4,3
3,0.005,47,1,14,1.1417646357,2,111,4,3
3,0.005,48,1,8,1.0743105138,2,117,1,3
3,0.005,49,1,8,0.2048862732,7,9,4,3
3,0.005,50,1,13,1.0033079492,2,78,5,6
3,0.005,51,1,14,1.1486695430,2,111,4,3
3,0.005,52,1,11,0.8421400414,2,81,5,6
3,0.005,53,1,10,1.1697557240,2,114,2,6
3,0.005,54,1,9,0.9374533091,2,90,4,3
3,0.005,55,1,11,1.0939378362,2,81,4,3
3,0.005,56,1,15,1.0141028148,2,96,4,3
3,0.005,57,1,8,1.2175705825,2,117,1,3
3,0.005,58,1,9,1.0578452391,2,114,2,6
3,0.005,59,1,14,1.2920929307,2,111,4,3
3,0.005,60,1,15,1.1490777510,2,111,4,3
3,0.005,61,1,8,1.1770244058,2,117,1,3
3,0.005,62,1,10,1.0372033451,2,114,2,6
3,0.005,63,1,9,1.0482086916,2,90,4,3
3,0.005,64,1,7,0.0930285189,8,3,3,3
3,0.005,65,1,31,1.0551074756,2,93,4,3
3,0.005,66,1,9,0.1802633889,6,3,3,3
3,0.005,67,1,10,1.2826319048,2,114,2,6
3,0.005,68,1,8,1.1722240291,2,117,1,3
3,0.005,69,1,9,1.0051742018,2,114,2,6
3,0.005,70,1,27,1.0052440471,2,99,4,3
3,0.005,71,1,10,1.1464225546,2,114,2,6
3,0.005,72,1,7,1.2665132453,2,117,1,3
3,0.005,73,1,8,1.1835340710,2,117,1,3
3,0.005,74,1,10,0.9323034326,2,81,5,6
3,0.005,75,1,10,1.1004057633,2,114,2,6
3,0.005,76,1,8,1.2390151675,2,114,2,6
3,0.005,77,1,9,1.0330910732,2,114,2,6
3,0.005,78,1,11,0.9202056199,2,84,5,6
3,0.005,79,1,10,1.1676225969,2,114,2,6
3,0.005,80,1,7,0.2038511900,6,3,3,3
3,0.005,81,1,14,1.1243693876,2,111,4,3
3,0.005,82,1,9,1.1746079470,2,114,2,6
3,0.005,83,1,11,1.0525986753,2,84,4,3
3,0.005,84,1,28,1.1343235997,2,96,4,3
3,0.005,85,1,9,1.1823295191,2,114,2,6
3,0.005,86,1,9,1.0229602493,2,114,2,6
3,0.005,87,1,9,1.1565066088,2,114,2,6
3,0.005,88,1,10,0.9898942256,2,78,5,6
3,0.005,89,1,10,1.2726834434,2,114,2,6
3,0.005,90,1,16,1.0358285750,2,90,5,6
3,0.005,91,1,10,1.1719867752,2,114,2,6
3,0.005,92,1,8,0.1903053905,6,3,3,3
3,0.005,93,1,8,1.0829619755,2,114,2,6
3,0.005,94,1,24,1.0064364174,2,102,5,6
3,0.005,95,1,8,1.1155844317,2,117,1,3
3,0.005,96,1,20,0.9835538389,2,66,4,3
3,0.005,97,1,14,1.2134462342,2,111,4,3
3,0.005,98,1,10,1.2372236358,2,114,2,6
3,0.005,99,1,11,0.5919180509,2,24,5,6
5,0.005,0,1,10,1.1348898425,2,115,1,5
5,0.005,1,1,11,1.2892386360,2,110,2,10
5,0.005,2,1,11,1.1418978606,2,110,2,10
5,0.005,3,1,14,1.1713162210,2,110,2,10
5,0.005,4,1,12,1.1190527299,2,110,2,10
5,0.005,5,1,10,1.1488799931,2,115,1,5
5,0.005,6,1,12,1.1611865498,2,110,2,10
5,0.005,7,1,14,1.1195777887,2,110,2,10
5,0.005,8,1,13,1.2392031593,2,110,2,10
5,0.005,9,1,8,1.0937289218,2,115,1,5
5,0.005,10,1,7,1.0501977521,2,85,2,35
5,0.005,11,1,14,1.1653440391,2,110,2,10
5,0.005,12,1,14,1.1914728729,2,110,2,10
5,0.005,13,1,8,1.2097600973,2,115,1,5
5,0.005,14,1,12,1.2288093928,2,110,2,10
5,0.005,15,1,12,0.9869759650,2,110,2,10
5,0.005,16,1,10,1.1573057641,2,115,1,5
5,0.005,17,1,14,1.2073254919,2,110,2,10
5,0.005,18,1,7,1.1904066011,2,85,2,35
5,0.005,19,1,10,1.1589134430,2,115,1,5
5,0.005,20,1,13,1.0919290712,2,110,2,10
5,0.005,21,1,9,1.2429037876,2,115,1,5
5,0.005,22,1,14,0.9439492439,2,110,2,10
5,0.005,23,1,7,1.1000076108,2,85,2,35
5,0.005,24,1,14,1.1241293337,2,110,2,10
5,0.005,25,1,7,1.1698123129,2,85,2,35
5,0.005,26,1,14,1.0156272637,2,110,2,10
5,0.005,27,1,10,1.1896475556,2,115,1,5
5,0.005,28,1,10,1.1623537561,2,115,1,5
5,0.005,29,1,10,1.1265530264,2,115,1,5
5,0.005,30,1,14,1.0576581441,2,110,2,10
5,0.005,31,1,14,1.1302251638,2,110,2,10
5,0.005,32,1,10,1.1313353331,2,115,1,5
5,0.005,33,1,10,1.1730165908,2,115,1,5
5,0.005,34,1,10,1.1413079246,2,115,1,5
5,0.005,35,1,13,1.1628390955,2,110,2,10
5,0.005,36,1,10,1.2439516162,2,115,1,5
5,0.005,37,1,14,1.0002397804,2,110,2,10
5,0.005,38,1,10,1.1315162098,2,115,1,5
5,0.005,39,1,8,1.1601990410,2,115,1,5
5,0.005,40,1,13,1.1945262300,2,110,2,10
5,0.005,41,1,10,1.0702417752,2,115,1,5
5,0.005,42,1,12,1.0103664144,2,110,2,10
5,0.005,43,1,10,1.2438481438,2,115,1,5
5,0.005,44,1,10,1.1986004893,2,115,1,5
5,0.005,45,1,10,1.1700569135,2,115,1,5
5,0.005,46,1,10,1.0443105158,2,115,1,5
5,0.005,47,1,10,1.1555228604,2,115,1,5
5,0.005,48,1,8,1.0742269167,2,115,1,5
5,0.005,49,1,10,1.1734137256,2,115,1,5
5,0.005,50,1,14,1.1028486057,2,110,2,10
5,0.005,51,1,10,1.1570990032,2,115,1,5
5,0.005,52,1,14,0.9653153692,2,110,2,10
5,0.005,53,1,13,1.1623390104,2,110,2,10
5,0.005,54,1,10,0.9947530067,2,115,1,5
5,0.005,55,1,9,1.2629342368,2,115,1,5
5,0.005,56,1,10,1.0673853136,2,115,1,5
5,0.005,57,1,8,1.2164944181,2,115,1,5
5,0.005,58,1,12,1.0553249387,2,110,2,10
5,0.005,59,1,10,1.3054527416,2,115,1,5
5,0.005,60,1,10,1.1618514096,2,115,1,5
5,0.005,61,1,8,1.1769172823,2,115,1,5
5,0.005,62,1,13,1.0330079328,2,110,2,10
5,0.005,63,1,10,1.1308834433,2,115,1,5
5,0.005,64,1,10,1.1471388645,2,115,1,5
5,0.005,65,1,10,1.1292485033,2,115,1,5
5,0.005,66,1,10,1.1978038726,2,115,1,5
5,0.005,67,1,13,1.2778189911,2,110,2,10
5,0.005,68,1,8,1.1713222254,2,115,1,5
5,0.005,69,1,12,1.0030182982,2,110,2,10
5,0.005,70,1,10,1.0409799522,2,115,1,5
5,0.005,71,1,14,1.1388424130,2,110,2,10
5,0.005,72,1,8,1.2655828087,2,115,1,5
5,0.005,73,1,8,1.1825790816,2,115,1,5
5,0.005,74,1,14,1.0715006374,2,110,2,10
5,0.005,75,1,11,1.0493899844,2,90,2,30
5,0.005,76,1,10,1.2178319703,2,90,2,30
5,0.005,77,1,11,1.0162389933,2,90,2,30
5,0.005,78,1,14,1.0048480681,2,110,2,10
5,0.005,79,1,14,1.1584618782,2,110,2,10
5,0.005,80,1,9,1.1748855631,2,115,1,5
5,0.005,81,1,10,1.1325188098,2,115,1,5
5,0.005,82,1,12,1.1705023245,2,110,2,10
5,0.005,83,1,10,1.1950149766,2,115,1,5
5,0.005,84,1,10,1.1750231554,2,115,1,5
5,0.005,85,1,12,1.1773038129,2,110,2,10
5,0.005,86,1,12,1.0193395392,2,110,2,10
5,0.005,87,1,7,1.0392585580,2,85,2,35
5,0.005,88,1,14,1.0957660206,2,110,2,10
5,0.005,89,1,14,1.2635668494,2,110,2,10
5,0.005,90,1,14,1.1006286631,2,110,2,10
5,0.005,91,1,7,1.0913279214,2,85,2,35
5,0.005,92,1,10,1.1575718377,2,115,1,5
5,0.005,93,1,11,1.0806955505,2,110,2,10
5,0.005,94,1,14,1.0396767851,2,110,2,10
5,0.005,95,1,8,1.1146801281,2,115,1,5
5,0.005,96,1,10,1.2395550520,2,115,1,5
5,0.005,97,1,10,1.2220501282,2,115,1,5
5,0.005,98,1,14,1.2273619578,2,110,2,10
5,0.005,99,1,14,1.0796588504,2,110,2,10
10,0.005,0,1,14,1.1269570799,2,110,1,10
10,0.005,1,1,21,1.2777316509,2,100,2,20
10,0.005,2,1,21,1.1336125287,2,100,2,20
10,0.005,3,1,22,1.1439864571,2,100,2,20
10,0.005,4,1,21,1.1026200754,2,100,2,20
10,0.005,5,1,14,1.1398392688,2,110,1,10
10,0.005,6,1,21,1.1508838390,2,100,2,20
10,0.005,7,1,23,1.0920702582,2,100,2,20
10,0.005,8,1,22,1.2159277794,2,100,2,20
10,0.005,9,1,12,1.0900538475,2,110,1,10
10,0.005,10,1,11,0.8918361120,2,50,2,70
10,0.005,11,1,24,1.1308561682,2,100,2,20
10,0.005,12,1,22,1.1612244265,2,100,2,20
10,0.005,13,1,11,1.2057156849,2,110,1,10
10,0.005,14,1,51,1.1343786728,2,70,2,50
10,0.005,15,1,21,0.9857115356,2,100,2,20
10,0.005,16,1,14,1.1493351745,2,110,1,10
10,0.005,17,1,23,1.1792169465,2,100,2,20
10,0.005,18,1,11,1.0748974951,2,50,2,70
10,0.005,19,1,14,1.1486690056,2,110,1,10
10,0.005,20,1,22,1.0653488862,2,100,2,20
10,0.005,21,1,14,1.2366054005,2,110,1,10
10,0.005,22,1,23,0.9208440264,2,100,2,20
10,0.005,23,1,11,0.9285308142,2,50,2,70
10,0.005,24,1,24,1.0990546171,2,100,2,20
10,0.005,25,1,11,0.9599779966,2,50,2,70
10,0.005,26,1,23,0.9964856371,2,100,2,20
10,0.005,27,1,14,1.1819918103,2,110,1,10
10,0.005,28,1,14,1.1544416708,2,110,1,10
10,0.005,29,1,14,1.1200984310,2,110,1,10
10,0.005,30,1,23,1.0381024373,2,100,2,20
10,0.005,31,1,52,0.9622017941,2,70,2,50
10,0.005,32,1,14,1.1258317149,2,110,1,10
10,0.005,33,1,14,1.1628455701,2,110,1,10
10,0.005,34,1,13,1.1369927395,2,110,1,10
10,0.005,35,1,22,1.1452154647,2,100,2,20
10,0.005,36,1,14,1.2329759665,2,110,1,10
10,0.005,37,1,24,0.9717375859,2,100,2,20
10,0.005,38,1,14,1.1210484832,2,110,1,10
10,0.005,39,1,12,1.1560267373,2,110,1,10
10,0.005,40,1,22,1.1756458171,2,100,2,20
10,0.005,41,1,14,1.0608421199,2,110,1,10
10,0.005,42,1,21,0.9952823359,2,100,2,20
10,0.005,43,1,14,1.2341842050,2,110,1,10
10,0.005,44,1,14,1.1873642847,2,110,1,10
10,0.005,45,1,14,1.1594123088,2,110,1,10
10,0.005,46,1,14,1.0346376406,2,110,1,10
10,0.005,47,1,14,1.1453085654,2,110,1,10
10,0.005,48,1,12,1.0733391515,2,110,1,10
10,0.005,49,1,14,1.1677412989,2,110,1,10
10,0.005,50,1,23,1.0784522594,2,100,2,20
10,0.005,51,1,14,1.1468056579,2,110,1,10
10,0.005,52,1,24,0.9353898695,2,100,2,20
10,0.005,53,1,22,1.1347034253,2,100,2,20
10,0.005,54,1,14,0.9856039540,2,110,1,10
10,0.005,55,1,14,1.2518793829,2,110,1,10
10,0.005,56,1,14,1.0599642885,2,110,1,10
10,0.005,57,1,12,1.2123043926,2,110,1,10
10,0.005,58,1,21,1.0438470979,2,100,2,20
10,0.005,59,1,14,1.2939376928,2,110,1,10
10,0.005,60,1,14,1.1518956543,2,110,1,10
10,0.005,61,1,11,1.1757976344,2,110,1,10
10,0.005,62,1,22,1.0172187057,2,100,2,20
10,0.005,63,1,14,1.1203081299,2,110,1,10
10,0.005,64,1,14,1.1398545471,2,110,1,10
10,0.005,65,1,14,1.1194755318,2,110,1,10
10,0.005,66,1,14,1.1878355901,2,110,1,10
10,0.005,67,1,15,1.1869269869,2,70,2,50
10,0.005,68,1,11,1.1672979442,2,110,1,10
10,0.005,69,1,21,0.9946141335,2,100,2,20
10,0.005,70,1,14,1.0343853353,2,110,1,10
10,0.005,71,1,23,1.1119019183,2,100,2,20
10,0.005,72,1,11,1.2614778994,2,110,1,10
10,0.005,73,1,11,1.1785845779,2,110,1,10
10,0.005,74,1,24,1.0393198561,2,100,2,20
10,0.005,75,1,11,0.9148128337,2,60,2,60
10,0.005,76,1,11,1.1703053632,2,60,2,60
10,0.005,77,1,11,0.9609534562,2,60,2,60
10,0.005,78,1,23,0.9780186077,2,100,2,20
10,0.005,79,1,23,1.1254597639,2,100,2,20
10,0.005,80,1,13,1.1702813237,2,110,1,10
10,0.005,81,1,14,1.1235693426,2,110,1,10
10,0.005,82,1,21,1.1550871122,2,100,2,20
10,0.005,83,1,14,1.1841926364,2,110,1,10
10,0.005,84,1,13,1.1695180779,2,110,1,10
10,0.005,85,1,21,1.1577315934,2,100,2,20
10,0.005,86,1,21,1.0087845027,2,100,2,20
10,0.005,87,1,11,0.7769592864,2,50,2,70
10,0.005,88,1,23,1.0657630483,2,100,2,20
10,0.005,89,1,23,1.2332746708,2,100,2,20
10,0.005,90,1,23,1.0704871105,2,100,2,20
10,0.005,91,1,11,0.8915361259,2,50,2,70
10,0.005,92,1,14,1.1486657755,2,110,1,10
10,0.005,93,1,21,1.0736245582,2,100,2,20
10,0.005,94,1,23,1.0094446624,2,100,2,20
10,0.005,95,1,11,1.1110012318,2,110,1,10
10,0.005,96,1,14,1.2294980051,2,110,1,10
10,0.005,97,1,14,1.2130939181,2,110,1,10
10,0.005,98,1,53,1.0117708296,2,70,2,50
10,0.005,99,1,23,1.0529103761,2,100,2,20
15,0.005,0,1,19,1.1160277075,2,105,1,15
15,0.005,1,1,31,1.2619585181,2,90,2,30
15,0.005,2,1,31,1.1210484153,2,90,2,30
15,0.005,3,1,31,1.1099515955,2,90,2,30
15,0.005,4,1,31,1.0798882666,2,90,2,30
15,0.005,5,1,18,1.1278347737,2,105,1,15
15,0.005,6,1,31,1.1367330998,2,90,2,30
15,0.005,7,1,32,1.0580265158,2,90,2,30
15,0.005,8,1,31,1.1880467318,2,90,2,30
15,0.005,9,1,16,1.0848822363,2,105,1,15
15,0.005,10,1,16,0.7429599495,2,30,2,90
15,0.005,11,1,33,1.0865509296,2,90,2,30
15,0.005,12,1,32,1.1219818816,2,90,2,30
15,0.005,13,1,16,1.1995895311,2,105,1,15
15,0.005,14,1,24,1.0032293878,2,45,2,75
15,0.005,15,1,31,0.9835795769,2,90,2,30
15,0.005,16,1,18,1.1395095184,2,105,1,15
15,0.005,17,1,33,1.1398987819,2,90,2,30
15,0.005,18,1,16,0.9616718431,2,30,2,90
15,0.005,19,1,19,1.1353694105,2,105,1,15
15,0.005,20,1,47,0.9668400336,2,75,2,45
15,0.005,21,1,18,1.2273043641,2,105,1,15
15,0.005,22,1,32,0.8897483477,2,90,2,30
15,0.005,23,1,16,0.7619998928,2,30,2,90
15,0.005,24,1,33,1.0652130646,2,90,2,30
15,0.005,25,1,16,0.7438403092,2,30,2,90
15,0.005,26,1,33,0.9710349498,2,90,2,30
15,0.005,27,1,18,1.1723604638,2,105,1,15
15,0.005,28,1,19,1.1436811671,2,105,1,15
15,0.005,29,1,18,1.1122046429,2,105,1,15
15,0.005,30,1,33,1.0120414305,2,90,2,30
15,0.005,31,1,24,0.7788735400,2,45,2,75
15,0.005,32,1,18,1.1178937208,2,105,1,15
15,0.005,33,1,19,1.1500600565,2,105,1,15
15,0.005,34,1,18,1.1318595223,2,105,1,15
15,0.005,35,1,31,1.1229742115,2,90,2,30
15,0.005,36,1,18,1.2182319135,2,105,1,15
15,0.005,37,1,33,0.9358003198,2,90,2,30
15,0.005,38,1,19,1.1068807108,2,105,1,15
15,0.005,39,1,16,1.1500345235,2,105,1,15
15,0.005,40,1,31,1.1512192127,2,90,2,30
15,0.005,41,1,19,1.0472561222,2,105,1,15
15,0.005,42,1,31,0.9756493834,2,90,2,30
15,0.005,43,1,18,1.2209105151,2,105,1,15
15,0.005,44,1,19,1.1718537935,2,105,1,15
15,0.005,45,1,19,1.1439819888,2,105,1,15
15,0.005,46,1,19,1.0207338739,2,105,1,15
15,0.005,47,1,19,1.1319606217,2,105,1,15
15,0.005,48,1,16,1.0713065401,2,105,1,15
15,0.005,49,1,18,1.1596561715,2,105,1,15
15,0.005,50,1,32,1.0471264769,2,90,2,30
15,0.005,51,1,19,1.1319000280,2,105,1,15
15,0.005,52,1,34,0.8969961539,2,90,2,30
15,0.005,53,1,32,1.0984159589,2,90,2,30
15,0.005,54,1,19,0.9726286246,2,105,1,15
15,0.005,55,1,19,1.2356741378,2,105,1,15
15,0.005,56,1,19,1.0498081932,2,105,1,15
15,0.005,57,1,16,1.2061909697,2,105,1,15
15,0.005,58,1,61,0.9689672277,2,60,2,60
15,0.005,59,1,19,1.2787864958,2,105,1,15
15,0.005,60,1,19,1.1388467032,2,105,1,15
15,0.005,61,1,16,1.1732497048,2,105,1,15
15,0.005,62,1,61,0.9146492160,2,60,2,60
15,0.005,63,1,19,1.1051266445,2,105,1,15
15,0.005,64,1,19,1.1304916896,2,105,1,15
15,0.005,65,1,18,1.1064028984,2,105,1,15
15,0.005,66,1,18,1.1744203534,2,105,1,15
15,0.005,67,1,17,1.0651904000,2,45,2,75
15,0.005,68,1,16,1.1613174959,2,105,1,15
15,0.005,69,1,46,0.9679302877,2,75,2,45
15,0.005,70,1,19,1.0258221277,2,105,1,15
15,0.005,71,1,48,1.0099799223,2,75,2,45
15,0.005,72,1,16,1.2553931806,2,105,1,15
15,0.005,73,1,16,1.1726968871,2,105,1,15
15,0.005,74,1,33,0.9967431054,2,90,2,30
15,0.005,75,1,16,0.6548274354,2,30,2,90
15,0.005,76,1,16,1.0832126406,2,30,2,90
15,0.005,77,1,16,0.8338505345,2,30,2,90
15,0.005,78,1,26,0.6836595774,2,45,2,75
15,0.005,79,1,25,0.7833489754,2,45,2,75
15,0.005,80,1,18,1.1645664958,2,105,1,15
15,0.005,81,1,18,1.1124372432,2,105,1,15
15,0.005,82,1,31,1.1335041614,2,90,2,30
15,0.005,83,1,19,1.1690511120,2,105,1,15
15,0.005,84,1,18,1.1628848416,2,105,1,15
15,0.005,85,1,31,1.1301880171,2,90,2,30
15,0.005,86,1,31,0.9971144161,2,90,2,30
15,0.005,87,1,16,0.5496778193,3,30,2,90
15,0.005,88,1,33,1.0270976272,2,90,2,30
15,0.005,89,1,32,1.1943839756,2,90,2,30
15,0.005,90,1,33,1.0312547800,2,90,2,30
15,0.005,91,1,16,0.7029965783,2,30,2,90
15,0.005,92,1,18,1.1374932962,2,105,1,15
15,0.005,93,1,31,1.0639040827,2,90,2,30
15,0.005,94,1,18,0.7926184687,2,60,2,60
15,0.005,95,1,16,1.1057838284,2,105,1,15
15,0.005,96,1,19,1.2157035124,2,105,1,15
15,0.005,97,1,19,1.2010442621,2,105,1,15
15,0.005,98,1,19,0.7815645184,2,45,2,75
15,0.005,99,1,61,0.9026643809,2,60,2,60
20,0.005,0,1,24,1.1025883390,2,100,1,20
20,0.005,1,1,41,1.2425611227,2,80,2,40
20,0.005,2,1,41,1.1050876369,2,80,2,40
20,0.005,3,1,41,1.0689518531,2,80,2,40
20,0.005,4,1,41,1.0515607134,2,80,2,40
20,0.005,5,1,22,1.1139925767,2,100,1,20
20,0.005,6,1,41,1.1186707463,2,80,2,40
20,0.005,7,1,42,1.0174684955,2,80,2,40
20,0.005,8,1,41,1.1548292586,2,80,2,40
20,0.005,9,1,21,1.0782780835,2,100,1,20
20,0.005,10,1,21,0.2244070255,9,0,1,
20,0.005,11,1,43,1.0322788852,2,80,2,40
20,0.005,12,1,41,1.0737507803,2,80,2,40
20,0.005,13,1,21,1.1913621996,2,100,1,20
20,0.005,14,1,27,0.7536424723,2,20,2,100
20,0.005,15,1,41,0.9801054997,2,80,2,40
20,0.005,16,1,22,1.1283564011,2,100,1,20
20,0.005,17,1,43,1.0888943703,2,80,2,40
20,0.005,18,1,21,0.2237253502,9,0,1,
20,0.005,19,1,24,1.1195843707,2,100,1,20
20,0.005,20,1,23,0.8886198628,2,60,2,60
20,0.005,21,1,23,1.2153573822,2,100,1,20
20,0.005,22,1,42,0.8504555142,2,80,2,40
20,0.005,23,1,21,0.2272259477,9,0,1,
20,0.005,24,1,43,1.0219919702,2,80,2,40
20,0.005,25,1,21,0.2314605258,9,0,1,
20,0.005,26,1,42,0.9395492214,2,80,2,40
20,0.005,27,1,22,1.1612420439,2,100,1,20
20,0.005,28,1,24,1.1307176871,2,100,1,20
20,0.005,29,1,22,1.1032557331,2,100,1,20
20,0.005,30,1,43,0.9792680179,2,80,2,40
20,0.005,31,1,27,0.4779775181,4,20,2,100
20,0.005,32,1,23,1.1079645771,2,100,1,20
20,0.005,33,1,23,1.1353114369,2,100,1,20
20,0.005,34,1,22,1.1262811238,2,100,1,20
20,0.005,35,1,41,1.0957854597,2,80,2,40
20,0.005,36,1,23,1.2014173784,2,100,1,20
20,0.005,37,1,43,0.8920921199,2,80,2,40
20,0.005,38,1,23,1.0900417713,2,100,1,20
20,0.005,39,1,21,1.1425624360,2,100,1,20
20,0.005,40,1,41,1.1208864516,2,80,2,40
20,0.005,41,1,24,1.0307431759,2,100,1,20
20,0.005,42,1,41,0.9519129851,2,80,2,40
20,0.005,43,1,23,1.2048744828,2,100,1,20
20,0.005,44,1,24,1.1540253129,2,100,1,20
20,0.005,45,1,23,1.1255816213,2,100,1,20
20,0.005,46,1,24,1.0038802610,2,100,1,20
20,0.005,47,1,23,1.1163476130,2,100,1,20
20,0.005,48,1,21,1.0681029718,2,100,1,20
20,0.005,49,1,23,1.1496931544,2,100,1,20
20,0.005,50,1,41,1.0086104627,2,80,2,40
20,0.005,51,1,23,1.1137694426,2,100,1,20
20,0.005,52,1,44,0.8499642292,2,80,2,40
20,0.005,53,1,82,0.7650445655,2,40,2,80
20,0.005,54,1,24,0.9576175493,2,100,1,20
20,0.005,55,1,23,1.2158850478,2,100,1,20
20,0.005,56,1,24,1.0374066057,2,100,1,20
20,0.005,57,1,21,1.1983836235,2,100,1,20
20,0.005,58,1,22,0.8890927064,2,40,2,80
20,0.005,59,1,23,1.2606394270,2,100,1,20
20,0.005,60,1,23,1.1231707012,2,100,1,20
20,0.005,61,1,21,1.1692595303,2,100,1,20
20,0.005,62,1,23,0.8270945792,2,40,2,80
20,0.005,63,1,24,1.0873588616,2,100,1,20
20,0.005,64,1,23,1.1196779271,2,100,1,20
20,0.005,65,1,22,1.0911929095,2,100,1,20
20,0.005,66,1,22,1.1587467864,2,100,1,20
20,0.005,67,1,21,0.7827077725,2,20,2,100
20,0.005,68,1,21,1.1532898611,2,100,1,20
20,0.005,69,1,23,0.9374773254,2,60,2,60
20,0.005,70,1,24,1.0157383542,2,100,1,20
20,0.005,71,1,23,0.7349615997,2,40,2,80
20,0.005,72,1,21,1.2474273977,2,100,1,20
20,0.005,73,1,21,1.1649854836,2,100,1,20
20,0.005,74,1,43,0.9451125230,2,80,2,40
20,0.005,75,1,21,0.4882944200,3,20,2,100
20,0.005,76,1,21,1.0054597022,2,20,2,100
20,0.005,77,1,21,0.7319387891,2,20,2,100
20,0.005,78,1,28,0.6413366620,2,40,2,80
20,0.005,79,1,27,0.4673673194,4,20,2,100
20,0.005,80,1,22,1.1581981393,2,100,1,20
20,0.005,81,1,22,1.1001661285,2,100,1,20
20,0.005,82,1,41,1.1052705844,2,80,2,40
20,0.005,83,1,23,1.1506097463,2,100,1,20
20,0.005,84,1,22,1.1556033934,2,100,1,20
20,0.005,85,1,41,1.0949707800,2,80,2,40
20,0.005,86,1,41,0.9847411234,2,80,2,40
20,0.005,87,1,21,0.2241320101,9,0,1,
20,0.005,88,1,81,0.6894160947,2,40,2,80
20,0.005,89,1,42,1.1462469593,2,80,2,40
20,0.005,90,1,81,0.6919860915,2,40,2,80
20,0.005,91,1,21,0.2233196253,9,0,1,
20,0.005,92,1,22,1.1247786182,2,100,1,20
20,0.005,93,1,41,1.0515024129,2,80,2,40
20,0.005,94,1,21,0.6181062583,2,40,2,80
20,0.005,95,1,21,1.0989793611,2,100,1,20
20,0.005,96,1,23,1.1988721006,2,100,1,20
20,0.005,97,1,23,1.1865247137,2,100,1,20
20,0.005,98,1,22,0.4259484783,6,20,2,100
20,0.005,99,1,23,0.7863619995,2,40,2,80
30,0.005,0,1,33,1.0686932035,2,90,1,30
30,0.005,1,1,61,1.1924493718,2,60,2,60
30,0.005,2,1,61,1.0623197313,2,60,2,60
30,0.005,3,1,61,0.9656275029,2,60,2,60
30,0.005,4,1,61,0.9764174105,2,60,2,60
30,0.005,5,1,31,1.0831246975,2,90,1,30
30,0.005,6,1,61,1.0670855728,2,60,2,60
30,0.005,7,1,61,0.9150127318,2,60,2,60
30,0.005,8,1,61,1.0680046702,2,60,2,60
30,0.005,9,1,31,1.0612031073,2,90,1,30
30,0.005,10,1,31,0.3444002499,9,0,1,
30,0.005,11,1,63,0.8942900904,2,60,2,60
30,0.005,12,1,45,0.0122124710,9,0,1,
30,0.005,13,1,31,1.1696421328,2,90,1,30
30,0.005,14,1,36,0.0512184800,9,0,1,
30,0.005,15,1,61,0.9675738436,2,60,2,60
30,0.005,16,1,31,1.1022252293,2,90,1,30
30,0.005,17,1,63,0.9500473435,2,60,2,60
30,0.005,18,1,31,0.3431244809,9,0,1,
30,0.005,19,1,33,1.0810101108,2,90,1,30
30,0.005,20,1,31,0.6563015140,2,30,2,90
30,0.005,21,1,33,1.1843873258,2,90,1,30
30,0.005,22,1,62,0.7468722482,2,60,2,60
30,0.005,23,1,31,0.3549140679,9,0,1,
30,0.005,24,1,63,0.9024708404,2,60,2,60
30,0.005,25,1,31,0.3597056244,9,0,1,
30,0.005,26,1,61,0.8572470736,2,60,2,60
30,0.005,27,1,31,1.1346180762,2,90,1,30
30,0.005,28,1,33,1.0985354171,2,90,1,30
30,0.005,29,1,31,1.0823126558,2,90,1,30
30,0.005,30,1,35,0.6636039318,2,30,2,90
30,0.005,31,1,35,0.0563240398,9,0,1,
30,0.005,32,1,33,1.0825707454,2,90,1,30
30,0.005,33,1,33,1.1008810477,2,90,1,30
30,0.005,34,1,31,1.1139897848,2,90,1,30
30,0.005,35,1,61,1.0228478480,2,60,2,60
30,0.005,36,1,33,1.1623422624,2,90,1,30
30,0.005,37,1,92,0.5284030334,3,30,2,90
30,0.005,38,1,33,1.0493761447,2,90,1,30
30,0.005,39,1,31,1.1241673135,2,90,1,30
30,0.005,40,1,35,0.8027116900,2,30,2,90
30,0.005,41,1,33,0.9908765081,2,90,1,30
30,0.005,42,1,61,0.8920301255,2,60,2,60
30,0.005,43,1,33,1.1655197262,2,90,1,30
30,0.005,44,1,33,1.1110114420,2,90,1,30
30,0.005,45,1,33,1.0801513548,2,90,1,30
30,0.005,46,1,33,0.9630867700,2,90,1,30
30,0.005,47,1,33,1.0793151433,2,90,1,30
30,0.005,48,1,31,1.0588751621,2,90,1,30
30,0.005,49,1,32,1.1251362038,2,90,1,30
30,0.005,50,1,61,0.9066480553,2,60,2,60
30,0.005,51,1,33,1.0703792149,2,90,1,30
30,0.005,52,1,63,0.7311383170,2,60,2,60
30,0.005,53,1,42,0.0206520884,9,0,1,
30,0.005,54,1,34,0.9212980035,2,90,1,30
30,0.005,55,1,33,1.1677617952,2,90,1,30
30,0.005,56,1,33,1.0061997470,2,90,1,30
30,0.005,57,1,31,1.1782582183,2,90,1,30
30,0.005,58,1,31,0.0669184934,9,0,1,
30,0.005,59,1,33,1.2162049604,2,90,1,30
30,0.005,60,1,33,1.0843886387,2,90,1,30
30,0.005,61,1,31,1.1578531391,2,90,1,30
30,0.005,62,1,31,0.0411252580,9,0,1,
30,0.005,63,1,33,1.0453670597,2,90,1,30
30,0.005,64,1,33,1.0940167025,2,90,1,30
30,0.005,65,1,31,1.0572269683,2,90,1,30
30,0.005,66,1,31,1.1236202829,2,90,1,30
30,0.005,67,1,31,0.1643949013,9,0,1,
30,0.005,68,1,31,1.1322909122,2,90,1,30
30,0.005,69,1,31,0.8128356257,2,30,2,90
30,0.005,70,1,33,0.9912310760,2,90,1,30
30,0.005,71,1,31,0.0441978996,9,0,1,
30,0.005,72,1,31,1.2269437301,2,90,1,30
30,0.005,73,1,31,1.1449738397,2,90,1,30
30,0.005,74,1,63,0.8159254004,2,60,2,60
30,0.005,75,1,31,0.1949789071,9,0,1,
30,0.005,76,1,31,0.1987231382,9,0,1,
30,0.005,77,1,31,0.1761823977,9,0,1,
30,0.005,78,1,36,0.0410457836,9,0,1,
30,0.005,79,1,36,0.0517715392,9,0,1,
30,0.005,80,1,31,1.1438333259,2,90,1,30
30,0.005,81,1,31,1.0727785338,2,90,1,30
30,0.005,82,1,33,0.8358075249,2,30,2,90
30,0.005,83,1,33,1.1048529076,2,90,1,30
30,0.005,84,1,31,1.1394035879,2,90,1,30
30,0.005,85,1,61,1.0007054764,2,60,2,60
30,0.005,86,1,34,0.9300342057,2,30,2,90
30,0.005,87,1,31,0.3440387352,9,0,1,
30,0.005,88,1,43,0.0205277349,9,0,1,
30,0.005,89,1,61,1.0188962854,2,60,2,60
30,0.005,90,1,42,0.0214847140,9,0,1,
30,0.005,91,1,31,0.3408788196,9,0,1,
30,0.005,92,1,31,1.0949955125,2,90,1,30
30,0.005,93,1,61,1.0180894383,2,60,2,60
30,0.005,94,1,31,0.0942117092,9,0,1,
30,0.005,95,1,31,1.0812975190,2,90,1,30
30,0.005,96,1,33,1.1569173535,2,90,1,30
30,0.005,97,1,33,1.1503853411,2,90,1,30
30,0.005,98,1,31,0.1093559193,9,0,1,
30,0.005,99,1,31,0.0482040893,9,0,1,
40,0.005,0,1,43,1.0245827032,2,80,1,40
40,0.005,1,0,,0.0074405176,9,0,1,
40,0.005,2,1,81,0.9966656747,2,40,2,80
40,0.005,3,1,81,0.8261897797,2,40,2,80
40,0.005,4,1,81,0.8772352893,2,40,2,80
40,0.005,5,1,41,1.0471449635,2,80,1,40
40,0.005,6,1,81,0.9821287165,2,40,2,80
40,0.005,7,1,81,0.7733953280,2,40,2,80
40,0.005,8,1,81,0.9412039153,2,40,2,80
40,0.005,9,1,41,1.0385403355,2,80,1,40
40,0.005,10,1,41,0.4416963404,7,0,1,
40,0.005,11,1,83,0.7045477408,2,40,2,80
40,0.005,12,1,43,0.0255868404,9,0,1,
40,0.005,13,1,41,1.1410655347,2,80,1,40
40,0.005,14,1,45,0.0690373117,9,0,1,
40,0.005,15,1,81,0.9414821386,2,40,2,80
40,0.005,16,1,41,1.0698211836,2,80,1,40
40,0.005,17,1,64,0.0105045813,9,0,1,
40,0.005,18,1,41,0.4399483198,7,0,1,
40,0.005,19,1,43,1.0319704760,2,80,1,40
40,0.005,20,1,41,0.0649283420,9,0,1,
40,0.005,21,1,43,1.1436853169,2,80,1,40
40,0.005,22,1,82,0.5988340124,2,40,2,80
40,0.005,23,1,41,0.4632149116,7,0,1,
40,0.005,24,1,83,0.7198829804,2,40,2,80
40,0.005,25,1,41,0.4675562569,6,0,1,
40,0.005,26,0,,0.0079039751,9,0,1,
40,0.005,27,1,41,1.1010606681,2,80,1,40
40,0.005,28,1,43,1.0570740535,2,80,1,40
40,0.005,29,1,41,1.0561732343,2,80,1,40
40,0.005,30,1,42,0.0302941679,9,0,1,
40,0.005,31,1,45,0.0772699165,9,0,1,
40,0.005,32,1,43,1.0490726186,2,80,1,40
40,0.005,33,1,42,1.0591779113,2,80,1,40
40,0.005,34,1,41,1.0993721931,2,80,1,40
40,0.005,35,0,,0.0076798983,9,0,1,
40,0.005,36,1,42,1.1158479199,2,80,1,40
40,0.005,37,1,44,0.0235995137,9,0,1,
40,0.005,38,1,42,0.9990439255,2,80,1,40
40,0.005,39,1,41,1.1010296314,2,80,1,40
40,0.005,40,1,42,0.0283974384,9,0,1,
40,0.005,41,1,43,0.9411710271,2,80,1,40
40,0.005,42,1,44,0.0107129337,9,0,1,
40,0.005,43,1,42,1.1164660318,2,80,1,40
40,0.005,44,1,43,1.0571633532,2,80,1,40
40,0.005,45,1,43,1.0230788524,2,80,1,40
40,0.005,46,1,43,0.9124491198,2,80,1,40
40,0.005,47,1,42,1.0341036527,2,80,1,40
40,0.005,48,1,41,1.0468484952,2,80,1,40
40,0.005,49,1,42,1.0940748155,2,80,1,40
40,0.005,50,0,,0.0085445832,9,0,1,
40,0.005,51,1,42,1.0188131615,2,80,1,40
40,0.005,52,1,83,0.5678045994,2,40,2,80
40,0.005,53,1,49,0.0352717354,9,0,1,
40,0.005,54,1,43,0.8759636338,2,80,1,40
40,0.005,55,1,43,1.1084702537,2,80,1,40
40,0.005,56,1,43,0.9659543243,2,80,1,40
40,0.005,57,1,41,1.1517639920,2,80,1,40
40,0.005,58,1,41,0.1173252821,9,0,1,
40,0.005,59,1,43,1.1605898794,2,80,1,40
40,0.005,60,1,43,1.0348121951,2,80,1,40
40,0.005,61,1,41,1.1428379491,2,80,1,40
40,0.005,62,1,41,0.0670411568,9,0,1,
40,0.005,63,1,43,0.9937516142,2,80,1,40
40,0.005,64,1,42,1.0622760783,2,80,1,40
40,0.005,65,1,41,1.0171218258,2,80,1,40
40,0.005,66,1,41,1.0825300189,2,80,1,40
40,0.005,67,1,41,0.2417250119,8,0,1,
40,0.005,68,1,41,1.1054064896,2,80,1,40
40,0.005,69,1,41,0.0589035594,9,0,1,
40,0.005,70,1,43,0.9598953690,2,80,1,40
40,0.005,71,1,41,0.0708416431,9,0,1,
40,0.005,72,1,41,1.2011023311,2,80,1,40
40,0.005,73,1,41,1.1187732051,2,80,1,40
40,0.005,74,1,83,0.6432553688,2,40,2,80
40,0.005,75,1,41,0.2558349917,8,0,1,
40,0.005,76,1,41,0.2647773099,8,0,1,
40,0.005,77,1,41,0.2283658382,9,0,1,
40,0.005,78,1,45,0.0577158228,9,0,1,
40,0.005,79,1,45,0.0722108980,9,0,1,
40,0.005,80,1,41,1.1266914426,2,80,1,40
40,0.005,81,1,41,1.0405387672,2,80,1,40
40,0.005,82,1,41,0.0389854623,9,0,1,
40,0.005,83,1,43,1.0478056484,2,80,1,40
40,0.005,84,1,41,1.1202099002,2,80,1,40
40,0.005,85,1,81,0.8710800116,2,40,2,80
40,0.005,86,1,41,0.0332452503,9,0,1,
40,0.005,87,1,41,0.4409516268,7,0,1,
40,0.005,88,1,49,0.0362327525,9,0,1,
40,0.005,89,1,81,0.8357032402,2,40,2,80
40,0.005,90,1,49,0.0363980965,9,0,1,
40,0.005,91,1,41,0.4347628946,7,0,1,
40,0.005,92,1,41,1.0584102871,2,80,1,40
40,0.005,93,1,81,0.9729255189,2,40,2,80
40,0.005,94,1,41,0.1533636797,9,0,1,
40,0.005,95,1,41,1.0580563900,2,80,1,40
40,0.005,96,1,43,1.1034685760,2,80,1,40
40,0.005,97,1,43,1.1042430323,2,80,1,40
40,0.005,98,1,41,0.1715601561,9,0,1,
40,0.005,99,1,41,0.0775494453,9,0,1,
60,0.005,0,1,63,0.9024240316,2,60,1,60
60,0.005,1,1,76,0.0184129307,9,0,1,
60,0.005,2,0,,0.0040323296,9,0,1,
60,0.005,3,0,,0.0030019635,9,0,1,
60,0.005,4,0,,0.0000000000,9,0,1,
60,0.005,5,1,61,0.9563865600,2,60,1,60
60,0.005,6,0,,0.0000000000,9,0,1,
60,0.005,7,0,,0.0077476073,9,0,1,
60,0.005,8,0,,0.0000000000,9,0,1,
60,0.005,9,1,61,0.9731158821,2,60,1,60
60,0.005,10,1,61,0.5848133979,5,0,1,
60,0.005,11,1,63,0.0150271066,9,0,1,
60,0.005,12,1,61,0.0524943321,8,0,1,
60,0.005,13,1,61,1.0608867884,2,60,1,60
60,0.005,14,1,64,0.0949842593,8,0,1,
60,0.005,15,0,,0.0000000000,9,0,1,
60,0.005,16,1,61,0.9804523226,2,60,1,60
60,0.005,17,1,70,0.0275813114,8,0,1,
60,0.005,18,1,61,0.5825476216,5,0,1,
60,0.005,19,1,63,0.8994508561,2,60,1,60
60,0.005,20,1,61,0.1109194441,9,0,1,
60,0.005,21,1,62,1.0318961821,2,60,1,60
60,0.005,22,0,,0.0008604019,9,0,1,
60,0.005,23,1,61,0.6313617586,4,0,1,
60,0.005,24,1,64,0.0105615479,9,0,1,
60,0.005,25,1,61,0.6334135793,4,0,1,
60,0.005,26,1,66,0.0181864012,9,0,1,
60,0.005,27,1,61,1.0079924040,2,60,1,60
60,0.005,28,1,63,0.9414022939,2,60,1,60
60,0.005,29,1,61,0.9818162142,2,60,1,60
60,0.005,30,1,61,0.0816794723,9,0,1,
60,0.005,31,1,64,0.1104805729,8,0,1,
60,0.005,32,1,63,0.9535266691,2,60,1,60
60,0.005,33,1,61,0.9509795865,2,60,1,60
60,0.005,34,1,61,1.0589334637,2,60,1,60
60,0.005,35,1,69,0.0208376626,9,0,1,
60,0.005,36,1,61,0.9987523341,2,60,1,60
60,0.005,37,1,62,0.0541403642,9,0,1,
60,0.005,38,1,61,0.8703469568,2,60,1,60
60,0.005,39,1,61,1.0385488735,2,60,1,60
60,0.005,40,1,61,0.0747409114,9,0,1,
60,0.005,41,1,63,0.8149750497,2,60,1,60
60,0.005,42,1,61,0.0400001478,9,0,1,
60,0.005,43,1,61,0.9878467321,2,60,1,60
60,0.005,44,1,63,0.9162224445,2,60,1,60
60,0.005,45,1,63,0.8779862979,2,60,1,60
60,0.005,46,1,63,0.7835839440,2,60,1,60
60,0.005,47,1,62,0.9169506320,2,60,1,60
60,0.005,48,1,61,1.0111704535,2,60,1,60
60,0.005,49,1,61,1.0086417553,2,60,1,60
60,0.005,50,1,66,0.0266792351,9,0,1,
60,0.005,51,1,61,0.8937829781,2,60,1,60
60,0.005,52,0,,0.0000000000,9,0,1,
60,0.005,53,1,67,0.0599278096,8,0,1,
60,0.005,54,1,63,0.7580775522,2,60,1,60
60,0.005,55,1,63,0.9571040279,2,60,1,60
60,0.005,56,1,63,0.8551572337,2,60,1,60
60,0.005,57,1,61,1.0759034968,2,60,1,60
60,0.005,58,1,61,0.2172060101,8,0,1,
60,0.005,59,1,63,1.0126440196,2,60,1,60
60,0.005,60,1,63,0.9019201822,2,60,1,60
60,0.005,61,1,61,1.0985315039,2,60,1,60
60,0.005,62,1,61,0.1136029362,8,0,1,
60,0.005,63,1,63,0.8624072751,2,60,1,60
60,0.005,64,1,62,0.9755646309,2,60,1,60
60,0.005,65,1,61,0.9179651976,2,60,1,60
60,0.005,66,1,61,0.9830650671,2,60,1,60
60,0.005,67,1,61,0.3704080669,7,0,1,
60,0.005,68,1,61,1.0315858727,2,60,1,60
60,0.005,69,1,61,0.1008269155,9,0,1,
60,0.005,70,1,63,0.8709816671,2,60,1,60
60,0.005,71,1,61,0.1178654598,8,0,1,
60,0.005,72,1,61,1.1314816410,2,60,1,60
60,0.005,73,1,61,1.0455368967,2,60,1,60
60,0.005,74,0,,0.0000000000,9,0,1,
60,0.005,75,1,61,0.3481644312,5,0,1,
60,0.005,76,1,61,0.3753622453,6,0,1,
60,0.005,77,1,61,0.3059590203,8,0,1,
60,0.005,78,1,64,0.0866676133,8,0,1,
60,0.005,79,1,65,0.1038743415,8,0,1,
60,0.005,80,1,61,1.0803879458,2,60,1,60
60,0.005,81,1,61,0.9574202715,2,60,1,60
60,0.005,82,1,61,0.0982504388,9,0,1,
60,0.005,83,1,63,0.9030827180,2,60,1,60
60,0.005,84,1,61,1.0685742568,2,60,1,60
60,0.005,85,0,,0.0000000000,9,0,1,
60,0.005,86,1,61,0.0872739873,9,0,1,
60,0.005,87,1,61,0.5827096558,5,0,1,
60,0.005,88,1,65,0.0652963917,8,0,1,
60,0.005,89,0,,0.0000000000,9,0,1,
60,0.005,90,1,67,0.0614758323,8,0,1,
60,0.005,91,1,61,0.5701250564,5,0,1,
60,0.005,92,1,61,0.9625603285,2,60,1,60
60,0.005,93,0,,0.0071967372,9,0,1,
60,0.005,94,1,61,0.2630282019,6,0,1,
60,0.005,95,1,61,0.9921108148,2,60,1,60
60,0.005,96,1,63,0.9605801787,2,60,1,60
60,0.005,97,1,62,0.9771719425,2,60,1,60
60,0.005,98,1,61,0.2859474447,8,0,1,
60,0.005,99,1,61,0.1287317139,8,0,1,
1,0.02,0,1,14,0.0717108396,6,8,24,2
1,0.02,1,1,14,1.2738793853,2,109,16,1
1,0.02,2,1,8,1.1407742176,2,113,10,1
1,0.02,3,1,17,1.1552330271,2,107,19,1
1,0.02,4,1,11,1.1119277259,2,111,13,1
1,0.02,5,1,12,1.1315407235,2,110,14,2
1,0.02,6,1,14,1.1469393259,2,109,16,1
1,0.02,7,1,17,1.0981024329,2,106,20,2
1,0.02,8,1,13,1.2279259828,2,109,16,1
1,0.02,9,1,10,1.0425034424,2,88,13,1
1,0.02,10,1,11,1.0267120902,2,83,14,2
1,0.02,11,1,10,0.5136952886,3,30,17,2
1,0.02,12,1,9,1.0800037377,2,84,13,1
1,0.02,13,1,11,1.1921117583,2,109,16,1
1,0.02,14,1,14,1.2168756083,2,109,16,1
1,0.02,15,1,12,0.9865016279,2,110,14,2
1,0.02,16,1,14,1.1448168832,2,109,16,1
1,0.02,17,1,10,0.1192443823,7,6,18,2
1,0.02,18,1,9,1.1799619042,2,91,13,1
1,0.02,19,1,9,1.1532144192,2,112,11,2
1,0.02,20,1,11,1.0940943746,2,111,13,1
1,0.02,21,1,15,1.2145649127,2,107,19,1
1,0.02,22,1,14,0.9414627869,2,109,16,1
1,0.02,23,1,10,1.1060806764,2,90,11,2
1,0.02,24,1,11,0.6738319269,2,40,16,1
1,0.02,25,1,10,0.7686364763,3,4,13,2
1,0.02,26,1,12,1.0056940129,2,109,16,1
1,0.02,27,1,12,0.9190932716,2,55,19,1
1,0.02,28,1,17,1.1361510676,2,107,19,1
1,0.02,29,1,15,1.1032599313,2,106,20,2
1,0.02,30,1,10,1.0510753906,2,110,14,2
1,0.02,31,1,17,1.1100259168,2,107,19,1
1,0.02,32,1,13,1.1141341434,2,109,16,1
1,0.02,33,1,14,1.1504165280,2,108,17,2
1,0.02,34,1,12,1.1358713102,2,110,14,2
1,0.02,35,1,12,1.1592264545,2,110,14,2
1,0.02,36,1,12,1.2355071826,2,110,14,2
1,0.02,37,1,17,0.9820340223,2,107,19,1
1,0.02,38,1,12,1.0388258759,2,91,16,1
1,0.02,39,1,9,1.0445112733,2,87,13,1
1,0.02,40,1,12,1.1929385709,2,110,14,2
1,0.02,41,1,11,0.1539745097,6,7,21,2
1,0.02,42,1,11,1.0049151212,2,111,13,1
1,0.02,43,1,18,1.1984799582,2,104,23,2
1,0.02,44,1,10,0.3769813036,6,5,15,1
1,0.02,45,1,12,1.1616812877,2,110,14,2
1,0.02,46,1,10,0.3519427949,5,5,15,1
1,0.02,47,1,12,1.1384581753,2,110,14,2
1,0.02,48,1,15,1.0587933861,2,108,17,2
1,0.02,49,1,12,0.0917051586,6,5,15,1
1,0.02,50,1,9,1.0981060321,2,111,13,1
1,0.02,51,1,12,1.1500740501,2,110,14,2
1,0.02,52,1,12,0.0481733713,8,9,26,1
1,0.02,53,1,12,1.1551007028,2,108,17,2
1,0.02,54,1,10,0.9893987571,2,112,11,2
1,0.02,55,1,10,0.0714133187,8,5,16,2
1,0.02,56,1,11,0.9652302264,2,89,14,2
1,0.02,57,1,12,1.1967231789,2,108,17,2
1,0.02,58,1,10,0.4955660933,5,5,15,1
1,0.02,59,1,15,1.2104622667,2,89,20,2
1,0.02,60,1,18,1.1225001405,2,104,23,2
1,0.02,61,1,11,1.1665194689,2,111,13,1
1,0.02,62,1,14,1.0291948654,2,109,16,1
1,0.02,63,1,12,0.1062964343,6,6,18,1
1,0.02,64,1,9,0.1050517127,8,4,12,1
1,0.02,65,1,13,1.1079521984,2,109,16,1
1,0.02,66,1,11,1.1370942928,2,96,14,2
1,0.02,67,1,11,1.2755958437,2,111,13,1
1,0.02,68,1,10,1.1629460804,2,112,11,2
1,0.02,69,1,10,0.8828491335,2,55,14,2
1,0.02,70,1,14,1.0258628098,2,109,16,1
1,0.02,71,1,9,0.2193744335,6,4,12,1
1,0.02,72,1,11,1.2529350282,2,111,13,1
1,0.02,73,1,12,1.1681422395,2,110,14,2
1,0.02,74,1,10,0.0393138669,7,9,27,2
1,0.02,75,1,9,0.3396255438,6,14,13,1
1,0.02,76,1,10,0.3799160686,6,5,15,1
1,0.02,77,1,12,0.7737059602,2,59,16,1
1,0.02,78,1,13,0.9972460162,2,109,16,1
1,0.02,79,1,13,1.1460315390,2,109,16,1
1,0.02,80,1,11,0.1998280287,6,5,15,2
1,0.02,81,1,12,1.1252479261,2,110,14,2
1,0.02,82,1,14,1.1589594886,2,109,16,1
1,0.02,83,1,13,0.7455858689,2,44,17,2
1,0.02,84,1,9,1.1702509107,2,112,11,2
1,0.02,85,1,12,1.1635201936,2,108,17,2
1,0.02,86,1,11,1.0126129870,2,111,13,1
1,0.02,87,1,8,0.6237733680,2,15,10,1
1,0.02,88,1,13,0.2186053953,7,6,18,1
1,0.02,89,1,13,1.1641704906,2,85,16,1
1,0.02,90,1,12,1.0965830213,2,110,14,2
1,0.02,91,1,8,1.0735757754,2,84,11,2
1,0.02,92,1,9,0.2379702934,6,4,12,1
1,0.02,93,1,11,1.0776384453,2,111,13,1
1,0.02,94,1,17,0.9353425805,2,85,22,1
1,0.02,95,1,12,1.1056400274,2,110,14,2
1,0.02,96,1,10,1.2324565479,2,112,11,2
1,0.02,97,1,11,1.2144246273,2,111,13,1
1,0.02,98,1,13,0.1864500104,8,6,17,2
1,0.02,99,1,13,0.6316944941,2,30,17,2
3,0.02,0,1,15,1.1140002851,2,108,5,6
3,0.02,1,1,14,1.2790133324,2,111,4,3
3,0.02,2,1,10,1.0939744786,2,90,4,3
3,0.02,3,1,15,1.1487396353,2,105,7,3
3,0.02,4,1,13,1.1113818249,2,111,4,3
3,0.02,5,1,13,1.1268542999,2,108,5,6
3,0.02,6,1,14,1.1519182121,2,111,4,3
3,0.02,7,1,17,1.1093871828,2,108,5,6
3,0.02,8,1,14,1.2351062597,2,111,4,3
3,0.02,9,1,10,1.0848545858,2,111,4,3
3,0.02,10,1,13,1.0113962210,2,78,5,6
3,0.02,11,1,10,1.0588902009,2,87,5,6
3,0.02,12,1,7,1.1529808564,2,99,4,3
3,0.02,13,1,13,1.1997360357,2,111,4,3
3,0.02,14,1,14,1.2218900368,2,111,4,3
3,0.02,15,1,9,0.9863054900,2,108,5,6
3,0.02,16,1,14,1.1490662484,2,111,4,3
3,0.02,17,1,10,1.0979116519,2,84,5,6
3,0.02,18,1,13,1.2219958098,2,111,4,3
3,0.02,19,1,9,0.8940642681,2,45,5,6
3,0.02,20,1,11,1.0962144567,2,111,4,3
3,0.02,21,1,15,1.2072862668,2,105,7,3
3,0.02,22,1,14,0.9475590682,2,111,4,3
3,0.02,23,1,10,1.0449403729,2,75,5,6
3,0.02,24,1,8,1.1200916919,2,111,4,3
3,0.02,25,1,10,1.0871527963,2,72,5,6
3,0.02,26,1,14,0.0789359028,9,12,7,3
3,0.02,27,1,9,0.8104611458,2,42,7,3
3,0.02,28,1,15,1.1297850900,2,105,7,3
3,0.02,29,1,17,1.1125881119,2,108,5,6
3,0.02,30,1,10,0.9416753590,2,78,5,6
3,0.02,31,1,15,1.1017237512,2,105,7,3
3,0.02,32,1,14,0.9785805150,2,72,7,3
3,0.02,33,1,14,1.1543794591,2,108,5,6
3,0.02,34,1,9,1.1345021841,2,108,5,6
3,0.02,35,1,12,1.1561196215,2,108,5,6
3,0.02,36,1,9,1.2343561664,2,108,5,6
3,0.02,37,1,15,0.9745890193,2,105,7,3
3,0.02,38,1,14,0.9976946724,2,84,7,3
3,0.02,39,1,7,1.0895805892,2,93,4,3
3,0.02,40,1,16,1.1891997073,2,108,5,6
3,0.02,41,1,13,1.0037537618,2,87,5,6
3,0.02,42,1,11,1.0049805649,2,111,4,3
3,0.02,43,1,17,1.2211855759,2,108,5,6
3,0.02,44,1,11,1.1893999066,2,111,4,3
3,0.02,45,1,9,1.1607711372,2,108,5,6
3,0.02,46,1,11,1.0369771399,2,111,4,3
3,0.02,47,1,13,1.0478362434,2,84,5,6
3,0.02,48,1,17,1.0597911296,2,108,5,6
3,0.02,49,1,8,1.1642213016,2,111,4,3
3,0.02,50,1,8,1.0984797981,2,111,4,3
3,0.02,51,1,9,1.1496160167,2,108,5,6
3,0.02,52,1,10,0.0623327701,8,12,12,3
3,0.02,53,1,16,1.1558296097,2,108,5,6
3,0.02,54,1,9,0.9316687117,2,93,5,6
3,0.02,55,1,10,1.1388433078,2,87,5,6
3,0.02,56,1,10,0.9444767400,2,84,5,6
3,0.02,57,1,16,1.1986128744,2,108,5,6
3,0.02,58,1,11,0.9672775665,2,90,4,3
3,0.02,59,1,16,1.2863487871,2,108,5,6
3,0.02,60,1,17,1.1427338763,2,108,5,6
3,0.02,61,1,11,1.1688225347,2,111,4,3
3,0.02,62,1,14,1.0339974481,2,111,4,3
3,0.02,63,1,9,0.9545146141,2,75,7,3
3,0.02,64,1,7,0.5616098396,3,24,4,3
3,0.02,65,1,14,0.8695773632,2,60,7,3
3,0.02,66,1,11,1.1793843578,2,108,5,6
3,0.02,67,1,11,1.2767743497,2,111,4,3
3,0.02,68,1,10,0.6724119968,2,30,5,6
3,0.02,69,1,9,0.8977419841,2,57,5,6
3,0.02,70,1,15,0.9771813345,2,93,7,3
3,0.02,71,1,7,1.0314664275,2,87,4,3
3,0.02,72,1,11,1.2549127709,2,111,4,3
3,0.02,73,1,16,1.1632795946,2,108,5,6
3,0.02,74,1,10,0.9667159377,2,87,5,6
3,0.02,75,1,7,0.8130844541,2,45,4,3
3,0.02,76,1,11,1.2281711717,2,111,4,3
3,0.02,77,1,14,1.0227243507,2,111,4,3
3,0.02,78,1,14,0.8959285737,2,78,7,3
3,0.02,79,1,11,1.1550558820,2,111,4,3
3,0.02,80,1,13,1.0587922718,2,87,5,6
3,0.02,81,1,9,1.1245859955,2,108,5,6
3,0.02,82,1,14,1.1644321671,2,111,4,3
3,0.02,83,1,12,1.1742917425,2,108,5,6
3,0.02,84,1,8,1.0542446011,2,72,5,6
3,0.02,85,1,9,1.1674445184,2,108,5,6
3,0.02,86,1,13,1.0121018427,2,111,4,3
3,0.02,87,1,7,0.6881835370,2,18,4,3
3,0.02,88,1,14,0.7066327777,2,36,7,3
3,0.02,89,1,11,1.2609797113,2,111,4,3
3,0.02,90,1,13,1.0915925897,2,108,5,6
3,0.02,91,1,10,0.9960893207,2,69,5,6
3,0.02,92,1,8,1.1023571518,2,96,4,3
3,0.02,93,1,13,1.0778495378,2,111,4,3
3,0.02,94,1,15,1.0125387533,2,105,7,3
3,0.02,95,1,10,1.1027949845,2,108,5,6
3,0.02,96,1,10,0.8052180832,2,27,5,6
3,0.02,97,1,14,1.2134462342,2,111,4,3
3,0.02,98,1,11,1.2146340708,2,108,5,6
3,0.02,99,1,11,1.0706094691,2,108,5,6
5,0.02,0,1,14,1.1240825302,2,110,2,10
5,0.02,1,1,10,1.2551223509,2,105,4,5
5,0.02,2,1,8,1.1427938151,2,115,1,5
5,0.02,3,1,9,1.1511119036,2,105,4,5
5,0.02,4,1,10,0.9610626219,2,80,4,5
5,0.02,5,1,14,1.1380759113,2,110,2,10
5,0.02,6,1,10,1.1302899591,2,105,4,5
5,0.02,7,1,14,1.1195777887,2,110,2,10
5,0.02,8,1,10,1.1115986439,2,85,4,5
5,0.02,9,1,8,1.0937289218,2,115,1,5
5,0.02,10,1,7,1.0804087078,2,95,2,25
5,0.02,11,1,14,1.1653440391,2,110,2,10
5,0.02,12,1,10,0.9951638512,2,70,4,5
5,0.02,13,1,8,1.2097600973,2,115,1,5
5,0.02,14,1,10,1.2018571672,2,105,4,5
5,0.02,15,1,12,0.9869759650,2,110,2,10
5,0.02,16,1,10,1.1316294451,2,105,4,5
5,0.02,17,1,14,1.2073254919,2,110,2,10
5,0.02,18,1,10,1.1651097025,2,95,4,5
5,0.02,19,1,12,1.1551280915,2,110,2,10
5,0.02,20,1,8,1.1034464288,2,115,1,5
5,0.02,21,1,9,1.2095328621,2,105,4,5
5,0.02,22,1,8,0.9539498238,2,115,1,5
5,0.02,23,1,7,1.1329343688,2,95,2,25
5,0.02,24,1,10,0.3489306051,6,20,4,5
5,0.02,25,1,7,1.2072633991,2,95,2,25
5,0.02,26,1,10,0.3924889851,4,25,4,5
5,0.02,27,1,10,0.8921472274,2,50,4,5
5,0.02,28,1,10,1.1319348207,2,105,4,5
5,0.02,29,1,14,1.1207446548,2,110,2,10
5,0.02,30,1,14,1.0576581441,2,110,2,10
5,0.02,31,1,10,1.1032068541,2,105,4,5
5,0.02,32,1,10,0.9992638787,2,75,4,5
5,0.02,33,1,13,1.1651803853,2,110,2,10
5,0.02,34,1,12,1.1402155423,2,110,2,10
5,0.02,35,1,13,1.1628390955,2,110,2,10
5,0.02,36,1,12,1.2432810687,2,110,2,10
5,0.02,37,1,10,0.9759967757,2,105,4,5
5,0.02,38,1,10,0.9377561211,2,75,4,5
5,0.02,39,1,8,1.1601990410,2,115,1,5
5,0.02,40,1,13,1.1945262300,2,110,2,10
5,0.02,41,1,14,1.0645762657,2,110,2,10
5,0.02,42,1,10,0.7881426330,2,65,4,5
5,0.02,43,1,14,1.2329115700,2,110,2,10
5,0.02,44,1,10,0.9140588691,2,65,4,5
5,0.02,45,1,12,1.1696630357,2,110,2,10
5,0.02,46,1,10,0.7806108307,2,65,4,5
5,0.02,47,1,10,1.1456552619,2,110,2,10
5,0.02,48,1,13,1.0654660175,2,110,2,10
5,0.02,49,1,10,0.0916544755,6,5,3,5
5,0.02,50,1,10,0.1068683326,8,5,3,5
5,0.02,51,1,12,1.1573292577,2,110,2,10
5,0.02,52,1,10,0.8495058542,2,85,4,5
5,0.02,53,1,13,1.1623390104,2,110,2,10
5,0.02,54,1,12,0.9910843225,2,110,2,10
5,0.02,55,1,14,1.2519449417,2,110,2,10
5,0.02,56,1,13,1.0572389830,2,110,2,10
5,0.02,57,1,13,1.2064207763,2,110,2,10
5,0.02,58,1,10,0.8126838080,2,65,4,5
5,0.02,59,1,14,1.2978608323,2,110,2,10
5,0.02,60,1,14,1.1529367079,2,110,2,10
5,0.02,61,1,8,1.1769172823,2,115,1,5
5,0.02,62,1,8,1.0400031350,2,115,1,5
5,0.02,63,1,10,0.9864574562,2,80,4,5
5,0.02,64,1,10,0.1383399255,8,5,3,5
5,0.02,65,1,10,1.0132906778,2,85,4,5
5,0.02,66,1,14,1.1893441848,2,110,2,10
5,0.02,67,1,8,1.2845668322,2,115,1,5
5,0.02,68,1,11,1.1614669984,2,110,2,10
5,0.02,69,1,12,1.0030182982,2,110,2,10
5,0.02,70,1,10,1.0155523946,2,105,4,5
5,0.02,71,1,10,0.2810294330,6,5,3,5
5,0.02,72,1,8,1.2655828087,2,115,1,5
5,0.02,73,1,13,1.1713649862,2,110,2,10
5,0.02,74,1,14,0.8480976627,2,70,5,10
5,0.02,75,1,10,0.1381824736,6,5,3,5
5,0.02,76,1,10,0.9846486200,2,70,4,5
5,0.02,77,1,10,1.0046330755,2,105,4,5
5,0.02,78,1,10,0.9451108561,2,90,4,5
5,0.02,79,1,10,0.9637616322,2,70,4,5
5,0.02,80,1,14,1.1633532793,2,110,2,10
5,0.02,81,1,12,1.1325100681,2,110,2,10
5,0.02,82,1,10,1.1458529862,2,105,4,5
5,0.02,83,1,14,1.1852118770,2,110,2,10
5,0.02,84,1,7,1.1444390730,2,95,2,25
5,0.02,85,1,12,1.1773038129,2,110,2,10
5,0.02,86,1,10,0.9141125676,2,85,4,5
5,0.02,87,1,8,1.1607365583,2,115,1,5
5,0.02,88,1,10,0.9687755510,2,70,4,5
5,0.02,89,1,9,1.0859327200,2,70,4,5
5,0.02,90,1,14,1.1006286631,2,110,2,10
5,0.02,91,1,7,1.1262959233,2,95,2,25
5,0.02,92,1,10,0.2717586889,6,5,3,5
5,0.02,93,1,8,1.0833191538,2,115,1,5
5,0.02,94,1,10,1.0143581788,2,105,4,5
5,0.02,95,1,13,1.1083452045,2,110,2,10
5,0.02,96,1,7,1.2104662924,2,95,2,25
5,0.02,97,1,10,1.1941822252,2,105,4,5
5,0.02,98,1,14,1.2273619578,2,110,2,10
5,0.02,99,1,14,1.0796588504,2,110,2,10
10,0.02,0,1,24,1.0937641645,2,100,2,20
10,0.02,1,1,14,1.2775102797,2,110,1,10
10,0.02,2,1,11,1.1383909627,2,110,1,10
10,0.02,3,1,13,1.1768961726,2,110,1,10
10,0.02,4,1,14,1.1122424551,2,110,1,10
10,0.02,5,1,24,1.1061537039,2,100,2,20
10,0.02,6,1,14,1.1518698941,2,110,1,10
10,0.02,7,1,23,1.0920702582,2,100,2,20
10,0.02,8,1,14,1.2376593413,2,110,1,10
10,0.02,9,1,12,1.0900538475,2,110,1,10
10,0.02,10,1,11,0.9446089631,2,60,2,60
10,0.02,11,1,24,1.1308561682,2,100,2,20
10,0.02,12,1,14,1.1940326566,2,110,1,10
10,0.02,13,1,11,1.2057156849,2,110,1,10
10,0.02,14,1,14,1.2211910206,2,110,1,10
10,0.02,15,1,21,0.9857115356,2,100,2,20
10,0.02,16,1,14,1.1493351745,2,110,1,10
10,0.02,17,1,23,1.1792169465,2,100,2,20
10,0.02,18,1,13,1.2231908568,2,110,1,10
10,0.02,19,1,21,1.1381310189,2,100,2,20
10,0.02,20,1,11,1.1024834343,2,110,1,10
10,0.02,21,1,14,1.2366054005,2,110,1,10
10,0.02,22,1,12,0.9532471739,2,110,1,10
10,0.02,23,1,11,0.9860318678,2,60,2,60
10,0.02,24,1,14,1.1223409387,2,110,1,10
10,0.02,25,1,11,1.0330523594,2,60,2,60
10,0.02,26,1,14,1.0140177867,2,110,1,10
10,0.02,27,1,14,1.1819918103,2,110,1,10
10,0.02,28,1,14,1.1544416708,2,110,1,10
10,0.02,29,1,22,1.1017398633,2,100,2,20
10,0.02,30,1,23,1.0381024373,2,100,2,20
10,0.02,31,1,14,1.1305708252,2,110,1,10
10,0.02,32,1,14,1.1258317149,2,110,1,10
10,0.02,33,1,12,1.0535817719,2,70,2,50
10,0.02,34,1,21,1.1292102956,2,100,2,20
10,0.02,35,1,22,1.1452154647,2,100,2,20
10,0.02,36,1,16,1.2301648527,2,100,2,20
10,0.02,37,1,14,1.0014132033,2,110,1,10
10,0.02,38,1,14,1.1210484832,2,110,1,10
10,0.02,39,1,12,1.1560267373,2,110,1,10
10,0.02,40,1,22,1.1756458171,2,100,2,20
10,0.02,41,1,23,1.0444185877,2,100,2,20
10,0.02,42,1,14,1.0056908459,2,110,1,10
10,0.02,43,1,23,1.1982780699,2,100,2,20
10,0.02,44,1,14,1.1873642847,2,110,1,10
10,0.02,45,1,21,1.1573645260,2,100,2,20
10,0.02,46,1,14,1.0346376406,2,110,1,10
10,0.02,47,1,11,0.9967209251,2,70,2,50
10,0.02,48,1,22,1.0462905089,2,100,2,20
10,0.02,49,1,14,1.1677412989,2,110,1,10
10,0.02,50,1,14,1.1007320639,2,110,1,10
10,0.02,51,1,21,1.1476922714,2,100,2,20
10,0.02,52,1,14,0.9668208844,2,110,1,10
10,0.02,53,1,22,1.1347034253,2,100,2,20
10,0.02,54,1,21,0.9755707314,2,100,2,20
10,0.02,55,1,23,1.2176429759,2,100,2,20
10,0.02,56,1,12,0.8814875749,2,70,2,50
10,0.02,57,1,21,1.1826300085,2,100,2,20
10,0.02,58,1,14,1.0460945343,2,110,1,10
10,0.02,59,1,23,1.2711897303,2,100,2,20
10,0.02,60,1,23,1.1275361564,2,100,2,20
10,0.02,61,1,11,1.1757976344,2,110,1,10
10,0.02,62,1,12,1.0391561909,2,110,1,10
10,0.02,63,1,14,1.1203081299,2,110,1,10
10,0.02,64,1,14,1.1398545471,2,110,1,10
10,0.02,65,1,14,1.1194755318,2,110,1,10
10,0.02,66,1,23,1.1633554556,2,100,2,20
10,0.02,67,1,11,1.2804259747,2,110,1,10
10,0.02,68,1,11,1.0297021981,2,70,2,50
10,0.02,69,1,21,0.9946141335,2,100,2,20
10,0.02,70,1,14,1.0343853353,2,110,1,10
10,0.02,71,1,14,1.1380209439,2,110,1,10
10,0.02,72,1,11,1.2614778994,2,110,1,10
10,0.02,73,1,16,1.1427137101,2,100,2,20
10,0.02,74,1,24,1.0393198561,2,100,2,20
10,0.02,75,1,14,1.0944040978,2,110,1,10
10,0.02,76,1,14,1.2278680158,2,110,1,10
10,0.02,77,1,14,1.0215514539,2,110,1,10
10,0.02,78,1,14,1.0079499168,2,110,1,10
10,0.02,79,1,14,1.1593957521,2,110,1,10
10,0.02,80,1,23,1.1313258494,2,100,2,20
10,0.02,81,1,21,1.1223719616,2,100,2,20
10,0.02,82,1,14,1.1659149970,2,110,1,10
10,0.02,83,1,23,1.1564753555,2,100,2,20
10,0.02,84,1,11,1.0135120748,2,60,2,60
10,0.02,85,1,21,1.1577315934,2,100,2,20
10,0.02,86,1,14,1.0127664913,2,110,1,10
10,0.02,87,1,11,1.1596519441,2,110,1,10
10,0.02,88,1,14,1.1016695844,2,110,1,10
10,0.02,89,1,13,1.2654610245,2,110,1,10
10,0.02,90,1,23,1.0704871105,2,100,2,20
10,0.02,91,1,11,0.9612271652,2,60,2,60
10,0.02,92,1,14,1.1486657755,2,110,1,10
10,0.02,93,1,11,1.0795400379,2,110,1,10
10,0.02,94,1,14,1.0402471764,2,110,1,10
10,0.02,95,1,22,1.0904950025,2,100,2,20
10,0.02,96,1,11,1.1044898983,2,60,2,60
10,0.02,97,1,14,1.2130939181,2,110,1,10
10,0.02,98,1,22,1.1914719251,2,100,2,20
10,0.02,99,1,23,1.0529103761,2,100,2,20
15,0.02,0,1,33,1.0536621677,2,90,2,30
15,0.02,1,1,18,1.2606221765,2,105,1,15
15,0.02,2,1,16,1.1321419694,2,105,1,15
15,0.02,3,1,18,1.1707787604,2,105,1,15
15,0.02,4,1,19,1.0978462294,2,105,1,15
15,0.02,5,1,33,1.0638476686,2,90,2,30
15,0.02,6,1,18,1.1391501835,2,105,1,15
15,0.02,7,1,32,1.0580265158,2,90,2,30
15,0.02,8,1,19,1.2236624586,2,105,1,15
15,0.02,9,1,16,1.0848822363,2,105,1,15
15,0.02,10,1,16,0.7429599495,2,30,2,90
15,0.02,11,1,33,1.0865509296,2,90,2,30
15,0.02,12,1,19,1.1821634229,2,105,1,15
15,0.02,13,1,16,1.1995895311,2,105,1,15
15,0.02,14,1,19,1.2062011773,2,105,1,15
15,0.02,15,1,31,0.9835795769,2,90,2,30
15,0.02,16,1,18,1.1395095184,2,105,1,15
15,0.02,17,1,33,1.1398987819,2,90,2,30
15,0.02,18,1,18,1.2090860888,2,105,1,15
15,0.02,19,1,17,1.0720594704,2,75,2,45
15,0.02,20,1,16,1.1005021616,2,105,1,15
15,0.02,21,1,18,1.2273043641,2,105,1,15
15,0.02,22,1,16,0.9515391582,2,105,1,15
15,0.02,23,1,16,0.7619998928,2,30,2,90
15,0.02,24,1,19,1.1094093360,2,105,1,15
15,0.02,25,1,16,0.7438403092,2,30,2,90
15,0.02,26,1,19,1.0043038843,2,105,1,15
15,0.02,27,1,18,1.1723604638,2,105,1,15
15,0.02,28,1,19,1.1436811671,2,105,1,15
15,0.02,29,1,23,1.0760601669,2,90,2,30
15,0.02,30,1,33,1.0120414305,2,90,2,30
15,0.02,31,1,19,1.1173921393,2,105,1,15
15,0.02,32,1,18,1.1178937208,2,105,1,15
15,0.02,33,1,16,0.9147294825,2,45,2,75
15,0.02,34,1,31,1.1116973651,2,90,2,30
15,0.02,35,1,31,1.1229742115,2,90,2,30
15,0.02,36,1,17,1.0952522811,2,45,2,75
15,0.02,37,1,18,0.9908526744,2,105,1,15
15,0.02,38,1,19,1.1068807108,2,105,1,15
15,0.02,39,1,16,1.1500345235,2,105,1,15
15,0.02,40,1,31,1.1512192127,2,90,2,30
15,0.02,41,1,33,1.0168921176,2,90,2,30
15,0.02,42,1,19,0.9947192659,2,105,1,15
15,0.02,43,1,33,1.1510741778,2,90,2,30
15,0.02,44,1,19,1.1718537935,2,105,1,15
15,0.02,45,1,31,1.1390728290,2,90,2,30
15,0.02,46,1,19,1.0207338739,2,105,1,15
15,0.02,47,1,16,0.8405007475,2,45,2,75
15,0.02,48,1,32,1.0208501223,2,90,2,30
15,0.02,49,1,18,1.1596561715,2,105,1,15
15,0.02,50,1,19,1.0860703750,2,105,1,15
15,0.02,51,1,31,1.1329891435,2,90,2,30
15,0.02,52,1,19,0.9560350268,2,105,1,15
15,0.02,53,1,32,1.0984159589,2,90,2,30
15,0.02,54,1,31,0.9545833141,2,90,2,30
15,0.02,55,1,32,1.1733397657,2,90,2,30
15,0.02,56,1,16,0.6978488758,2,45,2,75
15,0.02,57,1,31,1.1521471772,2,90,2,30
15,0.02,58,1,19,1.0330319545,2,105,1,15
15,0.02,59,1,26,1.2354111299,2,90,2,30
15,0.02,60,1,32,1.0940776108,2,90,2,30
15,0.02,61,1,16,1.1732497048,2,105,1,15
15,0.02,62,1,16,1.0370572184,2,105,1,15
15,0.02,63,1,19,1.1051266445,2,105,1,15
15,0.02,64,1,19,1.1304916896,2,105,1,15
15,0.02,65,1,18,1.1064028984,2,105,1,15
15,0.02,66,1,32,1.1287189802,2,90,2,30
15,0.02,67,1,16,1.2742433386,2,105,1,15
15,0.02,68,1,16,0.8711359275,2,45,2,75
15,0.02,69,1,31,0.9825972623,2,90,2,30
15,0.02,70,1,19,1.0258221277,2,105,1,15
15,0.02,71,1,19,1.1236215931,2,105,1,15
15,0.02,72,1,16,1.2553931806,2,105,1,15
15,0.02,73,1,17,0.8028928718,2,45,2,75
15,0.02,74,1,33,0.9967431054,2,90,2,30
15,0.02,75,1,18,1.0859927465,2,105,1,15
15,0.02,76,1,19,1.2138423641,2,105,1,15
15,0.02,77,1,19,1.0084974676,2,105,1,15
15,0.02,78,1,19,0.9991405762,2,105,1,15
15,0.02,79,1,19,1.1465815102,2,105,1,15
15,0.02,80,1,20,1.0888872369,2,90,2,30
15,0.02,81,1,31,1.1072974471,2,90,2,30
15,0.02,82,1,18,1.1557331903,2,105,1,15
15,0.02,83,1,31,1.1181373822,2,90,2,30
15,0.02,84,1,16,0.8300181951,2,30,2,90
15,0.02,85,1,31,1.1301880171,2,90,2,30
15,0.02,86,1,18,1.0010685676,2,105,1,15
15,0.02,87,1,16,1.1570297048,2,105,1,15
15,0.02,88,1,18,1.0945649643,2,105,1,15
15,0.02,89,1,17,1.2539384595,2,105,1,15
15,0.02,90,1,33,1.0312547800,2,90,2,30
15,0.02,91,1,16,0.7029965783,2,30,2,90
15,0.02,92,1,18,1.1374932962,2,105,1,15
15,0.02,93,1,16,1.0741531831,2,105,1,15
15,0.02,94,1,18,1.0280492984,2,105,1,15
15,0.02,95,1,31,1.0654214265,2,90,2,30
15,0.02,96,1,16,0.9021220601,2,30,2,90
15,0.02,97,1,19,1.2010442621,2,105,1,15
15,0.02,98,1,19,0.9300774264,2,60,2,60
15,0.02,99,1,31,1.0201203742,2,90,2,30
20,0.02,0,1,43,1.0041816852,2,80,2,40
20,0.02,1,1,23,1.2405578248,2,100,1,20
20,0.02,2,1,21,1.1242339394,2,100,1,20
20,0.02,3,1,22,1.1639052000,2,100,1,20
20,0.02,4,1,24,1.0811491530,2,100,1,20
20,0.02,5,1,22,0.8727425923,2,60,2,60
20,0.02,6,1,22,1.1245194865,2,100,1,20
20,0.02,7,1,42,1.0174684955,2,80,2,40
20,0.02,8,1,23,1.2065071338,2,100,1,20
20,0.02,9,1,21,1.0782780835,2,100,1,20
20,0.02,10,1,21,0.6281213145,2,20,2,100
20,0.02,11,1,43,1.0322788852,2,80,2,40
20,0.02,12,1,24,1.1674176640,2,100,1,20
20,0.02,13,1,21,1.1913621996,2,100,1,20
20,0.02,14,1,23,1.1878516160,2,100,1,20
20,0.02,15,1,41,0.9801054997,2,80,2,40
20,0.02,16,1,22,1.1283564011,2,100,1,20
20,0.02,17,1,43,1.0888943703,2,80,2,40
20,0.02,18,1,22,1.1926454188,2,100,1,20
20,0.02,19,1,21,0.8989178443,2,40,2,80
20,0.02,20,1,21,1.0974827074,2,100,1,20
20,0.02,21,1,23,1.2153573822,2,100,1,20
20,0.02,22,1,21,0.9487462698,2,100,1,20
20,0.02,23,1,21,0.6287958920,2,20,2,100
20,0.02,24,1,24,1.0942380905,2,100,1,20
20,0.02,25,1,21,0.2314605258,9,0,1,
20,0.02,26,1,24,0.9926111938,2,100,1,20
20,0.02,27,1,22,1.1612420439,2,100,1,20
20,0.02,28,1,24,1.1307176871,2,100,1,20
20,0.02,29,1,25,0.8308024869,2,40,2,80
20,0.02,30,1,43,0.9792680179,2,80,2,40
20,0.02,31,1,23,1.1024515012,2,100,1,20
20,0.02,32,1,23,1.1079645771,2,100,1,20
20,0.02,33,1,21,0.6258477114,2,20,2,100
20,0.02,34,1,41,1.0883252995,2,80,2,40
20,0.02,35,1,41,1.0957854597,2,80,2,40
20,0.02,36,1,21,0.9012144766,2,20,2,100
20,0.02,37,1,22,0.9786490504,2,100,1,20
20,0.02,38,1,23,1.0900417713,2,100,1,20
20,0.02,39,1,21,1.1425624360,2,100,1,20
20,0.02,40,1,41,1.1208864516,2,80,2,40
20,0.02,41,1,43,0.9817302097,2,80,2,40
20,0.02,42,1,24,0.9816209290,2,100,1,20
20,0.02,43,1,42,1.0914778197,2,80,2,40
20,0.02,44,1,24,1.1540253129,2,100,1,20
20,0.02,45,1,23,1.0629145016,2,60,2,60
20,0.02,46,1,24,1.0038802610,2,100,1,20
20,0.02,47,1,21,0.5770964258,3,20,2,100
20,0.02,48,1,41,0.9893258993,2,80,2,40
20,0.02,49,1,23,1.1496931544,2,100,1,20
20,0.02,50,1,23,1.0688259814,2,100,1,20
20,0.02,51,1,41,1.1137023227,2,80,2,40
20,0.02,52,1,24,0.9429663214,2,100,1,20
20,0.02,53,1,41,1.0536002660,2,80,2,40
20,0.02,54,1,41,0.9283660658,2,80,2,40
20,0.02,55,1,42,1.1189752051,2,80,2,40
20,0.02,56,1,21,0.4203794734,5,20,2,100
20,0.02,57,1,41,1.1148029893,2,80,2,40
20,0.02,58,1,24,1.0174855282,2,100,1,20
20,0.02,59,1,26,0.9336511994,2,40,2,80
20,0.02,60,1,23,1.0517905108,2,80,2,40
20,0.02,61,1,21,1.1692595303,2,100,1,20
20,0.02,62,1,21,1.0335635153,2,100,1,20
20,0.02,63,1,24,1.0873588616,2,100,1,20
20,0.02,64,1,23,1.1196779271,2,100,1,20
20,0.02,65,1,22,1.0911929095,2,100,1,20
20,0.02,66,1,42,1.0852171115,2,80,2,40
20,0.02,67,1,21,1.2661367311,2,100,1,20
20,0.02,68,1,21,0.5849456934,2,20,2,100
20,0.02,69,1,23,0.9671384564,2,80,2,40
20,0.02,70,1,24,1.0157383542,2,100,1,20
20,0.02,71,1,23,1.1062300300,2,100,1,20
20,0.02,72,1,21,1.2474273977,2,100,1,20
20,0.02,73,1,21,0.4631990182,4,20,2,100
20,0.02,74,1,43,0.9451125230,2,80,2,40
20,0.02,75,1,22,1.0763162214,2,100,1,20
20,0.02,76,1,23,1.1964976013,2,100,1,20
20,0.02,77,1,24,0.9936146947,2,100,1,20
20,0.02,78,1,24,0.9887601138,2,100,1,20
20,0.02,79,1,23,1.1316069421,2,100,1,20
20,0.02,80,1,22,0.8995147117,2,60,2,60
20,0.02,81,1,41,1.0877468854,2,80,2,40
20,0.02,82,1,22,1.1440552200,2,100,1,20
20,0.02,83,1,22,1.0697503333,2,80,2,40
20,0.02,84,1,21,0.2334503187,9,0,1,
20,0.02,85,1,41,1.0949707800,2,80,2,40
20,0.02,86,1,22,0.9879059260,2,100,1,20
20,0.02,87,1,21,1.1529245992,2,100,1,20
20,0.02,88,1,23,1.0859117320,2,100,1,20
20,0.02,89,1,22,1.2407865907,2,100,1,20
20,0.02,90,1,41,0.9834805288,2,80,2,40
20,0.02,91,1,21,0.5712665417,3,20,2,100
20,0.02,92,1,22,1.1247786182,2,100,1,20
20,0.02,93,1,21,1.0670750640,2,100,1,20
20,0.02,94,1,22,1.0142029520,2,100,1,20
20,0.02,95,1,23,1.0327274257,2,80,2,40
20,0.02,96,1,21,0.7513493902,2,20,2,100
20,0.02,97,1,23,1.1865247137,2,100,1,20
20,0.02,98,1,22,0.7237651101,2,40,2,80
20,0.02,99,1,23,0.8970514360,2,60,2,60
30,0.02,0,1,63,0.8756863149,2,60,2,60
30,0.02,1,1,33,1.1930995899,2,90,1,30
30,0.02,2,1,31,1.1042198096,2,90,1,30
30,0.02,3,1,31,1.1482746903,2,90,1,30
30,0.02,4,1,33,1.0407110598,2,90,1,30
30,0.02,5,1,31,0.5436865556,3,30,2,90
30,0.02,6,1,31,1.0913742401,2,90,1,30
30,0.02,7,1,61,0.9150127318,2,60,2,60
30,0.02,8,1,33,1.1641361983,2,90,1,30
30,0.02,9,1,31,1.0612031073,2,90,1,30
30,0.02,10,1,31,0.3444002499,9,0,1,
30,0.02,11,1,63,0.8942900904,2,60,2,60
30,0.02,12,1,33,1.1297680880,2,90,1,30
30,0.02,13,1,31,1.1696421328,2,90,1,30
30,0.02,14,1,33,1.1417802953,2,90,1,30
30,0.02,15,1,61,0.9675738436,2,60,2,60
30,0.02,16,1,31,1.1022252293,2,90,1,30
30,0.02,17,1,63,0.9500473435,2,60,2,60
30,0.02,18,1,31,1.1550530931,2,90,1,30
30,0.02,19,1,31,0.0960845564,9,0,1,
30,0.02,20,1,31,1.0885346039,2,90,1,30
30,0.02,21,1,33,1.1843873258,2,90,1,30
30,0.02,22,1,31,0.9399452104,2,90,1,30
30,0.02,23,1,31,0.3549140679,9,0,1,
30,0.02,24,1,33,1.0582137132,2,90,1,30
30,0.02,25,1,31,0.3597056244,9,0,1,
30,0.02,26,1,33,0.9639300660,2,90,1,30
30,0.02,27,1,31,1.1346180762,2,90,1,30
30,0.02,28,1,33,1.0985354171,2,90,1,30
30,0.02,29,1,32,0.0778415696,9,0,1,
30,0.02,30,1,35,0.8897578317,2,60,2,60
30,0.02,31,1,33,1.0688469013,2,90,1,30
30,0.02,32,1,33,1.0825707454,2,90,1,30
30,0.02,33,1,31,0.1452978724,9,0,1,
30,0.02,34,1,61,1.0219189578,2,60,2,60
30,0.02,35,1,61,1.0228478480,2,60,2,60
30,0.02,36,1,31,0.1534442822,9,0,1,
30,0.02,37,1,32,0.9499148261,2,90,1,30
30,0.02,38,1,33,1.0493761447,2,90,1,30
30,0.02,39,1,31,1.1241673135,2,90,1,30
30,0.02,40,1,35,1.0364101966,2,60,2,60
30,0.02,41,1,63,0.8849458909,2,60,2,60
30,0.02,42,1,34,0.9492971328,2,90,1,30
30,0.02,43,1,62,0.9375035581,2,60,2,60
30,0.02,44,1,33,1.1110114420,2,90,1,30
30,0.02,45,1,31,0.0494485332,9,0,1,
30,0.02,46,1,33,0.9630867700,2,90,1,30
30,0.02,47,1,31,0.1872692537,9,0,1,
30,0.02,48,1,61,0.9046023224,2,60,2,60
30,0.02,49,1,32,1.1251362038,2,90,1,30
30,0.02,50,1,33,1.0291661943,2,90,1,30
30,0.02,51,1,61,1.0607599902,2,60,2,60
30,0.02,52,1,34,0.9103373213,2,90,1,30
30,0.02,53,1,42,0.6519223830,2,30,2,90
30,0.02,54,1,35,0.8588768306,2,60,2,60
30,0.02,55,1,61,0.9811518864,2,60,2,60
30,0.02,56,1,31,0.1640486060,9,0,1,
30,0.02,57,1,61,1.0175882637,2,60,2,60
30,0.02,58,1,33,0.9803384409,2,90,1,30
30,0.02,59,1,32,0.0623741626,9,0,1,
30,0.02,60,1,31,0.6551759768,2,30,2,90
30,0.02,61,1,31,1.1578531391,2,90,1,30
30,0.02,62,1,31,1.0223591380,2,90,1,30
30,0.02,63,1,33,1.0453670597,2,90,1,30
30,0.02,64,1,33,1.0940167025,2,90,1,30
30,0.02,65,1,31,1.0572269683,2,90,1,30
30,0.02,66,1,61,0.9688172145,2,60,2,60
30,0.02,67,1,31,1.2452051026,2,90,1,30
30,0.02,68,1,31,0.1669223799,9,0,1,
30,0.02,69,1,31,0.8128356257,2,30,2,90
30,0.02,70,1,33,0.9912310760,2,90,1,30
30,0.02,71,1,33,1.0629742448,2,90,1,30
30,0.02,72,1,31,1.2269437301,2,90,1,30
30,0.02,73,1,31,0.1455879873,9,0,1,
30,0.02,74,1,63,0.8159254004,2,60,2,60
30,0.02,75,1,32,1.0533033257,2,90,1,30
30,0.02,76,1,33,1.1525859894,2,90,1,30
30,0.02,77,1,33,0.9585994111,2,90,1,30
30,0.02,78,1,33,0.9639520954,2,90,1,30
30,0.02,79,1,33,1.0962183545,2,90,1,30
30,0.02,80,1,31,0.0727994668,9,0,1,
30,0.02,81,1,61,1.0307123746,2,60,2,60
30,0.02,82,1,31,1.1162993981,2,90,1,30
30,0.02,83,1,31,0.6358197131,2,30,2,90
30,0.02,84,1,31,0.3647846051,9,0,1,
30,0.02,85,1,61,1.0007054764,2,60,2,60
30,0.02,86,1,31,0.9569781124,2,90,1,30
30,0.02,87,1,31,1.1410113802,2,90,1,30
30,0.02,88,1,33,1.0642709396,2,90,1,30
30,0.02,89,1,31,1.2100706632,2,90,1,30
30,0.02,90,1,42,0.0214847140,9,0,1,
30,0.02,91,1,31,0.3408788196,9,0,1,
30,0.02,92,1,31,1.0949955125,2,90,1,30
30,0.02,93,1,31,1.0486081266,2,90,1,30
30,0.02,94,1,31,0.9831889942,2,90,1,30
30,0.02,95,1,31,0.0402989978,9,0,1,
30,0.02,96,1,31,0.3442282236,9,0,1,
30,0.02,97,1,33,1.1503853411,2,90,1,30
30,0.02,98,1,31,0.1093559193,9,0,1,
30,0.02,99,1,31,0.0482040893,9,0,1,
40,0.02,0,1,83,0.6924201042,2,40,2,80
40,0.02,1,1,42,1.1357123465,2,80,1,40
40,0.02,2,1,41,1.0783554486,2,80,1,40
40,0.02,3,1,41,1.1295190898,2,80,1,40
40,0.02,4,1,43,0.9904696001,2,80,1,40
40,0.02,5,1,41,0.0779697250,9,0,1,
40,0.02,6,1,41,1.0519243520,2,80,1,40
40,0.02,7,1,81,0.7733953280,2,40,2,80
40,0.02,8,1,43,1.1111109088,2,80,1,40
40,0.02,9,1,41,1.0385403355,2,80,1,40
40,0.02,10,1,41,0.4416963404,7,0,1,
40,0.02,11,1,83,0.7045477408,2,40,2,80
40,0.02,12,1,43,1.0803138332,2,80,1,40
40,0.02,13,1,41,1.1410655347,2,80,1,40
40,0.02,14,1,43,1.0833596979,2,80,1,40
40,0.02,15,1,81,0.9414821386,2,40,2,80
40,0.02,16,1,41,1.0698211836,2,80,1,40
40,0.02,17,1,64,0.7478253263,2,40,2,80
40,0.02,18,1,41,1.1094002281,2,80,1,40
40,0.02,19,1,41,0.1508159490,9,0,1,
40,0.02,20,1,41,1.0753141337,2,80,1,40
40,0.02,21,1,43,1.1436853169,2,80,1,40
40,0.02,22,1,41,0.9273701673,2,80,1,40
40,0.02,23,1,41,0.4632149116,7,0,1,
40,0.02,24,1,43,1.0141737682,2,80,1,40
40,0.02,25,1,41,0.4675562569,6,0,1,
40,0.02,26,1,43,0.9275242243,2,80,1,40
40,0.02,27,1,41,1.1010606681,2,80,1,40
40,0.02,28,1,43,1.0570740535,2,80,1,40
40,0.02,29,1,41,0.1204636106,9,0,1,
40,0.02,30,1,42,0.0302941679,9,0,1,
40,0.02,31,1,42,1.0290729752,2,80,1,40
40,0.02,32,1,43,1.0490726186,2,80,1,40
40,0.02,33,1,41,0.1871762948,9,0,1,
40,0.02,34,1,45,0.9208013314,2,40,2,80
40,0.02,35,1,81,0.9104045659,2,40,2,80
40,0.02,36,1,41,0.2271796728,9,0,1,
40,0.02,37,1,41,0.9146658688,2,80,1,40
40,0.02,38,1,42,0.9990439255,2,80,1,40
40,0.02,39,1,41,1.1010296314,2,80,1,40
40,0.02,40,1,42,0.0283974384,9,0,1,
40,0.02,41,1,83,0.7388761074,2,40,2,80
40,0.02,42,1,43,0.9078120784,2,80,1,40
40,0.02,43,1,82,0.7268692706,2,40,2,80
40,0.02,44,1,43,1.0571633532,2,80,1,40
40,0.02,45,1,41,0.0844924067,9,0,1,
40,0.02,46,1,43,0.9124491198,2,80,1,40
40,0.02,47,1,41,0.2413762045,9,0,1,
40,0.02,48,1,81,0.7755580399,2,40,2,80
40,0.02,49,1,42,1.0940748155,2,80,1,40
40,0.02,50,1,42,0.9813659842,2,80,1,40
40,0.02,51,1,81,0.9829486251,2,40,2,80
40,0.02,52,1,43,0.8679146098,2,80,1,40
40,0.02,53,1,49,0.0352717354,9,0,1,
40,0.02,54,1,42,0.0275616106,9,0,1,
40,0.02,55,1,64,0.7940696983,2,40,2,80
40,0.02,56,1,41,0.2118551214,9,0,1,
40,0.02,57,1,43,0.8823408568,2,40,2,80
40,0.02,58,1,43,0.9345675472,2,80,1,40
40,0.02,59,1,41,0.1013635935,9,0,1,
40,0.02,60,1,41,0.0719048030,9,0,1,
40,0.02,61,1,41,1.1428379491,2,80,1,40
40,0.02,62,1,41,1.0064526063,2,80,1,40
40,0.02,63,1,43,0.9937516142,2,80,1,40
40,0.02,64,1,42,1.0622760783,2,80,1,40
40,0.02,65,1,41,1.0171218258,2,80,1,40
40,0.02,66,1,81,0.7986206052,2,40,2,80
40,0.02,67,1,41,1.2178487763,2,80,1,40
40,0.02,68,1,41,0.2207469228,9,0,1,
40,0.02,69,1,41,0.0589035594,9,0,1,
40,0.02,70,1,43,0.9598953690,2,80,1,40
40,0.02,71,1,43,1.0084956981,2,80,1,40
40,0.02,72,1,41,1.2011023311,2,80,1,40
40,0.02,73,1,41,0.2156875381,9,0,1,
40,0.02,74,1,83,0.6432553688,2,40,2,80
40,0.02,75,1,41,1.0246490441,2,80,1,40
40,0.02,76,1,43,1.0958942547,2,80,1,40
40,0.02,77,1,42,0.9165240256,2,80,1,40
40,0.02,78,1,42,0.9329308908,2,80,1,40
40,0.02,79,1,42,1.0528083867,2,80,1,40
40,0.02,80,1,41,0.1270433127,9,0,1,
40,0.02,81,1,43,0.9389802227,2,40,2,80
40,0.02,82,1,41,1.0816754998,2,80,1,40
40,0.02,83,1,41,0.0756288869,9,0,1,
40,0.02,84,1,41,0.4748733553,6,0,1,
40,0.02,85,1,81,0.8710800116,2,40,2,80
40,0.02,86,1,41,0.9187706350,2,80,1,40
40,0.02,87,1,41,1.1240182708,2,80,1,40
40,0.02,88,1,43,1.0362478947,2,80,1,40
40,0.02,89,1,41,1.1722694411,2,80,1,40
40,0.02,90,1,49,0.0363980965,9,0,1,
40,0.02,91,1,41,0.4347628946,7,0,1,
40,0.02,92,1,41,1.0584102871,2,80,1,40
40,0.02,93,1,41,1.0246756932,2,80,1,40
40,0.02,94,1,41,0.9470599402,2,80,1,40
40,0.02,95,1,41,0.0654099115,9,0,1,
40,0.02,96,1,41,0.4417514109,7,0,1,
40,0.02,97,1,43,1.1042430323,2,80,1,40
40,0.02,98,1,41,0.1715601561,9,0,1,
40,0.02,99,1,41,0.0775494453,9,0,1,
60,0.02,0,0,,0.0068137811,9,0,1,
60,0.02,1,1,61,0.9927218796,2,60,1,60
60,0.02,2,1,61,1.0073017619,2,60,1,60
60,0.02,3,1,61,1.0785841749,2,60,1,60
60,0.02,4,1,63,0.8610529044,2,60,1,60
60,0.02,5,1,61,0.1318737781,9,0,1,
60,0.02,6,1,61,0.9525745890,2,60,1,60
60,0.02,7,0,,0.0077476073,9,0,1,
60,0.02,8,1,63,0.9733425490,2,60,1,60
60,0.02,9,1,61,0.9731158821,2,60,1,60
60,0.02,10,1,61,0.5848133979,5,0,1,
60,0.02,11,1,63,0.0150271066,9,0,1,
60,0.02,12,1,63,0.9447994871,2,60,1,60
60,0.02,13,1,61,1.0608867884,2,60,1,60
60,0.02,14,1,63,0.9311346464,2,60,1,60
60,0.02,15,0,,0.0000000000,9,0,1,
60,0.02,16,1,61,0.9804523226,2,60,1,60
60,0.02,17,1,70,0.0275813114,8,0,1,
60,0.02,18,1,61,0.9937082861,2,60,1,60
60,0.02,19,1,61,0.2468803910,7,0,1,
60,0.02,20,1,61,1.0320020924,2,60,1,60
60,0.02,21,1,62,1.0318961821,2,60,1,60
60,0.02,22,1,61,0.8902908092,2,60,1,60
60,0.02,23,1,61,0.6313617586,4,0,1,
60,0.02,24,1,63,0.9000910480,2,60,1,60
60,0.02,25,1,61,0.6334135793,4,0,1,
60,0.02,26,1,63,0.8283407521,2,60,1,60
60,0.02,27,1,61,1.0079924040,2,60,1,60
60,0.02,28,1,63,0.9414022939,2,60,1,60
60,0.02,29,1,61,0.1994692578,8,0,1,
60,0.02,30,1,61,0.0816794723,9,0,1,
60,0.02,31,1,61,0.9300595016,2,60,1,60
60,0.02,32,1,63,0.9535266691,2,60,1,60
60,0.02,33,1,61,0.2487280725,8,0,1,
60,0.02,34,1,62,0.0303202039,9,0,1,
60,0.02,35,1,69,0.0208376626,9,0,1,
60,0.02,36,1,61,0.3500683448,6,0,1,
60,0.02,37,1,61,0.8234952318,2,60,1,60
60,0.02,38,1,61,0.8703469568,2,60,1,60
60,0.02,39,1,61,1.0385488735,2,60,1,60
60,0.02,40,1,61,0.0747409114,9,0,1,
60,0.02,41,1,71,0.0153714109,9,0,1,
60,0.02,42,1,63,0.7934664440,2,60,1,60
60,0.02,43,0,,0.0000000000,9,0,1,
60,0.02,44,1,63,0.9162224445,2,60,1,60
60,0.02,45,1,61,0.1532304650,8,0,1,
60,0.02,46,1,63,0.7835839440,2,60,1,60
60,0.02,47,1,61,0.3206921168,8,0,1,
60,0.02,48,0,,0.0097343838,9,0,1,
60,0.02,49,1,61,1.0086417553,2,60,1,60
60,0.02,50,1,61,0.8618965243,2,60,1,60
60,0.02,51,0,,0.0000000000,9,0,1,
60,0.02,52,1,63,0.7521885936,2,60,1,60
60,0.02,53,1,67,0.0599278096,8,0,1,
60,0.02,54,1,61,0.0685342484,9,0,1,
60,0.02,55,1,68,0.0285032822,9,0,1,
60,0.02,56,1,61,0.2826684753,8,0,1,
60,0.02,57,1,61,0.0522294466,9,0,1,
60,0.02,58,1,63,0.8185650924,2,60,1,60
60,0.02,59,1,61,0.1761643121,8,0,1,
60,0.02,60,1,61,0.1225912641,8,0,1,
60,0.02,61,1,61,1.0985315039,2,60,1,60
60,0.02,62,1,61,0.9570239687,2,60,1,60
60,0.02,63,1,63,0.8624072751,2,60,1,60
60,0.02,64,1,62,0.9755646309,2,60,1,60
60,0.02,65,1,61,0.9179651976,2,60,1,60
60,0.02,66,0,,0.0025467731,9,0,1,
60,0.02,67,1,61,1.1405406740,2,60,1,60
60,0.02,68,1,61,0.3105620960,8,0,1,
60,0.02,69,1,61,0.1008269155,9,0,1,
60,0.02,70,1,63,0.8709816671,2,60,1,60
60,0.02,71,1,63,0.8683533773,2,60,1,60
60,0.02,72,1,61,1.1314816410,2,60,1,60
60,0.02,73,1,61,0.3333752612,8,0,1,
60,0.02,74,0,,0.0000000000,9,0,1,
60,0.02,75,1,61,0.9450865584,2,60,1,60
60,0.02,76,1,63,0.9447281741,2,60,1,60
60,0.02,77,1,62,0.8113306193,2,60,1,60
60,0.02,78,1,61,0.8472350757,2,60,1,60
60,0.02,79,1,62,0.9385282234,2,60,1,60
60,0.02,80,1,61,0.2338337363,8,0,1,
60,0.02,81,1,61,0.0364371383,9,0,1,
60,0.02,82,1,61,0.9857984563,2,60,1,60
60,0.02,83,1,61,0.1256166213,8,0,1,
60,0.02,84,1,61,0.6428521824,4,0,1,
60,0.02,85,0,,0.0000000000,9,0,1,
60,0.02,86,1,61,0.8195618274,2,60,1,60
60,0.02,87,1,61,1.0703530053,2,60,1,60
60,0.02,88,1,62,0.9568447121,2,60,1,60
60,0.02,89,1,61,1.0694494678,2,60,1,60
60,0.02,90,1,67,0.0614758323,8,0,1,
60,0.02,91,1,61,0.5701250564,5,0,1,
60,0.02,92,1,61,0.9625603285,2,60,1,60
60,0.02,93,1,61,0.9583875916,2,60,1,60
60,0.02,94,1,61,0.8597484107,2,60,1,60
60,0.02,95,1,61,0.1101153030,8,0,1,
60,0.02,96,1,61,0.5858942718,5,0,1,
60,0.02,97,1,62,0.9771719425,2,60,1,60
60,0.02,98,1,61,0.2859474447,8,0,1,
60,0.02,99,1,61,0.1287317139,8,0,1,
